RAT,Popularity,BS,IGS,PAC,SHO,Price_num
99,3080,525,2557,96,97,2880000.0
99,4143,515,2499,97,99,9800000.0
99,2757,513,2506,95,98,5950000.0
99,1257,520,2497,99,98,8330000.0
99,3726,561,2722,92,96,1740000.0
99,993,534,2559,97,99,1390000.0
99,1137,560,1064,99,95,29000.0
99,4554,542,2583,99,99,1260000.0
99,879,537,2581,97,99,1390000.0
99,4193,581,2812,95,97,1210000.0
99,2735,523,2478,99,96,596500.0
99,3015,541,2611,99,99,1100000.0
99,2079,566,2693,94,83,116600.0
99,3597,575,2738,94,93,758600.0
99,1696,557,2643,99,95,125000.0
99,1308,534,2523,99,94,125000.0
99,694,548,2666,95,99,958300.0
98,4411,516,2513,95,96,1190000.0
98,5945,504,2469,93,98,837000.0
98,1567,505,2455,94,97,579000.0
98,1168,510,2470,94,98,282000.0
98,1940,540,2586,98,95,385000.0
98,310,550,2640,86,94,2720000.0
98,2634,524,2513,98,94,2640000.0
98,1578,551,2628,93,83,1140000.0
98,882,550,1093,97,96,27000.0
98,1494,541,2609,99,97,287000.0
98,3115,538,2594,99,99,928900.0
98,1031,516,2522,96,98,1280000.0
98,1060,525,2564,97,98,214000.0
98,1259,575,2755,96,96,300000.0
98,635,525,2542,99,93,86500.0
98,1184,548,2635,94,92,134150.0
98,1074,513,2382,96,49,152750.0
97,4961,508,2449,92,97,164000.0
97,3677,512,2455,99,96,3370000.0
97,2431,538,2593,85,94,198000.0
97,1731,538,2581,86,92,260000.0
97,3545,498,2393,97,96,1310000.0
97,2322,542,2603,84,92,35000.0
97,1899,522,2457,97,97,248000.0
97,2126,559,2647,90,90,157000.0
97,1909,539,2536,94,88,26000.0
97,3033,509,2473,90,99,48000.0
97,783,510,2455,93,96,258000.0
97,2629,542,2643,87,87,26750.0
97,1525,510,2440,99,97,1620000.0
97,1793,510,2409,99,93,170000.0
97,1506,522,2461,99,97,30500.0
97,106,510,2440,99,97,3990000.0
97,187,522,2457,97,97,690000.0
97,347,509,2473,90,99,105000.0
97,1137,542,2615,96,93,40000.0
97,1193,536,2557,97,92,369000.0
97,1065,558,2682,93,86,68500.0
97,1318,538,2576,90,80,258000.0
97,1330,540,2592,95,97,112000.0
97,694,529,2559,97,94,600000.0
97,722,531,2554,95,97,400000.0
97,4604,560,2691,97,90,397750.0
97,1134,542,2620,97,93,60000.0
97,1769,571,2726,93,94,942000.0
97,740,520,2507,96,94,170000.0
97,1081,523,2528,99,94,310000.0
97,992,536,2588,96,97,1010000.0
97,3249,567,2672,97,92,330250.0
97,814,531,1056,95,98,24000.0
97,1014,558,2711,91,85,180000.0
97,2774,569,2752,93,94,390850.0
97,865,568,2745,95,95,29500.0
97,1329,544,2625,97,96,170000.0
97,-1107,545,2671,94,92,132700.0
97,934,520,2466,99,94,315650.0
97,478,564,2671,92,90,24250.0
97,805,522,2484,95,72,92500.0
97,-121,535,2594,96,96,192450.0
97,-167,553,1384,98,95,108450.0
97,-175,542,2601,94,96,174500.0
97,406,522,2515,99,94,90850.0
97,274,555,2598,99,93,90850.0
97,-976,550,2640,93,77,63250.0
97,-955,537,2531,99,96,118550.0
97,241,518,2409,94,50,139550.0
97,-446,566,2682,95,89,139550.0
96,4365,489,2341,97,95,1090000.0
96,2187,529,2548,85,92,296000.0
96,1318,510,2475,96,94,1420000.0
96,3347,522,1002,90,95,150000.0
96,604,507,2400,88,65,550000.0
96,3860,533,2602,85,86,147000.0
96,3456,514,2418,96,96,260000.0
96,1314,515,2469,96,95,88500.0
96,2658,496,2295,88,48,53500.0
96,2049,538,2585,86,80,25000.0
96,1704,512,2391,90,68,74500.0
96,7828,494,2399,94,98,290000.0
96,2274,494,2425,95,93,285000.0
96,1678,513,2447,98,91,90000.0
96,1287,555,2656,91,88,32500.0
96,1587,530,2533,98,95,30000.0
96,620,545,2612,93,96,17000.0
96,1309,508,2455,98,95,19750.0
96,814,513,2485,97,92,91500.0
96,579,513,2485,97,92,80000.0
96,1269,549,2606,91,81,72000.0
96,-985,540,2553,90,81,509000.0
96,675,556,2698,91,87,26250.0
96,915,541,2595,94,91,54000.0
96,286,554,2625,91,91,180000.0
96,3120,510,2441,96,97,574150.0
96,809,503,2325,94,45,216000.0
96,2162,500,2444,99,92,371650.0
96,815,553,2615,91,88,88500.0
96,1026,548,2679,96,94,109000.0
96,1589,522,2473,96,96,199200.0
96,2602,484,2204,91,42,136100.0
96,1610,509,2334,94,56,422500.0
96,694,547,2591,96,80,96500.0
96,662,526,2522,97,92,66500.0
96,-225,520,2486,94,91,154650.0
96,-2099,513,2508,98,99,880850.0
96,743,555,2626,99,89,26500.0
96,495,558,2653,92,90,23500.0
96,631,530,2578,91,94,26000.0
96,841,532,2581,97,96,50000.0
96,1666,528,2561,95,95,135850.0
96,2124,514,2492,96,96,105700.0
96,1051,519,2399,94,64,41000.0
96,729,505,2461,97,94,24750.0
96,262,527,2516,96,97,25750.0
96,209,557,2678,97,85,29750.0
96,372,525,2452,95,94,42500.0
96,408,533,2565,98,97,25000.0
96,169,526,2531,98,98,22000.0
96,-763,535,2533,93,70,655100.0
96,-347,549,2577,99,96,128350.0
96,116,570,2697,94,92,78450.0
95,2314,505,2452,96,93,400000.0
95,1277,487,2325,95,94,1390000.0
95,-1057,546,2587,88,88,110000.0
95,4394,495,2369,94,91,1900000.0
95,1629,476,2326,89,95,70500.0
95,3041,498,2434,89,97,145000.0
95,1752,489,2367,89,95,20000.0
95,1094,472,2233,84,51,42500.0
95,887,512,2473,84,82,51000.0
95,1489,477,2333,88,96,19750.0
95,1295,520,2479,89,86,69500.0
95,2058,525,2550,93,93,21000.0
95,2070,526,2525,99,95,188000.0
95,3620,515,2483,90,98,29000.0
95,1355,536,2538,97,91,20750.0
95,878,505,2431,96,90,35000.0
95,1778,546,2584,90,90,19750.0
95,573,509,2400,91,61,150000.0
95,1490,535,2523,92,83,44250.0
95,1877,498,2364,99,90,360000.0
95,1266,523,2514,96,92,19000.0
95,1187,507,2365,90,64,25750.0
95,1174,550,2666,90,88,32500.0
95,1040,518,2509,95,95,32000.0
95,1013,502,2475,92,95,48250.0
95,6343,547,2589,87,87,229750.0
95,950,518,2474,99,90,18500.0
95,3731,541,2593,95,83,161750.0
95,2024,545,2604,95,92,349800.0
95,1572,500,2415,95,97,31000.0
95,2235,556,2668,91,87,24750.0
95,1316,534,2541,93,96,20500.0
95,834,532,2541,86,80,30500.0
95,663,536,2566,93,90,27000.0
95,1011,551,2641,88,85,29500.0
95,628,553,2651,93,87,28000.0
95,677,504,2417,95,96,25000.0
95,3900,529,2511,94,96,19750.0
95,680,550,2563,96,81,54000.0
95,308,500,2304,91,60,1670000.0
95,530,556,2679,93,86,30500.0
95,201,516,2455,98,92,82250.0
95,2480,522,2519,93,92,103650.0
95,783,489,2392,97,92,24500.0
95,599,547,2564,96,82,35000.0
95,881,524,2537,94,98,22500.0
95,1654,524,2544,92,99,180750.0
95,512,561,2695,93,91,24000.0
95,665,511,2417,92,60,40000.0
95,639,549,2616,97,92,19500.0
95,866,557,2674,93,90,19750.0
95,-203,530,2545,97,94,47600.0
95,72,560,2690,93,89,46700.0
95,293,506,2456,96,95,19500.0
95,287,532,2570,95,96,21000.0
95,396,532,2548,91,67,20000.0
95,657,549,2586,99,80,85050.0
95,2253,564,2670,95,92,221150.0
94,2882,492,2396,91,96,108000.0
94,1783,510,1320,95,89,289000.0
94,1502,476,2301,90,87,150000.0
94,2137,465,2140,86,56,219000.0
94,2968,486,2328,92,90,1400000.0
94,4078,485,2321,93,93,630000.0
94,3499,512,2474,82,90,209000.0
94,1723,482,2351,81,94,70000.0
94,2027,474,2337,85,92,421000.0
94,1224,493,2338,99,92,2230000.0
94,1592,501,2362,90,60,106000.0
94,3052,536,2514,98,80,140000.0
94,2268,519,2528,91,88,80500.0
94,1270,455,2096,80,46,120000.0
94,4070,519,2518,92,92,25000.0
94,1788,499,2409,94,92,89500.0
94,1410,533,2585,90,90,73000.0
94,1687,513,2492,89,93,74000.0
94,737,507,2444,79,91,41000.0
94,1446,484,2359,88,94,18000.0
94,1839,488,2341,95,92,19250.0
94,806,524,2522,82,93,25500.0
94,797,464,2262,93,92,18500.0
94,1365,476,2321,92,94,37500.0
94,766,528,2526,85,93,30000.0
94,1983,515,2453,84,80,27000.0
94,1838,493,2356,93,95,23750.0
94,1783,491,2258,90,58,23000.0
94,690,509,2409,94,95,18500.0
94,537,535,2560,86,83,24250.0
94,2681,505,2383,99,89,27000.0
94,1852,534,2620,95,92,20000.0
94,1412,517,1092,92,91,29000.0
94,433,516,2480,95,94,18500.0
94,1179,504,2465,92,94,26500.0
94,905,498,2329,88,55,29000.0
94,2595,509,2411,95,95,29750.0
94,1482,536,2603,90,78,18000.0
94,1474,540,2531,99,80,37250.0
94,1141,551,2604,90,90,30000.0
94,1466,485,2236,90,60,28000.0
94,-2780,512,2432,93,90,632650.0
94,748,527,2520,93,94,18500.0
94,186,515,2479,96,91,19750.0
94,-1506,494,2360,94,89,300350.0
94,1372,533,2508,98,93,22500.0
94,1128,505,2364,91,70,17750.0
94,574,525,2532,88,70,18500.0
94,6640,550,2656,90,89,196050.0
94,4786,523,2489,95,93,194100.0
94,1058,526,2513,97,92,220450.0
94,2760,527,2521,94,96,31250.0
94,721,528,2538,94,90,30000.0
94,6128,535,2588,92,95,96250.0
94,149,535,2552,95,94,507800.0
94,505,539,2541,98,82,27500.0
94,1032,530,2540,94,88,20000.0
94,1398,536,2563,95,91,183900.0
94,2307,551,2628,92,88,138850.0
94,422,514,2504,91,95,30000.0
94,1108,504,2452,97,94,452400.0
94,1294,544,2617,90,92,300050.0
94,412,541,2529,92,82,269000.0
94,210,530,2506,98,89,290000.0
94,1187,531,2582,94,96,263200.0
94,442,547,2586,95,88,24250.0
94,-451,555,2674,93,92,75700.0
94,-404,502,2436,96,95,55200.0
93,3550,500,2324,90,66,150000.0
93,1859,510,2476,89,93,121000.0
93,2187,491,2398,94,94,110000.0
93,-81,444,2131,70,49,70500.0
93,1472,491,2370,93,91,79500.0
93,688,525,2544,89,89,100000.0
93,244,456,2231,83,94,110000.0
93,2372,529,2566,86,91,490000.0
93,1724,491,2332,94,91,120000.0
93,1718,493,2391,81,80,111000.0
93,-691,486,2306,98,91,1270000.0
93,738,474,2295,90,87,320000.0
93,-54,496,2378,93,92,59500.0
93,1513,506,2382,90,66,68000.0
93,2030,505,2466,82,84,112000.0
93,7074,486,2363,93,94,674600.0
93,14473,524,2555,91,93,114250.0
93,4016,492,2366,94,88,705200.0
93,536,499,2407,77,90,42500.0
93,1133,491,2390,95,87,29750.0
93,750,495,2372,93,92,35000.0
93,1341,473,2216,85,44,26250.0
93,69,480,2345,88,97,18750.0
93,-20579,487,2310,98,91,4860000.0
93,2980,488,2370,90,92,863000.0
93,2238,485,2324,92,88,137000.0
93,772,473,2289,90,90,83000.0
93,7442,518,2462,83,74,216800.0
93,827,468,2270,90,90,34000.0
93,1641,522,1359,94,91,22500.0
93,3719,469,2291,85,84,127250.0
93,899,523,2452,85,82,77000.0
93,1369,492,2331,82,71,18500.0
93,2769,485,2358,90,93,270350.0
93,2071,537,2567,95,90,25000.0
93,2752,481,2347,98,89,32250.0
93,1317,503,2421,94,92,19250.0
93,2190,537,2548,85,85,22000.0
93,2780,528,2506,96,90,27500.0
93,2001,522,2457,98,87,22500.0
93,202,471,2272,83,92,55000.0
93,3442,516,2482,95,90,332200.0
93,483,505,2429,86,90,17750.0
93,-766,498,2366,94,91,211600.0
93,1344,522,2520,91,95,27750.0
93,1188,490,2242,92,53,19000.0
93,1331,542,2549,94,85,19750.0
93,832,539,2545,87,82,21250.0
93,2093,517,2391,96,65,29250.0
93,1384,542,2536,95,87,15000.0
93,424,515,2482,94,90,20000.0
93,158,536,945,89,95,29000.0
93,1535,536,2528,98,83,23750.0
93,831,520,2486,99,91,27500.0
93,1088,519,2462,93,72,72000.0
93,461,509,980,94,90,29750.0
93,1877,506,2461,93,90,15000.0
93,892,485,2242,90,60,17000.0
93,241,501,2352,93,94,17750.0
93,-1865,524,2466,99,92,575200.0
93,2824,522,2530,90,93,510100.0
93,223,522,2516,99,94,14000.0
93,951,523,2465,90,74,59350.0
93,5109,549,2644,90,87,140900.0
93,1879,538,2513,98,80,16000.0
93,991,523,2503,88,80,15000.0
93,630,515,2482,86,75,16750.0
93,-217,522,2509,90,75,91850.0
93,1541,551,2631,91,88,102250.0
93,3366,523,2544,89,76,52800.0
93,409,509,2457,95,93,19500.0
93,414,526,2527,95,91,25000.0
93,682,540,2562,95,80,28000.0
93,-609,519,2457,87,80,48450.0
93,497,527,2497,90,77,27950.0
93,51,555,2643,94,91,690000.0
93,332,535,2518,99,79,190000.0
93,176,481,2291,90,93,27500.0
93,401,492,2365,98,91,38000.0
93,-651,487,2295,90,50,50600.0
93,-442,540,2570,94,91,161950.0
93,246,511,2468,93,95,158700.0
93,1889,524,2430,95,74,67000.0
93,-949,506,2424,99,92,58800.0
93,-149,543,2580,90,81,30900.0
92,410,466,2265,83,92,87000.0
92,86,426,1939,72,42,86000.0
92,323,477,2347,73,80,76000.0
92,-243,471,2318,68,64,93000.0
92,612,501,2464,80,87,74000.0
92,292,466,2272,84,91,88000.0
92,1775,465,2245,94,90,90000.0
92,651,434,2065,80,43,140000.0
92,2686,489,2373,89,95,83000.0
92,-109,450,2161,88,91,94000.0
92,1286,499,2407,92,93,130000.0
92,574,476,2312,92,93,115000.0
92,567,493,2312,86,63,84500.0
92,362,463,2271,90,92,79500.0
92,981,482,2283,92,88,72500.0
92,1208,470,2275,90,86,110000.0
92,1995,456,2115,82,56,92500.0
92,325,500,1300,92,87,125000.0
92,756,474,2297,88,92,120000.0
92,1810,489,2358,95,93,80000.0
92,743,455,2237,84,93,79000.0
92,1103,491,2374,75,89,30000.0
92,944,486,2337,93,87,42500.0
92,4567,458,2262,82,90,743100.0
92,2,478,2263,98,90,400000.0
92,-2868,466,2279,77,92,324550.0
92,1122,496,2348,91,58,22300.0
92,2064,515,2442,94,87,69500.0
92,519,483,2322,93,87,100000.0
92,833,471,2197,83,61,340000.0
92,847,516,2505,88,87,797000.0
92,218,513,1355,93,89,110000.0
92,1967,518,2493,83,89,75000.0
92,2282,482,2232,85,52,99000.0
92,2164,499,937,87,91,86000.0
92,-8488,478,2265,98,90,2120000.0
92,982,493,2407,86,95,35000.0
92,11311,513,2480,80,83,411750.0
92,2242,498,2398,90,91,14500.0
92,1431,501,2359,87,84,28000.0
92,962,526,2495,85,87,20250.0
92,2829,528,2571,85,85,24000.0
92,1025,526,2552,86,78,56500.0
92,1264,460,2267,83,90,229000.0
92,3671,485,2301,95,91,14000.0
92,1867,514,2468,93,91,75000.0
92,322,484,2341,68,77,29750.0
92,1651,506,2424,92,90,14000.0
92,616,487,2347,88,94,37500.0
92,1326,518,2535,80,89,125000.0
92,582,470,2266,87,93,125000.0
92,3445,461,2274,84,94,106000.0
92,-5836,503,2381,81,76,905050.0
92,1518,476,2238,99,87,199000.0
92,937,517,2497,81,87,120000.0
92,1516,504,2431,90,93,65000.0
92,1814,456,2120,84,53,70000.0
92,398,463,2235,81,90,42500.0
92,1807,502,2423,88,73,18250.0
92,1509,515,2489,93,84,21500.0
92,989,455,2129,85,50,20250.0
92,1187,503,2425,92,95,13000.0
92,7039,491,2300,94,92,175700.0
92,-7087,527,2519,87,88,629900.0
92,503,506,2414,90,93,17000.0
92,2867,486,2251,88,60,393500.0
92,1185,533,2567,88,81,17000.0
92,921,511,2502,90,73,30000.0
92,396,504,2409,90,87,25000.0
92,1916,489,2233,87,53,18000.0
92,705,528,2556,91,82,30000.0
92,3689,501,2401,92,90,201900.0
92,458,503,2412,95,86,15500.0
92,829,486,2300,96,90,21500.0
92,3268,516,1081,91,90,83800.0
92,3950,480,2259,86,56,249600.0
92,608,509,933,93,91,16000.0
92,2151,529,2467,99,75,17000.0
92,1212,527,2472,99,76,19000.0
92,501,495,2378,87,94,19000.0
92,1504,495,2349,95,90,18250.0
92,704,529,2547,93,90,55650.0
92,-1445,513,2440,98,88,403700.0
92,600,531,2484,92,90,17250.0
92,706,532,2498,95,82,17000.0
92,215,517,2434,94,66,16250.0
92,427,495,2389,95,90,21500.0
92,1314,535,2492,88,82,17000.0
92,738,518,2418,90,66,15750.0
92,1026,549,2614,93,90,32250.0
92,2274,498,2349,97,92,59050.0
92,262,521,2505,95,91,19000.0
92,-371,501,2430,92,94,17000.0
92,161,534,2578,87,88,169600.0
92,2341,538,2577,87,90,216850.0
92,1678,499,2390,93,94,170350.0
92,993,538,2582,90,85,17750.0
92,1002,468,2153,92,48,18000.0
92,849,529,2505,97,78,21750.0
92,1095,499,2381,92,90,345750.0
92,244,532,2555,99,75,17750.0
92,209,527,2523,90,90,20000.0
92,-655,533,2552,83,89,136500.0
92,218,538,2570,98,88,19000.0
92,1506,530,2534,90,85,45050.0
92,445,539,2556,97,80,28000.0
92,330,534,2534,94,76,16250.0
92,190,526,2536,92,70,13000.0
92,435,526,2536,92,70,14000.0
92,454,543,2573,93,82,18500.0
92,408,535,2575,94,85,16500.0
92,-218,522,2501,93,90,15500.0
92,178,516,2445,99,89,14000.0
92,-78,522,2478,88,76,19000.0
92,1014,550,2406,92,90,26700.0
92,703,514,2440,94,88,81150.0
92,33,505,2414,91,91,23000.0
92,274,538,2590,89,86,95000.0
92,146,509,2491,91,85,27500.0
92,-85,530,2529,90,89,39200.0
92,153,493,2378,93,90,143300.0
92,385,540,2564,97,87,23500.0
91,512,448,2185,88,92,79000.0
91,613,509,2479,76,86,119000.0
91,284,495,2392,80,87,70000.0
91,1923,490,2383,94,89,455000.0
91,867,480,917,85,90,88000.0
91,2478,480,2345,93,93,99000.0
91,51,467,2292,73,68,85500.0
91,2054,473,2264,93,90,70000.0
91,-58,435,2099,69,48,70000.0
91,87,462,2226,86,92,108000.0
91,5676,474,2289,91,89,210000.0
91,-33,444,2194,70,87,115000.0
91,4051,474,2264,91,86,140000.0
91,319,474,2258,79,69,71000.0
91,707,498,1295,93,85,94000.0
91,1872,505,2448,87,84,89000.0
91,1643,448,2081,83,52,104000.0
91,114,443,2171,79,92,69000.0
91,606,509,2439,81,90,86500.0
91,5,448,2164,85,79,129000.0
91,143,438,2129,90,89,72000.0
91,201,456,2206,88,88,70500.0
91,-26,460,2227,86,88,69500.0
91,1524,511,2395,83,80,84500.0
91,-219,476,2341,72,87,130000.0
91,954,496,2401,87,72,99000.0
91,-110,451,2177,88,82,86000.0
91,938,447,2171,88,82,130000.0
91,1580,512,2472,92,83,120000.0
91,71,508,2497,75,88,98000.0
91,2921,472,2261,91,86,410000.0
91,690,484,2339,84,90,85000.0
91,430,503,2414,77,90,80000.0
91,1628,505,2427,84,86,199000.0
91,874,476,2308,85,94,70000.0
91,2526,496,2389,89,92,85500.0
91,3031,495,2389,90,94,35000.0
91,3486,489,2372,91,94,16250.0
91,3787,455,2196,80,88,25000.0
91,2405,470,2223,97,89,70000.0
91,2272,483,2336,74,88,25000.0
91,3604,452,2232,81,89,67000.0
91,610,479,2295,91,90,32500.0
91,2803,485,2277,92,94,77500.0
91,2112,470,2277,93,90,30000.0
91,1255,475,2316,93,87,15000.0
91,1344,464,2247,93,89,27250.0
91,558,506,1353,92,88,70500.0
91,953,490,2360,93,92,549000.0
91,395,429,2028,75,45,179950.0
91,781,461,2263,89,91,95000.0
91,2084,470,2202,96,85,71500.0
91,3398,495,2386,91,92,710300.0
91,919,481,2327,84,93,78000.0
91,1607,493,2365,76,78,59000.0
91,5510,499,2386,80,85,296650.0
91,1222,513,2490,78,80,30000.0
91,1804,462,2267,90,87,344000.0
91,354,476,2305,66,76,25000.0
91,5435,490,2400,83,72,698850.0
91,1365,451,2034,85,37,35000.0
91,1254,471,2213,99,86,183000.0
91,1327,507,2402,88,80,45000.0
91,3777,453,2235,83,93,110000.0
91,1200,507,2451,88,87,14750.0
91,12878,485,2278,99,85,89100.0
91,1391,502,2344,96,84,27000.0
91,2124,490,2351,94,90,28000.0
91,1359,509,2393,97,90,14000.0
91,1998,527,2548,93,91,15750.0
91,1176,517,2464,84,76,19000.0
91,1484,487,2338,90,88,19000.0
91,1082,528,2462,94,85,30000.0
91,1081,499,2400,94,90,17750.0
91,834,485,2347,92,88,15000.0
91,942,469,2282,91,87,26500.0
91,959,523,2492,90,93,30000.0
91,2037,482,2302,87,93,133650.0
91,797,482,2302,87,93,133650.0
91,896,478,2243,82,59,32500.0
91,-986,509,2399,88,79,398000.0
91,267,474,2291,87,84,107000.0
91,973,472,2254,90,91,28500.0
91,1004,524,2486,83,83,27000.0
91,1302,502,2384,85,74,42500.0
91,1459,512,2418,86,78,15000.0
91,1604,516,2381,90,71,17000.0
91,781,507,2398,96,91,16500.0
91,2236,494,2350,86,62,30000.0
91,1719,499,2407,92,94,88700.0
91,2020,477,2243,96,87,689200.0
91,904,520,2458,90,79,17000.0
91,160,524,917,91,90,17000.0
91,280,502,2377,93,90,18750.0
91,-905,487,2286,92,94,432600.0
91,939,491,2370,95,91,19000.0
91,1368,469,2111,91,41,15500.0
91,786,489,2363,98,90,17000.0
91,2901,530,2547,88,87,161300.0
91,320,497,2376,90,90,14250.0
91,0,479,2316,90,93,20000.0
91,5092,493,2294,89,56,628600.0
91,316,481,2216,87,57,19500.0
91,772,502,2418,95,89,18000.0
91,717,475,2302,92,90,18000.0
91,2229,532,2575,87,88,197950.0
91,971,532,2535,99,84,15500.0
91,158,528,2501,95,81,37950.0
91,174,485,2286,85,66,20750.0
91,322,507,2381,94,90,19000.0
91,811,526,2488,85,80,38750.0
91,3809,536,2522,87,88,123500.0
91,37,506,2341,92,66,20000.0
91,64,519,2455,91,90,19000.0
91,-2455,494,2359,93,89,95800.0
91,396,498,2387,90,91,27750.0
91,190,541,2602,95,87,73050.0
91,25,518,2460,92,93,14500.0
91,-93,499,2416,94,88,23500.0
91,-36,502,2358,89,57,28000.0
91,391,530,2503,93,80,22200.0
91,570,500,2372,97,91,75000.0
91,140,501,2406,95,90,32500.0
91,112,513,2462,92,92,25250.0
91,-97,496,2369,96,91,47400.0
91,161,533,2587,87,82,33600.0
90,1086,463,2235,85,90,70000.0
90,113,416,1902,71,41,71000.0
90,723,470,2311,75,79,110000.0
90,622,425,2010,72,45,110000.0
90,972,487,2266,90,63,100000.0
90,622,465,2142,80,50,115000.0
90,517,453,2186,85,89,70500.0
90,1938,464,2244,92,88,69500.0
90,305,492,2356,77,79,75000.0
90,2092,499,2440,85,90,115000.0
90,95,490,2361,74,90,105000.0
90,282,493,2318,77,76,70500.0
90,4871,483,2347,90,90,78000.0
90,1269,489,2359,90,90,94000.0
90,180,498,2409,76,85,108000.0
90,1674,458,2251,87,90,90000.0
90,804,473,2245,90,86,68000.0
90,259,461,2248,92,88,100000.0
90,1311,462,2225,90,83,110000.0
90,1247,504,2377,85,76,70000.0
90,1770,438,2068,78,50,125000.0
90,372,487,1242,89,84,80000.0
90,934,441,2052,83,49,80500.0
90,523,472,2290,85,90,84000.0
90,1587,466,2200,94,90,450000.0
90,32,485,2327,72,71,130000.0
90,50,466,2257,86,81,70000.0
90,2488,518,2488,88,88,220000.0
90,15,442,2127,82,88,130000.0
90,2578,486,2351,91,91,91500.0
90,1243,478,2278,90,88,81000.0
90,583,470,2288,77,74,68000.0
90,1837,460,2250,85,94,21000.0
90,2592,493,2343,83,73,54500.0
90,4914,483,2321,93,89,120000.0
90,1630,471,2256,90,89,24750.0
90,4586,461,2149,81,60,16000.0
90,7263,445,2196,81,92,75000.0
90,1381,473,973,84,89,23000.0
90,794,501,1160,87,88,19500.0
90,790,464,2216,89,90,32500.0
90,1895,471,2307,87,90,37750.0
90,1140,474,2200,82,65,29500.0
90,3221,454,2230,88,85,96500.0
90,2330,451,2148,90,88,32500.0
90,1095,468,2263,65,75,22000.0
90,753,470,2257,91,85,20000.0
90,1018,441,1972,84,36,30000.0
90,1225,463,2172,98,85,189000.0
90,1751,506,2408,86,74,35000.0
90,3657,505,2367,84,78,46950.0
90,4094,455,2172,89,85,633500.0
90,379,460,2253,57,83,34000.0
90,889,437,2068,75,52,35000.0
90,906,473,2280,86,92,172100.0
90,1609,472,2292,84,93,316550.0
90,1534,472,2263,88,91,150000.0
90,477,453,2201,86,88,34000.0
90,3402,505,2462,75,85,300050.0
90,650,508,2450,91,82,310000.0
90,353,446,2180,86,91,52000.0
90,892,475,2261,80,69,68500.0
90,694,496,2432,80,89,70000.0
90,262,448,2141,89,90,55000.0
90,577,482,2290,88,85,223000.0
90,21437,486,2367,90,86,115350.0
90,1115,461,2203,87,83,34250.0
90,3012,504,2409,90,72,29500.0
90,-41,461,2269,70,92,26000.0
90,6803,517,2512,81,86,621400.0
90,1637,498,2356,86,77,28750.0
90,-3046,497,2382,90,88,537850.0
90,91,445,2196,81,92,70000.0
90,2516,477,2251,94,86,14750.0
90,905,497,2368,91,86,310250.0
90,3001,507,2440,88,91,310250.0
90,1042,525,2536,86,84,30000.0
90,2691,476,2248,93,84,27500.0
90,1587,471,2175,86,57,28000.0
90,-1419,470,2208,92,83,313500.0
90,3090,481,2292,90,89,371900.0
90,1265,445,2033,83,45,28000.0
90,1603,476,2187,86,50,24000.0
90,759,494,2316,83,68,23750.0
90,1196,516,2475,92,81,15500.0
90,3149,493,2363,83,73,132900.0
90,1846,517,2440,83,86,18500.0
90,272,517,2475,84,87,325800.0
90,1434,521,2506,86,79,14750.0
90,2291,469,2135,87,51,30000.0
90,939,516,2447,92,77,19000.0
90,1306,513,2417,96,86,27000.0
90,1302,487,2360,93,93,37250.0
90,-343,487,2337,99,88,28500.0
90,2980,496,2375,95,87,63100.0
90,837,510,1219,88,83,33400.0
90,997,515,2486,90,78,29750.0
90,692,515,2486,90,78,30000.0
90,2270,484,2279,84,63,29000.0
90,704,491,2320,91,88,111000.0
90,511,477,2236,91,93,65000.0
90,108,481,2343,70,73,35000.0
90,1022,524,2494,84,86,85000.0
90,2771,469,2245,90,87,136000.0
90,641,521,2496,87,81,24250.0
90,808,494,1020,92,86,28250.0
90,1352,491,2342,92,88,15250.0
90,260,491,2369,82,79,30000.0
90,9518,485,2286,84,66,86400.0
90,566,457,2090,85,38,317350.0
90,322,474,2257,88,91,30000.0
90,639,528,2469,96,85,17500.0
90,152,500,2362,90,90,34750.0
90,613,489,1062,91,84,29000.0
90,397,527,2547,93,85,18500.0
90,3258,486,2304,96,88,53450.0
90,1992,485,2276,97,86,55450.0
90,81,488,2362,82,88,29000.0
90,248,519,2428,96,75,22500.0
90,123,517,2548,86,80,22500.0
90,2333,473,2216,96,86,91200.0
90,-120,510,2440,85,87,23000.0
90,766,490,2267,86,64,17500.0
90,-163,520,2478,90,87,34900.0
90,94,499,2379,87,92,18750.0
90,143,488,2285,84,50,23750.0
90,120,519,2482,93,76,20000.0
90,19,496,2375,90,91,21250.0
90,1268,490,2332,85,63,37200.0
90,9,510,2442,85,79,20950.0
90,222,500,2368,95,88,27650.0
90,134,511,2362,93,73,21050.0
90,98,527,2525,91,86,27650.0
90,-151,517,2454,85,76,20000.0
90,187,520,2514,87,86,25150.0
90,155,522,2497,87,81,18000.0
90,597,491,2324,98,85,122650.0
90,65,486,2293,98,86,18500.0
90,347,469,2291,95,88,39750.0
90,222,480,2246,86,60,20000.0
90,52,464,2196,75,91,35000.0
90,291,478,2284,89,91,40000.0
90,-145,494,2392,89,91,19000.0
90,129,523,2529,97,91,18000.0
90,65,498,901,90,88,19750.0
90,83,494,2338,85,64,16750.0
90,159,491,2279,89,60,30000.0
89,-126,459,2237,84,90,74000.0
89,328,490,2353,89,67,125000.0
89,300,493,2427,68,83,69500.0
89,-256,456,2264,66,60,100000.0
89,1032,491,2405,80,85,99000.0
89,101,439,2068,82,90,67500.0
89,647,464,2226,85,90,130000.0
89,944,482,971,87,86,79000.0
89,352,423,2012,76,44,70500.0
89,17,456,2244,71,66,84000.0
89,223,445,2129,89,90,70000.0
89,7,463,2167,73,65,100000.0
89,729,455,2233,85,87,72000.0
89,3059,505,2396,90,72,120000.0
89,470,456,2210,90,88,90000.0
89,81,454,2204,83,90,70000.0
89,378,483,2278,90,87,100000.0
89,83,433,2151,68,83,70000.0
89,784,471,2249,79,68,67500.0
89,569,494,1269,91,86,130000.0
89,531,443,2150,83,91,130000.0
89,705,501,2411,78,87,70000.0
89,-29,436,2120,82,77,75000.0
89,161,446,2172,83,87,70000.0
89,-60,471,2329,71,86,69500.0
89,829,482,2312,88,86,94500.0
89,1549,485,2363,82,70,70500.0
89,945,457,2172,85,82,99500.0
89,533,447,2176,82,83,89000.0
89,1588,458,2217,80,85,382000.0
89,803,475,2295,82,88,70000.0
89,295,419,1891,80,45,130000.0
89,812,493,2385,80,86,70000.0
89,561,467,2259,83,92,68000.0
89,2559,515,2453,82,85,75000.0
89,1764,465,2225,78,56,23000.0
89,42,481,2339,72,77,70000.0
89,4100,446,2191,87,83,39000.0
89,1957,456,2177,88,89,16500.0
89,1413,462,2216,90,83,14250.0
89,334,473,2308,68,72,20000.0
89,738,460,2226,63,73,14000.0
89,781,489,1070,86,85,22000.0
89,607,453,2231,68,91,14000.0
89,557,502,1215,87,82,20000.0
89,1967,462,2184,72,66,14500.0
89,1245,465,2242,84,90,26000.0
89,1452,466,2267,91,83,32000.0
89,4397,495,2375,90,88,34250.0
89,-53,499,1292,90,88,118000.0
89,1901,473,2288,89,90,20000.0
89,913,452,2212,83,93,26250.0
89,2774,485,2303,82,72,37500.0
89,527,461,2159,80,57,27000.0
89,1234,472,2334,75,78,30000.0
89,1054,460,2112,84,55,25000.0
89,1628,469,2194,90,92,47500.0
89,1851,473,2248,86,83,30000.0
89,1354,486,1018,91,84,25750.0
89,1119,467,2159,83,58,32500.0
89,607,452,2218,55,82,18000.0
89,1792,493,2414,85,84,32250.0
89,1146,480,2303,88,88,66100.0
89,1264,477,2230,87,84,25500.0
89,2833,502,2490,87,89,29500.0
89,421,451,2156,94,82,30750.0
89,635,496,2361,78,75,11150.0
89,-1109,497,2328,75,76,140800.0
89,3161,511,2423,82,80,29750.0
89,1132,452,2121,81,52,75000.0
89,1129,445,2151,87,89,42500.0
89,778,479,2322,86,89,30000.0
89,1208,489,2312,83,76,28500.0
89,3545,495,2343,90,89,215950.0
89,1506,506,2343,96,75,71500.0
89,1977,513,1071,87,88,26250.0
89,1094,472,2283,90,85,36500.0
89,3110,487,2336,91,86,21000.0
89,10493,481,2284,89,88,83150.0
89,3604,462,2232,88,86,357850.0
89,1148,472,2311,87,89,29500.0
89,5127,482,2310,86,84,110250.0
89,2033,503,2448,85,72,20750.0
89,1558,490,2375,87,88,29500.0
89,333,488,907,88,88,28500.0
89,1815,500,2386,92,85,28000.0
89,1530,516,2421,92,80,30000.0
89,2296,503,2425,85,87,233450.0
89,1564,486,2293,88,59,25000.0
89,1985,462,2206,87,85,30000.0
89,796,486,1073,90,86,29000.0
89,1727,468,2217,93,88,29750.0
89,2056,451,2084,85,41,27500.0
89,3069,470,2273,91,90,20250.0
89,2998,520,2472,94,84,20000.0
89,2972,472,2304,87,89,323050.0
89,-288,511,2434,86,82,209300.0
89,2866,518,2461,81,84,86800.0
89,3610,472,2266,94,86,49000.0
89,-509,496,2328,92,84,67350.0
89,3164,481,2238,84,57,132950.0
89,571,515,2461,91,77,21000.0
89,485,517,2483,87,89,22500.0
89,384,484,2346,88,90,30000.0
89,856,473,2256,88,65,26000.0
89,294,463,2269,85,88,26750.0
89,-1586,515,2437,89,81,208400.0
89,-145,502,2317,96,80,21000.0
89,1401,515,2471,87,82,37250.0
89,721,498,2355,89,65,29000.0
89,102,506,2416,86,78,19000.0
89,881,482,2343,88,90,30250.0
89,-973,498,2380,95,88,29400.0
89,1458,479,2286,82,86,29600.0
89,1255,491,945,92,86,30000.0
89,2030,455,2215,89,85,141650.0
89,-804,476,2275,91,88,191550.0
89,-1914,507,2404,89,84,206900.0
89,728,503,2396,91,87,145550.0
89,10,480,2326,80,86,16250.0
89,4212,500,2484,88,89,243150.0
89,2939,509,2435,89,74,212300.0
89,-2099,498,2360,91,84,623450.0
89,740,518,2516,92,82,24000.0
89,1319,472,2263,96,87,23000.0
89,257,491,2364,94,85,27750.0
89,161,495,2438,78,89,26750.0
89,-1896,511,2469,80,87,195650.0
89,4241,519,2459,91,82,32950.0
89,3749,508,2457,83,85,47650.0
89,438,483,2278,91,87,25000.0
89,888,482,2315,93,91,16500.0
89,396,482,2276,87,85,27500.0
89,745,505,2394,91,75,15750.0
89,282,466,2154,81,64,25000.0
89,-2462,512,2455,84,86,542050.0
89,591,466,2257,89,92,28250.0
89,1054,502,1064,89,88,20250.0
89,352,449,2191,88,90,26500.0
89,418,500,2487,88,90,19500.0
89,233,506,2405,82,78,19500.0
89,304,515,2464,83,85,21000.0
89,806,457,2086,88,41,23000.0
89,142,507,2385,84,73,19750.0
89,2401,524,2471,87,84,25000.0
89,947,509,2443,85,78,22500.0
89,315,503,2382,98,83,16500.0
89,110,517,933,91,86,32550.0
89,-163,473,2277,89,90,34600.0
89,294,465,2179,95,85,40000.0
89,227,457,2205,86,87,28500.0
89,234,495,2308,88,59,15000.0
89,87,484,2322,91,90,18000.0
89,-245,476,2255,83,65,26550.0
89,23,485,2304,90,84,23750.0
89,320,446,2120,88,49,16500.0
89,1088,489,2348,94,88,46950.0
89,88,493,2278,86,61,17500.0
89,148,517,2455,95,79,17750.0
89,1,518,997,88,90,21000.0
89,533,493,2345,90,92,20400.0
89,486,477,2269,92,90,19400.0
89,260,484,2311,93,89,12600.0
89,73,481,802,90,86,28500.0
89,89,520,2510,85,86,15750.0
89,19,446,2151,84,50,18750.0
88,100,413,1883,70,40,114000.0
88,187,441,2161,84,89,71500.0
88,-13,445,2116,82,88,95000.0
88,1431,495,2378,82,85,70000.0
88,487,484,2333,75,77,68500.0
88,1520,492,2388,87,88,105000.0
88,1225,455,2181,91,87,72000.0
88,-120,470,2299,66,88,70000.0
88,1150,481,2263,78,73,71000.0
88,1536,481,2317,91,88,75500.0
88,89,433,2109,83,89,130000.0
88,462,478,2237,83,61,130000.0
88,283,485,2354,74,83,70500.0
88,1306,498,2446,82,82,90000.0
88,523,466,2220,88,84,130000.0
88,1258,449,2088,83,54,82500.0
88,294,423,2047,91,86,70000.0
88,105,416,1984,70,46,68000.0
88,5857,447,2062,87,54,100000.0
88,108,451,2175,86,84,69500.0
88,1607,499,2329,85,75,76500.0
88,1454,481,1097,87,87,130000.0
88,767,455,2191,86,86,130000.0
88,1318,428,2010,80,48,71500.0
88,133,442,2131,88,80,69500.0
88,1354,504,2433,90,81,85000.0
88,387,498,2443,77,86,70500.0
88,750,481,2304,74,72,83000.0
88,76,458,2223,82,80,68500.0
88,2277,484,2320,90,90,83500.0
88,4606,486,2334,94,90,20000.0
88,4380,502,2404,90,78,31250.0
88,1409,476,2330,87,86,25500.0
88,3183,503,2397,87,90,30000.0
88,432,444,2184,53,81,10000.0
88,1047,460,2221,77,78,9000.0
88,907,412,1928,63,39,9800.0
88,1744,482,2290,85,73,20000.0
88,790,480,1080,86,85,9300.0
88,855,464,2297,73,76,18000.0
88,232,478,1071,89,84,33000.0
88,1855,446,2174,87,83,29750.0
88,3149,472,2289,90,91,23500.0
88,619,454,2157,83,90,20000.0
88,582,480,2267,89,55,130000.0
88,527,454,2190,83,89,27750.0
88,606,450,2127,77,56,18250.0
88,735,466,2232,74,65,32500.0
88,830,457,2188,76,55,23000.0
88,1609,471,2273,86,90,26000.0
88,-1024,475,2321,85,85,32300.0
88,1342,477,2289,89,87,30500.0
88,4354,462,2195,92,83,139150.0
88,1156,436,1976,76,51,27500.0
88,1332,473,2269,84,82,25000.0
88,986,508,2375,91,79,31500.0
88,907,468,2251,84,89,20000.0
88,2658,458,2129,89,88,30000.0
88,2089,473,2243,88,86,25000.0
88,56,493,2304,95,82,20000.0
88,1106,488,2323,88,85,30000.0
88,5087,457,2196,87,89,58150.0
88,263,479,903,87,86,22500.0
88,787,462,2171,87,88,23500.0
88,1348,482,2267,89,58,29750.0
88,269,484,2316,85,87,6950.0
88,553,463,2240,88,84,12500.0
88,2171,474,2235,90,85,28500.0
88,81,476,2269,90,91,1160000.0
88,1064,458,2203,93,82,24000.0
88,2949,467,2220,90,84,28000.0
88,2203,502,2458,78,80,29000.0
88,1813,486,2300,94,87,53000.0
88,847,478,2293,92,87,140000.0
88,391,481,2339,87,90,30000.0
88,684,467,2267,92,87,30000.0
88,32,474,2265,86,85,60550.0
88,365,510,2445,85,80,64450.0
88,547,496,2312,92,89,72250.0
88,688,468,2285,86,91,42500.0
88,642,464,2152,87,52,54000.0
88,1565,488,2311,91,83,27000.0
88,3578,514,2473,85,82,53750.0
88,153,503,2385,81,78,70600.0
88,597,454,2159,86,90,76400.0
88,1647,484,2348,95,88,21650.0
88,834,459,2210,77,56,119000.0
88,1818,507,2397,89,73,98500.0
88,1662,481,2264,91,88,78000.0
88,3487,495,965,88,89,28450.0
88,1554,442,2022,88,45,23000.0
88,939,531,1138,88,86,30000.0
88,1267,452,2081,85,53,26000.0
88,719,474,2270,85,82,17500.0
88,6967,465,2244,92,86,133600.0
88,815,472,2306,90,90,23000.0
88,1016,495,2358,90,73,25000.0
88,-489,474,2246,93,88,68250.0
88,-124,458,2269,54,85,17500.0
88,1627,500,2449,85,76,30000.0
88,1005,494,2379,89,86,77100.0
88,494,455,2235,83,87,20000.0
88,92,427,2123,53,56,30000.0
88,444,484,2314,76,84,15750.0
88,494,458,2113,80,62,17500.0
88,2045,483,2331,93,84,18000.0
88,403,449,2168,84,85,14000.0
88,252,476,2272,87,87,24250.0
88,1190,501,2343,97,70,29500.0
88,-1364,493,2422,87,87,61250.0
88,3594,507,2440,83,76,149200.0
88,152,472,2293,77,85,15000.0
88,2055,471,2209,95,87,17250.0
88,4920,505,2358,84,78,171700.0
88,78,471,2282,85,87,26000.0
88,175,497,2372,83,85,17000.0
88,2427,489,2295,92,87,88350.0
88,933,450,2050,82,44,22000.0
88,559,506,2364,93,81,18250.0
88,1076,460,2225,92,85,26000.0
88,1877,490,2297,91,70,74950.0
88,500,497,2371,92,84,74950.0
88,649,465,2155,90,88,16000.0
88,513,443,2117,94,80,24000.0
88,1192,495,2324,87,67,52300.0
88,2057,503,2364,90,70,52300.0
88,318,466,2251,92,86,48750.0
88,3785,473,2209,95,88,75700.0
88,1216,497,2366,86,77,18250.0
88,965,477,2247,89,83,30000.0
88,1236,490,931,90,89,28750.0
88,3933,447,2043,84,54,118800.0
88,790,470,2290,90,88,70200.0
88,15784,492,2375,84,88,70800.0
88,4053,472,2272,90,88,91650.0
88,1647,496,2349,90,73,16500.0
88,104,464,2257,83,84,16500.0
88,74,462,2206,60,73,20500.0
88,79,445,2081,85,89,16250.0
88,649,466,2278,86,88,29750.0
88,-390,468,2247,77,85,34500.0
88,867,482,2344,94,85,18500.0
88,570,467,2249,90,86,15000.0
88,1071,506,2372,91,71,16750.0
88,94,450,2166,87,89,27750.0
88,279,487,2399,76,88,24000.0
88,374,482,2290,85,73,11500.0
88,222,478,1071,89,84,10000.0
88,575,508,2409,84,84,157100.0
88,955,506,2367,92,76,114800.0
88,167,451,2213,70,86,16500.0
88,2421,498,2361,87,90,313850.0
88,218,476,2285,87,88,28200.0
88,307,496,2371,96,83,20250.0
88,592,492,2444,87,88,18000.0
88,-7472,483,2319,93,88,598400.0
88,1447,523,2496,86,84,30000.0
88,130,463,2172,81,50,25250.0
88,509,482,2320,87,92,18500.0
88,939,508,2438,88,91,60900.0
88,593,473,2248,91,89,15000.0
88,96,467,2258,88,87,19000.0
88,601,468,2181,86,83,15600.0
88,163,498,2371,80,77,14250.0
88,492,487,2314,84,70,30000.0
88,256,474,2249,93,84,16000.0
88,573,473,2211,95,88,25000.0
88,2232,503,2344,90,72,17000.0
88,-72,503,2410,80,81,19750.0
88,231,503,2410,80,81,25000.0
88,-43,453,2139,83,88,18500.0
88,537,503,2347,91,79,30000.0
88,2669,481,2265,92,82,60650.0
88,884,491,2331,91,84,97050.0
88,793,475,2229,97,82,24750.0
88,246,485,1138,86,84,32500.0
88,306,470,2164,80,61,32500.0
88,668,511,2445,83,82,30000.0
88,4493,514,2425,84,83,136950.0
88,3675,457,2195,90,85,114650.0
88,496,506,2474,80,81,23500.0
88,157,468,2263,92,87,18000.0
88,624,462,2139,85,46,17250.0
88,783,457,2140,94,83,30000.0
88,38,476,2353,76,68,17750.0
88,120,487,952,89,88,12500.0
88,1954,474,2258,93,90,34050.0
88,-334,461,2221,87,89,23250.0
88,611,481,2300,92,82,16000.0
88,81,493,2362,71,84,20000.0
88,-154,432,2092,91,88,23000.0
88,12,459,2233,86,88,15000.0
88,-495,491,2310,99,89,69000.0
88,2455,514,2430,88,76,55000.0
88,397,507,2432,81,86,16000.0
88,-150,507,2396,81,82,21000.0
88,-877,473,2274,88,90,30000.0
88,-13,510,2433,86,74,15000.0
88,-69,447,2034,86,40,15000.0
88,77,496,2408,81,80,32500.0
88,13,446,2093,80,46,20000.0
88,0,516,2476,92,83,19000.0
88,108,429,1938,82,32,27000.0
88,18,487,903,89,88,24000.0
88,54,505,911,90,88,21000.0
88,79,462,2189,80,46,18000.0
88,25,447,2075,70,56,28500.0
88,-410,506,2371,94,70,20300.0
88,118,517,2460,88,86,19000.0
88,303,484,2294,98,88,16250.0
88,356,483,2301,92,88,30000.0
88,235,487,2313,90,85,24250.0
87,1546,459,2210,88,88,129000.0
87,184,474,2294,85,65,106000.0
87,558,485,2331,80,86,130000.0
87,1063,475,2237,82,62,120000.0
87,821,450,2080,78,47,88000.0
87,581,488,2401,78,84,110000.0
87,717,463,2255,86,90,105000.0
87,109,445,2195,76,85,94000.0
87,612,476,985,86,83,115000.0
87,1345,444,2153,90,86,119000.0
87,175,451,2107,74,62,120000.0
87,805,455,2176,88,87,120000.0
87,557,492,2317,87,70,96000.0
87,56,443,2194,85,84,120000.0
87,356,443,2143,86,88,82500.0
87,811,472,2296,87,88,130000.0
87,86,440,2128,85,89,100000.0
87,286,462,2183,88,83,73000.0
87,1088,453,2220,91,87,90000.0
87,996,425,1975,84,47,89000.0
87,491,479,2275,77,71,90000.0
87,942,481,2327,88,70,75000.0
87,1292,449,2127,88,80,109000.0
87,247,464,2237,86,87,130000.0
87,2058,470,2259,94,89,130000.0
87,492,469,2264,80,86,130000.0
87,421,413,1853,82,44,130000.0
87,1039,452,2128,93,82,140000.0
87,1652,465,2234,87,89,96000.0
87,3502,500,2393,86,81,30000.0
87,732,468,1056,88,80,8000.0
87,257,478,1041,88,83,12000.0
87,81,467,2260,76,69,6400.0
87,1726,415,1828,82,33,8700.0
87,98,454,2169,58,72,9200.0
87,306,461,2187,80,61,6900.0
87,280,459,2203,66,69,6700.0
87,2615,444,2030,82,53,14000.0
87,168,443,2172,69,84,6900.0
87,136,444,2219,60,61,19500.0
87,1188,477,1136,85,82,8000.0
87,323,442,2128,86,88,18000.0
87,975,471,2247,88,84,29000.0
87,2222,459,2186,86,63,19000.0
87,72,511,1986,93,83,35000.0
87,1023,467,2289,85,84,27750.0
87,3081,500,2386,78,83,29000.0
87,2523,496,2374,82,81,27500.0
87,2213,476,2319,87,88,19000.0
87,843,472,2269,90,85,25750.0
87,372,469,968,87,83,26750.0
87,3558,480,2271,94,87,37000.0
87,-199,498,2408,77,85,24500.0
87,511,485,2323,70,82,17750.0
87,228,471,901,85,84,23500.0
87,-1730,490,2315,86,85,159150.0
87,2920,506,2361,84,77,20500.0
87,1782,474,2214,90,57,14250.0
87,490,445,2108,82,87,22250.0
87,8945,501,2407,83,74,25550.0
87,3244,499,2393,80,84,30000.0
87,2646,460,2197,90,86,27200.0
87,1002,492,2364,83,83,66100.0
87,1122,453,2130,78,63,28500.0
87,2348,483,2305,75,73,30000.0
87,598,465,2217,85,85,19000.0
87,1595,488,2367,80,78,22000.0
87,4175,439,2148,90,85,50450.0
87,550,439,1987,80,52,30000.0
87,721,463,2242,84,85,18500.0
87,6007,476,2226,93,85,140150.0
87,687,483,2363,88,80,30000.0
87,-1206,464,2241,87,85,52000.0
87,2024,472,2220,90,86,49700.0
87,-2177,444,2158,92,85,317300.0
87,3194,450,2103,93,81,204800.0
87,160,462,2264,85,86,4000.0
87,150,466,2181,87,85,4100.0
87,93,473,2250,82,86,4850.0
87,139,465,2226,87,88,5800.0
87,1530,465,2205,81,58,2150.0
87,1584,480,2324,84,84,91950.0
87,1404,466,2207,92,87,20400.0
87,884,502,2400,79,87,19650.0
87,452,471,2251,91,84,30000.0
87,672,490,2321,96,81,30000.0
87,3614,504,2411,94,80,278950.0
87,5876,467,2186,92,86,32200.000000000004
87,2641,446,2186,90,81,453000.0
87,-384,494,2312,78,75,45850.0
87,2266,458,2233,77,84,26100.0
87,973,504,2348,96,80,25500.0
87,3460,469,2261,85,88,20000.0
87,530,456,2152,85,86,16850.0
87,-23,473,2242,88,87,34750.0
87,-4200,443,2159,91,84,452800.0
87,991,449,2040,84,48,219400.0
87,1147,494,2278,86,73,45750.0
87,1605,510,2462,87,85,73500.0
87,425,482,2335,84,84,43400.0
87,2211,501,2374,78,81,45000.0
87,3308,505,2417,85,78,9500.0
87,1003,504,2388,92,84,44850.0
87,3879,500,2382,82,82,90200.0
87,1510,500,2391,88,87,18500.0
87,1320,456,2170,95,82,42500.0
87,1468,497,2337,84,83,30000.0
87,4108,458,2153,83,53,83850.0
87,1435,453,2129,93,81,30000.0
87,593,466,2197,85,82,18000.0
87,-183,442,2086,75,52,20000.0
87,521,481,2263,78,83,24000.0
87,1081,498,2358,88,74,18500.0
87,735,463,2217,92,85,26750.0
87,-766,486,2349,91,65,70450.0
87,685,490,2350,78,76,18500.0
87,225,464,2190,87,88,16000.0
87,872,484,2403,86,87,18000.0
87,942,491,2301,93,87,26000.0
87,352,475,2274,87,87,29000.0
87,479,463,2261,87,90,24000.0
87,945,502,2393,88,80,29000.0
87,-4714,500,2428,85,87,29300.0
87,869,484,2333,86,87,17000.0
87,1208,491,2358,80,75,17000.0
87,1057,481,2253,91,86,16000.0
87,175,452,2056,87,48,18250.0
87,78,497,2393,79,77,14000.0
87,2328,507,2450,90,82,74200.0
87,-617,494,2319,82,70,134450.0
87,855,481,2338,82,60,30000.0
87,25,482,2312,83,87,17500.0
87,226,462,2250,87,90,15750.0
87,-1063,500,2392,84,85,40200.0
87,786,476,2232,82,69,33100.0
87,727,497,2412,78,83,17000.0
87,325,487,2275,91,65,15250.0
87,550,465,2168,94,87,17500.0
87,1467,445,2052,83,54,23500.0
87,88,458,2193,87,88,26600.0
87,-132,497,2363,82,81,29250.0
87,-20,459,2221,86,85,14000.0
87,3549,475,2275,92,87,270050.0
87,2430,464,2191,85,56,15000.0
87,148,467,796,87,84,30000.0
87,-83,482,2276,87,88,16000.0
87,5080,470,2246,99,86,178150.0
87,1559,474,2261,96,84,81950.0
87,1404,499,2355,94,78,30000.0
87,608,501,2356,86,84,24000.0
87,79,466,2104,80,46,15000.0
87,3306,511,2406,85,81,168300.0
87,679,456,2079,81,50,18000.0
87,161,490,2327,87,83,14500.0
87,129,486,2373,72,84,16750.0
87,96,479,949,88,87,16750.0
87,270,465,2207,90,88,13500.0
87,901,490,2336,85,62,28000.0
87,-2051,493,2369,90,83,71300.0
87,914,471,2256,93,84,19750.0
87,-61,480,2308,85,89,14000.0
87,3159,492,2299,95,69,191900.0
87,694,491,2298,93,84,15000.0
87,337,466,2212,92,82,16000.0
87,352,458,2258,74,87,21500.0
87,-20,461,2233,73,85,14000.0
87,180,481,1009,87,84,14000.0
87,-867,495,2376,81,75,37650.0
87,1043,495,2293,84,72,93200.0
87,-66,464,2232,88,89,59000.0
87,1112,489,2300,90,63,52400.0
87,350,500,2326,86,81,87150.0
87,-826,500,2346,92,80,104000.0
87,459,507,2361,85,78,15000.0
87,487,477,920,88,86,13000.0
87,145,460,2189,84,81,27250.0
87,29,472,2210,75,67,18750.0
87,371,512,2400,88,77,17750.0
87,278,466,2154,88,44,19750.0
87,223,456,2196,87,88,32500.0
87,163,467,2285,83,83,24750.0
87,693,476,2319,91,87,18000.0
87,-2701,457,2192,93,84,121300.0
87,9,427,1931,75,50,14750.0
87,-3581,506,2377,91,77,29300.0
87,296,469,2176,87,52,16000.0
87,432,491,2381,81,83,13000.0
87,27,445,2162,85,87,14500.0
87,879,465,2157,88,54,30000.0
87,131,474,2293,74,73,29250.0
87,2293,483,2271,99,88,14000.0
87,190,496,2362,77,82,15250.0
87,286,489,968,86,87,16000.0
87,320,468,2186,95,83,20000.0
87,2647,448,2056,84,39,85800.0
87,168,498,2362,78,75,14000.0
87,1734,501,2399,91,83,48800.0
87,581,472,2179,83,59,18500.0
87,147,483,2316,85,87,30000.0
87,184,459,2257,90,85,30000.0
87,167,506,2367,86,84,16000.0
87,3088,469,2262,92,85,51200.0
87,209,506,2367,86,84,16750.0
87,-1138,504,2369,90,82,79000.0
87,-267,494,2328,91,75,67150.0
87,437,473,2261,94,85,37200.0
87,40,471,2264,86,87,16250.0
87,147,509,2398,82,84,16750.0
87,347,493,2349,96,88,15000.0
87,71,458,2151,80,80,18750.0
87,147,489,2258,90,88,23000.0
87,427,481,2281,83,58,20000.0
87,80,481,2314,82,79,23750.0
87,262,481,2269,96,86,15000.0
87,73,480,2319,78,64,30000.0
87,169,478,2285,88,86,20000.0
87,67,483,940,87,87,14000.0
87,262,475,2238,80,58,33250.0
87,141,479,2285,89,87,30000.0
87,74,504,1053,88,86,32500.0
86,188,453,2210,75,65,90000.0
86,316,474,2283,75,86,120000.0
86,1129,495,2325,91,72,101000.0
86,435,485,2353,72,86,87000.0
86,165,441,2122,87,83,70500.0
86,1780,490,2320,81,75,81000.0
86,957,466,2235,90,82,90000.0
86,167,470,1077,85,81,160000.0
86,171,449,2207,77,85,121000.0
86,1002,491,2363,92,80,98000.0
86,1273,489,2375,80,80,117000.0
86,279,482,2347,70,85,130000.0
86,1186,487,2367,83,87,120000.0
86,4660,434,2028,95,79,7500.0
86,68,417,2001,61,50,4700.0
86,199,454,863,84,82,5700.0
86,86,411,2053,49,54,4800.0
86,1025,446,2116,90,80,6000.0
86,221,451,2269,61,72,6400.0
86,256,462,966,86,81,4200.0
86,633,475,2312,79,71,10000.0
86,-30,442,2199,50,83,5200.0
86,763,427,2038,92,77,5500.0
86,169,463,899,84,82,4800.0
86,2538,471,2234,88,81,10000.0
86,537,432,2092,80,83,10000.0
86,384,455,2201,83,83,5700.0
86,142,434,2089,85,87,4700.0
86,-69,437,2062,80,85,5000.0
86,116,477,2287,68,80,4700.0
86,647,480,2328,79,76,5600.0
86,67,464,2259,69,74,4700.0
86,505,419,1893,78,41,4900.0
86,681,439,2161,80,85,8500.0
86,431,470,2321,72,86,10000.0
86,1606,491,2294,89,77,30000.0
86,900,460,2193,87,88,30000.0
86,374,443,2144,85,88,19000.0
86,279,458,2159,87,81,17000.0
86,345,474,2309,78,83,28750.0
86,858,482,1058,86,83,25000.0
86,71,447,2178,88,86,18250.0
86,941,457,2193,89,86,21750.0
86,785,487,2320,84,88,16000.0
86,995,485,2332,84,76,21250.0
86,1755,471,2251,89,89,16000.0
86,1968,492,2353,85,80,19000.0
86,1485,470,2255,91,85,26000.0
86,258,457,2182,89,87,30000.0
86,887,448,2148,83,82,30000.0
86,4424,490,2304,80,78,106700.0
86,2191,464,2172,96,80,20000.0
86,2764,488,2308,75,75,27500.0
86,1466,462,2137,82,60,24000.0
86,1867,491,2294,89,77,231750.0
86,5098,466,2192,89,85,32450.000000000004
86,1939,442,2067,92,80,20000.0
86,1626,452,2214,83,86,14500.0
86,3125,485,2345,85,81,19000.0
86,928,460,2177,91,86,13500.0
86,2005,467,2219,98,80,14000.0
86,1366,475,2256,94,82,30000.0
86,2015,464,2191,97,80,11500.0
86,927,433,1992,81,53,26500.0
86,464,459,2216,77,84,18250.0
86,2730,432,1971,87,43,21000.0
86,1090,463,2191,80,69,18000.0
86,457,479,2282,87,84,49850.0
86,1809,468,2148,93,85,20000.0
86,1542,485,2316,88,72,20250.0
86,1001,453,2189,89,85,22000.0
86,3197,460,2238,86,87,44200.0
86,401,430,2013,82,87,17000.0
86,1203,453,2192,90,84,22250.0
86,1718,445,2070,88,85,18500.0
86,1799,477,2230,82,59,15000.0
86,1600,495,2332,80,75,24250.0
86,-636,454,2185,81,85,31500.0
86,473,443,2047,76,60,15000.0
86,1770,484,2286,77,78,29500.0
86,2477,501,2426,84,83,20000.0
86,1770,493,2301,82,76,14750.0
86,-38,485,2288,86,88,101350.0
86,324,487,2296,90,84,101350.0
86,1536,497,2343,90,78,14000.0
86,834,482,2338,86,86,18250.0
86,-408,478,2285,78,68,63500.0
86,2454,487,2344,75,70,25000.0
86,182,423,1972,70,43,12000.0
86,-2680,487,2370,77,75,65900.0
86,185,465,2242,79,83,23000.0
86,156,460,2276,73,66,17500.0
86,1104,443,2055,95,76,22750.0
86,2798,491,2272,94,73,18250.0
86,385,484,2353,76,74,27250.0
86,1743,445,2054,81,53,26000.0
86,297,487,2286,89,70,2050.0
86,146,493,2410,79,78,3100.0
86,1566,437,1986,85,38,29000.0
86,2913,459,2145,91,85,13500.0
86,150,482,2305,80,83,12750.0
86,275,456,2191,79,78,18000.0
86,46,431,2050,66,86,15750.0
86,1834,457,2207,77,88,21800.0
86,-317,469,2251,84,88,37500.0
86,-2278,468,2203,95,83,129400.0
86,-828,464,2211,83,66,27500.0
86,617,454,2172,94,84,18750.0
86,512,437,2129,87,85,27750.0
86,1351,498,2315,86,77,21000.0
86,240,441,2096,82,87,30000.0
86,567,457,2231,89,86,57050.0
86,-270,489,2351,80,78,56050.0
86,832,485,2320,93,80,51750.0
86,1795,500,2361,83,80,17750.0
86,856,441,2036,80,58,25750.0
86,498,453,2179,88,84,83550.0
86,706,454,2166,86,85,102650.0
86,-74,486,2321,86,60,89350.0
86,2484,485,2239,96,61,97500.0
86,581,457,2174,91,77,32500.0
86,1193,448,2043,86,46,24000.0
86,2304,499,2384,81,80,23000.0
86,542,448,2141,86,80,44800.0
86,-234,460,2236,83,81,45100.0
86,167,495,2344,83,85,39900.0
86,-740,450,2170,86,87,32300.0
86,2351,455,2127,82,57,26300.0
86,1507,464,912,87,85,42750.0
86,1540,474,2231,86,57,65500.0
86,963,481,2340,80,87,125000.0
86,-430,480,2265,84,72,53000.0
86,-562,482,900,87,86,28300.0
86,414,463,2182,92,82,22250.0
86,620,448,2176,87,85,18750.0
86,774,457,2075,87,53,29250.0
86,561,464,2147,91,51,12000.0
86,935,428,2100,80,82,40900.0
86,130,485,2334,85,70,40250.0
86,3648,489,2381,80,80,39100.0
86,692,442,2115,86,83,29750.0
86,1876,472,2149,97,82,30000.0
86,3167,495,2364,87,75,49950.0
86,983,488,2364,90,67,28750.0
86,-1236,485,2280,92,85,24150.0
86,-338,504,2383,86,86,55650.0
86,136,481,927,88,86,14000.0
86,84,437,2019,77,41,15500.0
86,276,441,2052,80,36,22750.0
86,359,493,2369,84,80,25500.0
86,-483,489,936,86,84,20650.0
86,389,503,2428,86,73,18000.0
86,264,491,2295,87,66,18250.0
86,206,502,2389,87,72,21500.0
86,4717,462,2172,91,86,50050.0
86,449,488,2325,96,83,14750.0
86,51,434,2091,70,87,12750.0
86,-36,434,2119,59,80,12000.0
86,455,484,887,86,85,27350.0
86,574,486,2241,90,65,12500.0
86,797,471,2125,92,50,13250.0
86,62,466,2306,62,78,15000.0
86,54,466,2238,60,76,14500.0
86,-55,473,2207,95,81,15000.0
86,1076,486,2246,96,61,16500.0
86,828,485,2291,95,65,30000.0
86,161,459,2189,84,85,13750.0
86,332,447,2065,83,43,16250.0
86,574,497,2300,89,74,18250.0
86,934,479,2309,89,86,13000.0
86,195,485,2245,89,64,15000.0
86,39,424,1948,75,50,22750.0
86,140,430,2007,78,50,30000.0
86,141,476,2261,90,83,13000.0
86,54,476,2283,80,86,13250.0
86,477,495,2302,86,83,20500.0
86,189,503,2350,83,79,12750.0
86,3528,469,2208,90,80,33800.0
86,95,483,2258,77,72,12500.0
86,264,501,2359,82,81,15000.0
86,746,457,2153,92,83,16600.0
86,-14,481,2275,84,83,22050.0
86,190,477,2297,90,82,13250.0
86,-175,459,2181,80,55,23250.0
86,181,501,2358,87,76,17000.0
86,149,500,2396,79,84,16000.0
86,239,477,2222,92,56,13750.0
86,217,499,2342,94,70,17500.0
86,144,499,2342,94,70,15500.0
86,235,419,1928,87,40,14250.0
86,68,473,2267,90,85,13500.0
86,196,462,2217,87,85,13250.0
86,-1200,451,2168,88,85,19000.0
86,68,478,825,88,86,15750.0
86,92,454,2104,76,54,24000.0
86,268,483,2354,93,87,14000.0
86,84,497,2306,87,80,14500.0
86,-52,475,2310,77,84,24250.0
86,-4,464,2197,93,81,20500.0
86,84,490,2277,99,88,30000.0
86,16,469,2202,97,78,30000.0
85,1498,486,2323,83,81,104000.0
85,444,462,2131,86,64,130000.0
85,733,442,2133,87,83,130000.0
85,580,442,2167,86,84,120000.0
85,1118,481,2276,83,82,120000.0
85,1132,480,2252,83,72,120000.0
85,865,434,2005,84,48,69500.0
85,494,455,2150,79,67,3900.0
85,-80,434,2156,54,67,14000.0
85,1326,462,2209,85,83,9700.0
85,150,483,2328,76,74,4000.0
85,385,458,2188,89,82,4100.0
85,-35,417,2044,42,62,10000.0
85,944,452,2154,83,82,10000.0
85,1254,444,2119,83,84,20000.0
85,124,430,2092,82,85,3700.0
85,47,442,2133,78,86,3200.0
85,333,465,2238,84,70,3400.0
85,83,456,937,85,84,3000.0
85,333,435,2008,75,59,3500.0
85,74,467,996,78,81,11000.0
85,30,412,1863,71,48,3500.0
85,99,427,2026,78,83,2800.0
85,283,441,2179,70,84,3700.0
85,150,442,2090,82,84,4200.0
85,418,459,2235,67,80,10000.0
85,2054,483,2232,93,72,10000.0
85,115,474,2252,84,78,3300.0
85,795,445,2115,82,78,5000.0
85,178,458,2234,64,80,3800.0
85,266,441,2142,84,84,3100.0
85,510,428,2063,87,84,3500.0
85,353,472,2208,88,63,12750.0
85,-29,454,2202,83,85,13500.0
85,171,470,2268,80,85,13500.0
85,1,461,2213,82,86,30000.0
85,542,459,2155,89,84,14000.0
85,631,446,2136,74,87,19250.0
85,2380,449,2145,94,82,30000.0
85,-2215,459,2218,77,62,148900.0
85,509,468,2210,91,84,18000.0
85,7623,457,2137,91,84,45350.0
85,3383,471,2229,87,86,12250.0
85,1215,496,2419,88,80,124100.0
85,1028,475,2302,88,86,21250.0
85,534,427,1923,83,36,18750.0
85,430,478,2234,90,68,60900.0
85,1885,465,2233,83,86,18550.0
85,2011,406,1876,83,40,18600.0
85,2233,476,2220,90,62,28450.0
85,721,468,2326,83,84,16000.0
85,3602,442,2105,94,80,30000.0
85,1786,476,2203,84,68,22000.0
85,2671,492,2351,86,81,26000.0
85,1483,450,2093,92,85,17000.0
85,425,462,916,86,83,13000.0
85,103,446,2157,85,84,28500.0
85,492,427,1963,80,52,13500.0
85,55,465,1005,84,81,14000.0
85,3221,472,2234,93,82,99250.0
85,113,487,2326,79,81,1500.0
85,428,474,2224,90,65,2450.0
85,56,484,2323,86,72,30000.0
85,345,465,2171,94,80,28500.0
85,563,475,2243,90,83,42050.0
85,418,479,2242,88,60,43250.0
85,-177,452,2129,78,47,30700.0
85,-708,462,2166,77,61,29200.0
85,-661,465,2251,87,86,29150.0
85,1064,484,2376,86,80,28500.0
85,-694,418,1923,75,48,48050.0
85,-838,444,2069,79,60,11950.0
85,278,482,2323,82,84,20000.0
85,-18,484,2342,78,70,21000.0
85,1403,461,2158,84,50,17000.0
85,388,474,2250,93,80,25000.0
85,1311,476,2243,98,85,27250.0
85,1962,442,2028,88,57,66500.0
85,0,490,2340,81,78,11150.0
85,659,501,2404,85,80,85500.0
85,254,456,2153,90,80,117000.0
85,1098,452,2202,90,84,24000.0
85,111,446,2168,90,84,26500.0
85,824,489,2265,89,70,25000.0
85,-1417,491,2288,83,76,16000.0
85,173,485,2352,84,82,24000.0
85,1833,484,2221,95,85,39650.0
85,1847,469,2204,98,85,15000.0
85,62,462,2237,84,86,14000.0
85,-280,496,2391,76,85,30000.0
85,-432,482,2266,81,85,13750.0
85,-275,465,2253,78,61,29000.0
85,-470,457,2174,91,81,20600.0
85,395,486,2335,81,71,14000.0
85,71,462,2271,61,75,13000.0
85,86,446,2063,86,85,14000.0
85,2467,456,2132,96,80,21050.0
85,-157,486,2345,85,90,17750.0
85,334,490,2319,90,80,27000.0
85,64,459,2193,94,80,27000.0
85,8,441,2082,63,65,14000.0
85,1141,465,2230,91,86,35000.0
85,550,477,1062,86,82,19000.0
85,141,454,2149,89,86,13000.0
85,-176,491,2319,86,75,21750.0
85,255,483,2300,78,75,13500.0
85,144,492,2290,83,75,15000.0
85,13,441,2080,64,62,13000.0
85,650,493,2353,95,85,15500.0
85,36,471,952,86,81,12750.0
85,468,473,2197,91,57,14500.0
85,564,463,2132,84,50,18750.0
85,91,444,2119,83,84,3500.0
85,190,467,996,78,81,3400.0
85,-16,425,1976,66,53,13000.0
85,82,447,2153,72,82,14500.0
85,8,458,2197,80,85,13000.0
85,89,454,2134,89,87,14500.0
85,3143,435,2009,82,53,27750.0
85,58,479,2224,93,85,11750.0
85,188,495,2331,80,81,13000.0
85,58,476,2309,79,80,30000.0
85,403,466,2177,81,57,13750.0
85,-8862,436,2121,92,81,83550.0
85,444,474,2196,88,60,14250.0
85,57,434,2156,54,67,3800.0
85,98,450,2122,82,78,32500.0
85,88,468,2250,82,85,29750.0
85,570,457,2140,92,82,15750.0
85,70,477,994,87,83,14750.0
85,-71,417,1903,73,50,13250.0
85,366,452,2208,88,85,14750.0
85,107,480,2287,94,85,14000.0
85,70,462,2189,87,83,21200.0
85,28,441,2175,76,85,14000.0
85,177,472,2243,88,80,15500.0
85,107,461,2163,84,86,14000.0
85,497,438,2095,70,84,13000.0
85,354,426,1904,82,38,27000.0
85,106,491,2323,94,85,12000.0
85,73,468,2240,81,63,29000.0
85,164,448,2165,73,88,13500.0
85,76,436,2086,90,76,14250.0
85,48,483,918,90,85,14000.0
85,61,490,2397,78,84,12250.0
85,58,431,2101,60,58,14750.0
85,15,485,1049,87,83,21750.0
85,53,435,2017,80,41,16500.0
85,115,477,2215,94,67,18500.0
85,25,435,2136,73,85,14250.0
85,31,491,2327,88,72,13500.0
85,16,473,2238,84,86,12250.0
85,50,485,2294,88,85,28000.0
85,2,411,1920,58,46,30000.0
85,10,492,2380,86,83,19500.0
85,53,508,2437,95,84,30000.0
84,925,469,2213,75,75,2700.0
84,169,416,1945,80,85,2100.0
84,-31,437,2054,76,76,9900.0
84,171,434,2079,81,79,2500.0
84,1168,475,2201,94,66,9900.0
84,618,439,2130,83,80,9800.0
84,152,444,2147,74,81,2200.0
84,141,452,2191,70,69,2300.0
84,957,477,2256,81,70,2700.0
84,114,412,1926,61,46,2400.0
84,842,440,2068,91,80,2400.0
84,63,416,2020,54,59,2500.0
84,184,444,2177,79,79,10000.0
84,829,455,2117,91,81,7500.0
84,2003,430,1952,84,45,9400.0
84,503,447,908,84,81,2500.0
84,1874,445,2056,86,50,10000.0
84,221,450,2120,82,54,5000.0
84,17,382,1769,64,35,2700.0
84,890,429,1988,93,73,2000.0
84,372,438,2116,88,81,2100.0
84,45,460,926,84,82,2900.0
84,32,425,2071,53,59,2300.0
84,282,436,2042,77,54,2200.0
84,208,430,2088,83,80,9100.0
84,-25,439,2132,68,81,7200.0
84,331,420,2010,81,74,8300.0
84,326,442,2125,76,75,2700.0
84,1160,479,2255,92,75,5400.0
84,69,433,2177,61,69,8700.0
84,644,438,2145,81,84,1500.0
84,1495,428,1995,91,77,3000.0
84,2029,419,1905,86,40,9700.0
84,949,475,2265,81,73,7500.0
84,285,475,2289,79,77,2200.0
84,39,450,2205,67,80,2200.0
84,160,416,1924,73,35,2200.0
84,76,397,1883,65,46,2000.0
84,104,416,2049,84,78,2300.0
84,37,446,2222,56,80,2400.0
84,291,416,2041,83,82,6700.0
84,162,450,2111,71,64,2200.0
84,47,431,2088,80,83,2400.0
84,1803,489,2276,88,79,9700.0
84,1296,476,2236,78,76,2500.0
84,346,476,2265,78,77,2700.0
84,202,472,2288,78,81,1800.0
84,216,468,2225,83,79,2300.0
84,9,460,2180,65,71,2200.0
84,-235,476,1099,85,83,2100.0
84,1994,425,1942,81,49,8000.0
84,49,439,2127,81,77,2300.0
84,52,437,2113,66,62,2500.0
84,121,437,2114,82,81,2500.0
84,34,409,1906,68,41,2400.0
84,95,445,2205,70,64,1900.0
84,113,415,1978,63,84,2800.0
84,4,443,929,80,80,2200.0
84,257,425,2074,86,78,6000.0
84,430,463,2162,68,69,12750.0
84,78,467,2232,78,80,12250.0
84,123,465,2273,68,81,12750.0
84,1630,459,2157,88,84,12500.0
84,549,481,2252,76,78,13000.0
84,380,406,2038,45,85,14000.0
84,72,381,1775,60,38,14000.0
84,1005,451,2097,80,51,26000.0
84,434,426,2108,64,81,13000.0
84,-1140,457,2191,88,84,184300.0
84,248,429,1966,78,52,28250.0
84,-265,455,2146,87,83,24000.0
84,2253,460,2153,88,83,12500.0
84,1102,439,2093,92,82,13250.0
84,126,451,2178,76,81,15000.0
84,196,411,1911,66,50,14000.0
84,1509,454,2149,78,77,19000.0
84,-82,463,2180,87,80,15050.0
84,231,465,2259,84,84,30850.0
84,1037,457,2141,92,77,15500.0
84,1421,441,2109,91,85,13000.0
84,664,471,2239,73,71,13750.0
84,-418,442,2140,73,86,28550.0
84,204,486,2297,79,80,30000.0
84,1067,451,2094,84,50,23500.0
84,2203,489,2371,82,78,26000.0
84,72,445,2108,88,84,14500.0
84,378,468,2164,86,84,13500.0
84,-21,458,941,85,84,15500.0
84,1346,425,1925,83,33,23750.0
84,1064,488,2295,88,71,15000.0
84,499,450,2124,88,84,30000.0
84,211,468,2161,83,64,22500.0
84,115,456,929,87,82,14000.0
84,-11,449,2193,74,84,13000.0
84,84,435,2117,78,79,16000.0
84,195,450,2160,83,84,12000.0
84,-142,464,2241,83,81,16750.0
84,80,430,2091,81,82,16750.0
84,161,464,2187,83,60,12500.0
84,1334,481,2271,85,68,26000.0
84,373,450,2114,88,83,16000.0
84,240,407,1858,72,39,20000.0
84,253,483,2318,82,77,1400.0
84,-51,437,2073,86,83,1950.0
84,109,443,2047,74,57,13000.0
84,74,474,996,84,82,14000.0
84,266,474,2200,93,81,12000.0
84,43,461,2212,81,72,17000.0
84,489,444,2038,87,44,30000.0
84,-379,474,2244,85,80,15350.0
84,1231,463,2214,85,99,19500.0
84,-194,496,2341,78,80,26000.0
84,159,465,2182,80,63,30000.0
84,352,468,937,88,82,18000.0
84,71,482,2308,87,78,18000.0
84,50,475,997,85,84,18750.0
84,117,479,1014,86,83,13000.0
84,664,471,2180,80,60,24500.0
84,96,476,2262,75,78,14000.0
84,20,471,897,87,80,13250.0
84,89,450,2153,84,82,14500.0
84,123,458,2166,80,54,20000.0
84,-3,416,2033,40,59,12500.0
84,153,439,2130,83,80,10000.0
84,451,439,2052,90,80,11500.0
84,15,463,2240,82,63,15000.0
84,110,453,2234,73,85,15000.0
84,1,452,718,84,83,15750.0
84,29,468,2254,77,75,12250.0
84,2,423,2036,62,51,12750.0
84,32,478,873,86,81,12500.0
84,99,497,2395,88,79,13500.0
84,167,450,2188,83,85,14750.0
84,38,423,1951,67,55,13000.0
84,87,482,931,85,84,13000.0
84,297,474,2217,82,68,13000.0
84,60,479,2263,95,78,12750.0
84,16,461,930,83,84,11750.0
84,235,477,2335,81,72,30000.0
84,26,403,1952,41,89,12000.0
84,13,464,2195,84,60,15000.0
84,32,478,2283,75,73,12750.0
84,48,450,2092,93,80,13000.0
84,182,448,2101,90,78,15750.0
84,37,458,2216,73,60,17750.0
84,326,483,2307,90,78,11500.0
84,35,482,1032,85,83,14250.0
84,-269,488,2308,83,81,16500.0
84,59,453,2143,91,80,12450.0
84,73,454,2099,86,52,14750.0
84,19,469,2192,89,80,12750.0
84,14,385,1801,40,48,13500.0
84,44,459,2143,92,78,14000.0
84,66,481,2317,77,85,13500.0
84,-56,464,2211,65,80,15500.0
84,176,479,2287,78,77,27250.0
84,56,485,2305,75,80,13250.0
84,22,445,2063,80,84,14500.0
84,41,473,1037,85,82,11500.0
84,88,465,2189,90,83,16500.0
84,-9,454,2226,75,73,12250.0
84,139,439,2083,87,84,13500.0
84,22,420,1967,60,54,13750.0
84,183,464,2216,93,84,12000.0
84,40,433,2070,83,78,12500.0
84,43,488,2300,87,88,30000.0
84,52,472,2266,78,84,25750.0
84,25,484,2285,84,80,28500.0
84,14,471,821,85,82,30000.0
83,76,438,2106,76,77,1500.0
83,-13,460,2221,66,74,1500.0
83,260,453,2205,74,76,3000.0
83,415,412,1891,78,50,6300.0
83,780,478,2270,90,75,8700.0
83,57,457,949,82,79,1300.0
83,188,452,2196,85,68,1000.0
83,86,413,1905,73,38,900.0
83,407,468,2179,84,68,1500.0
83,3849,473,2185,92,64,10000.0
83,106,431,2068,82,80,1300.0
83,2967,428,2033,93,77,9900.0
83,57,444,2201,58,74,4900.0
83,1109,429,1969,80,43,10000.0
83,78,463,2208,80,77,1000.0
83,0,449,2150,61,79,1000.0
83,6,450,1001,81,78,1000.0
83,281,445,2088,87,82,7500.0
83,53,409,2059,61,72,1000.0
83,28,412,2019,54,75,950.0
83,180,477,2270,73,78,1300.0
83,696,457,2161,85,84,1800.0
83,1216,455,2159,91,79,1800.0
83,412,454,2261,80,82,5900.0
83,564,462,2235,82,78,1200.0
83,-49,462,2223,70,72,1200.0
83,322,456,2150,81,76,1500.0
83,130,430,1993,72,51,850.0
83,1278,440,2108,84,82,8700.0
83,410,436,2025,90,82,3600.0
83,2611,420,1928,77,51,4400.0
83,52,461,2232,78,71,1200.0
83,1,444,2142,55,73,950.0
83,69,459,2184,79,67,1300.0
83,282,417,1944,76,47,7600.0
83,21,417,1989,56,61,9900.0
83,-71,440,2094,65,62,1200.0
83,22,456,912,83,82,1400.0
83,14,422,1970,78,82,1200.0
83,173,408,1907,73,46,1200.0
83,184,448,912,84,80,2800.0
83,47,402,1843,71,46,1100.0
83,50,439,844,84,77,1100.0
83,1003,435,1971,80,43,17500.0
83,123,459,922,85,82,12500.0
83,120,433,2106,78,73,13000.0
83,958,444,2075,93,82,23750.0
83,489,467,2204,87,73,12500.0
83,1536,466,2147,95,58,19250.0
83,47,412,1996,65,84,14000.0
83,1121,486,2274,89,76,19750.0
83,1,431,2069,40,68,14250.0
83,608,450,2069,87,51,17000.0
83,295,479,2254,78,77,13000.0
83,1646,465,2194,86,83,16750.0
83,220,477,2245,84,70,23500.0
83,72,454,2187,75,82,15000.0
83,15,422,2032,70,52,15000.0
83,326,470,2201,91,71,14000.0
83,1618,465,2191,92,60,21500.0
83,41,455,2204,73,77,12000.0
83,103,460,2127,94,76,12000.0
83,131,477,2310,73,80,14000.0
83,83,461,2244,90,84,12000.0
83,18,454,2147,80,80,12500.0
83,90,465,2231,88,85,13000.0
83,19,463,2131,86,60,15000.0
83,24,474,2252,91,77,13000.0
83,11,479,2338,65,80,15000.0
83,129,490,2301,91,71,14500.0
83,28,430,2030,70,60,12000.0
83,58,473,2236,82,76,11500.0
83,171,482,2210,83,70,14000.0
83,110,449,2111,96,80,13000.0
83,71,471,1003,82,83,13750.0
83,129,438,2066,91,80,13000.0
83,113,449,2138,85,84,13750.0
83,243,496,2400,90,81,12500.0
83,419,486,2284,81,76,12000.0
83,18,464,2201,80,60,12500.0
83,1,465,2218,80,62,15000.0
83,3,462,2188,85,83,12250.0
83,39,432,1991,67,51,15000.0
83,53,464,2130,92,75,13500.0
83,11,457,2200,53,86,12250.0
83,244,445,2088,87,82,2700.0
83,73,479,2217,89,80,12750.0
83,35,456,2166,87,80,12000.0
83,6,395,1845,58,55,17250.0
83,41,475,2206,84,76,12000.0
83,40,459,2158,85,83,12000.0
83,293,490,2295,95,79,13250.0
83,26,456,817,85,82,12250.0
83,13,414,1996,77,83,11500.0
83,17,442,2062,83,84,13250.0
83,31,436,2106,85,83,12750.0
83,58,447,2129,80,85,12500.0
83,140,427,1941,85,46,14500.0
83,44,453,2154,92,84,16500.0
83,120,477,2243,97,85,12000.0
83,64,483,2254,90,82,15000.0
83,17,438,2102,88,76,11750.0
83,25,452,2188,76,72,17000.0
83,46,486,2307,90,79,12000.0
83,0,376,1696,58,40,12500.0
83,145,487,2325,94,72,30000.0
83,65,432,2030,84,83,15250.0
83,65,485,2239,91,77,12000.0
83,106,462,2253,77,84,24000.0
83,3,474,2259,70,77,12500.0
83,65,481,2258,92,67,27000.0
83,33,417,1984,74,83,12000.0
83,36,454,2119,93,76,13000.0
83,244,481,2319,93,86,12000.0
83,16,464,942,86,81,12250.0
83,85,477,2259,85,70,17000.0
83,45,466,929,86,81,12500.0
83,78,482,2296,92,79,12250.0
83,35,466,806,86,80,15500.0
83,1,392,1819,57,40,14000.0
83,30,492,2320,85,83,11750.0
83,249,468,2139,88,58,13000.0
83,45,472,2224,75,73,14750.0
83,17,473,2316,92,80,14500.0
83,-1,459,2157,86,82,29000.0
83,104,436,2058,88,82,11500.0
83,70,445,2161,82,81,12750.0
83,49,444,2150,87,79,13000.0
83,122,464,2264,94,84,18000.0
83,48,476,2273,66,80,14250.0
83,42,443,2145,85,79,15000.0
83,17,471,2343,60,82,15000.0
83,22,466,2178,81,83,12250.0
83,534,454,2079,92,57,11750.0
83,88,443,2057,95,75,18500.0
83,9,475,2270,79,83,12000.0
83,31,451,2195,87,83,13000.0
83,-1,470,2274,77,79,11750.0
83,89,438,2130,79,85,12000.0
83,5,383,1800,67,33,15000.0
83,78,416,1926,80,45,29000.0
83,17,471,2229,83,82,15250.0
83,53,466,2167,80,70,29750.0
83,34,438,2082,86,84,15250.0
82,74,413,1971,87,71,800.0
82,135,455,1054,83,77,750.0
82,181,432,1998,76,56,2800.0
82,49,445,2133,76,60,750.0
82,34,427,2098,64,55,1800.0
82,1013,444,2087,89,82,1800.0
82,54,450,2138,63,72,750.0
82,64,444,2125,78,82,800.0
82,140,428,2017,78,73,750.0
82,244,449,2130,84,74,750.0
82,1110,460,2177,70,70,850.0
82,120,413,1916,75,37,900.0
82,803,425,2023,90,80,800.0
82,38,434,2098,74,83,750.0
82,42,420,2053,67,76,750.0
82,49,367,1711,57,36,850.0
82,68,436,2097,80,82,750.0
82,2015,436,2036,93,74,1300.0
82,472,461,2219,72,78,1100.0
82,561,442,2027,91,79,5600.0
82,140,420,2107,62,79,2700.0
82,1052,402,1998,58,85,800.0
82,39,439,2099,73,81,900.0
82,609,434,2062,86,83,7900.0
82,5,444,2157,70,85,750.0
82,63,420,2037,70,78,750.0
82,42,462,1043,84,78,750.0
82,62,454,2212,74,77,3400.0
82,164,412,2043,61,78,750.0
82,51,425,2082,65,75,9700.0
82,435,484,2297,80,78,1400.0
82,64,465,2236,76,81,8600.0
82,288,472,2227,82,74,800.0
82,100,465,2211,68,75,950.0
82,281,464,2231,77,68,6400.0
82,153,450,2170,80,82,750.0
82,90,471,1122,81,80,750.0
82,85,467,2206,82,75,750.0
82,48,466,1153,84,77,900.0
82,17,446,2140,78,69,750.0
82,54,462,2201,81,68,750.0
82,97,461,2217,87,65,750.0
82,-95,419,1982,67,49,750.0
82,20,419,1978,60,59,650.0
82,225,459,2169,85,66,950.0
82,196,459,2128,84,66,1900.0
82,41,459,2241,78,69,2100.0
82,71,417,1999,71,56,750.0
82,64,442,2124,67,66,900.0
82,64,459,992,82,79,8000.0
82,60,440,2160,53,80,750.0
82,122,427,2026,91,73,1000.0
82,152,427,2053,84,79,900.0
82,231,456,2081,83,63,950.0
82,70,457,1032,82,80,1000.0
82,329,455,2109,91,64,850.0
82,364,426,2036,89,83,750.0
82,472,436,2035,88,81,2000.0
82,136,424,1956,83,81,750.0
82,52,436,2109,73,78,900.0
82,29,451,2113,83,61,750.0
82,58,409,1995,57,55,950.0
82,59,449,944,83,76,750.0
82,59,449,923,82,82,750.0
82,38,418,2066,71,81,750.0
82,33,405,1809,68,49,750.0
82,23,403,1872,62,50,1500.0
82,676,415,1989,65,80,750.0
82,36,402,1887,62,54,2100.0
82,19,443,937,82,81,750.0
82,23,425,2055,67,78,2000.0
82,69,394,1810,68,32,750.0
82,37,392,1751,67,37,750.0
82,10,390,1845,64,39,550.0
82,152,390,1964,42,83,5800.0
82,14,360,1749,38,41,950.0
82,331,451,2040,87,57,13000.0
82,213,450,2220,85,58,26500.0
82,124,413,1981,69,84,12000.0
82,736,467,2202,83,65,29750.0
82,346,414,2000,84,82,12500.0
82,-181,415,1883,81,37,67200.0
82,382,430,2096,85,81,14500.0
82,78,463,2211,75,68,13000.0
82,274,479,2312,79,76,14750.0
82,139,440,2105,90,81,13000.0
82,164,417,2020,73,82,14250.0
82,59,452,966,82,78,14750.0
82,617,480,2281,90,83,23750.0
82,623,452,2093,84,57,16750.0
82,258,436,2064,86,83,14000.0
82,52,444,734,83,82,13000.0
82,145,469,972,83,82,14500.0
82,187,466,2197,87,69,15000.0
82,217,413,1970,83,74,13000.0
82,48,451,2138,83,80,12500.0
82,141,441,2082,84,82,12000.0
82,91,429,1955,74,82,12000.0
82,71,448,2192,77,84,12250.0
82,64,468,2294,74,80,13000.0
82,75,451,2134,83,84,12000.0
82,157,457,2204,81,76,12750.0
82,146,419,1997,89,77,13000.0
82,44,423,1957,76,43,15250.0
82,106,485,2293,83,74,12500.0
82,504,425,2015,90,81,11750.0
82,40,463,2185,85,81,14000.0
82,68,465,2236,76,81,650.0
82,66,459,992,82,79,650.0
82,39,462,2085,90,54,12000.0
82,50,434,2062,86,83,750.0
82,52,436,2035,88,81,850.0
82,25,432,2033,82,84,12000.0
82,27,473,2233,91,82,12000.0
82,143,449,2075,85,46,28500.0
82,77,464,2173,90,82,15000.0
82,64,432,2130,85,82,12000.0
82,54,457,2198,70,79,12000.0
82,50,458,2197,95,83,12750.0
82,33,451,2051,96,83,12250.0
82,33,479,1049,84,82,28000.0
82,10,476,2221,93,74,15250.0
82,38,463,2179,92,82,15250.0
81,218,449,2081,87,59,700.0
81,84,453,2159,76,68,700.0
81,37,442,2111,69,74,700.0
81,344,405,1827,80,30,800.0
81,581,433,2050,75,73,3600.0
81,675,410,1990,88,76,5500.0
81,115,456,2177,82,73,800.0
81,29,407,1971,71,73,700.0
81,310,442,2073,82,54,700.0
81,66,448,986,83,78,700.0
81,1365,437,2094,87,82,7500.0
81,1235,419,1954,90,73,1100.0
81,108,453,2211,82,65,700.0
81,26,418,2132,47,71,800.0
81,117,460,2153,73,74,3100.0
81,28,459,2210,76,77,650.0
81,42,429,2060,74,81,700.0
81,40,425,2011,85,81,600.0
81,54,428,2093,70,81,4600.0
81,19,409,1991,77,79,600.0
81,46,443,2085,80,56,700.0
81,21,457,2214,69,78,1600.0
81,65,447,2127,66,66,700.0
81,36,445,2132,73,76,700.0
81,42,454,2165,74,79,700.0
81,331,443,2070,94,78,750.0
81,401,450,2146,72,60,700.0
81,170,461,2118,87,75,9900.0
81,83,467,2200,75,76,700.0
81,195,462,2145,78,68,700.0
81,1515,461,2081,82,64,700.0
81,65,449,2128,78,77,700.0
81,229,435,1985,80,51,700.0
81,214,447,2139,82,79,700.0
81,37,433,2062,71,61,700.0
81,29,431,2077,69,62,700.0
81,228,430,1995,77,48,700.0
81,18,454,2128,75,79,700.0
81,20,453,2195,72,71,8000.0
81,33,453,2189,71,75,700.0
81,36,440,2119,76,80,2300.0
81,88,452,2157,72,70,700.0
81,-3,452,2173,63,76,700.0
81,96,451,2167,72,68,700.0
81,55,451,2181,69,76,700.0
81,145,450,2167,82,79,800.0
81,92,449,2138,69,67,700.0
81,28,448,2170,79,78,700.0
81,16,448,2180,62,74,900.0
81,39,421,1944,70,54,700.0
81,34,433,2100,79,82,700.0
81,74,445,2129,66,65,9000.0
81,-135,461,2174,82,71,6000.0
81,26,444,2177,64,76,700.0
81,226,431,2048,84,82,5000.0
81,193,417,1916,77,51,700.0
81,76,442,2097,71,68,700.0
81,64,441,2062,63,65,700.0
81,31,441,2111,57,72,1000.0
81,433,415,1866,82,43,1800.0
81,19,457,985,79,82,700.0
81,167,426,2029,93,76,700.0
81,240,456,1033,85,79,700.0
81,59,437,2164,59,74,650.0
81,30,436,2087,87,78,700.0
81,183,452,2109,84,60,700.0
81,85,422,1990,77,80,1000.0
81,20,407,1944,67,52,700.0
81,84,419,2025,83,77,700.0
81,59,449,992,82,78,700.0
81,216,449,949,80,82,700.0
81,61,430,2109,67,74,2300.0
81,24,405,1927,63,57,700.0
81,-515,404,1939,48,57,10000.0
81,42,445,888,82,78,700.0
81,291,398,1768,78,34,700.0
81,18,408,1930,66,82,850.0
81,19,434,923,84,78,700.0
81,40,390,1812,62,47,900.0
81,-67,389,1774,67,45,550.0
81,34,413,2015,74,75,900.0
81,16,386,1795,59,43,10000.0
81,54,385,1752,68,36,700.0
81,23,408,1906,51,57,700.0
81,22,362,1635,63,25,800.0
81,0,384,1758,58,39,14500.0
81,58,428,815,83,79,12000.0
81,-21,412,2052,66,60,12250.0
81,109,465,976,80,83,13500.0
81,150,461,2165,82,65,17000.0
81,57,445,2136,82,78,12000.0
81,-920,454,2140,85,53,26500.0
81,328,419,2026,68,83,12000.0
81,43,446,2229,72,83,14500.0
81,225,406,1851,81,39,13000.0
81,120,462,2189,83,68,15750.0
81,552,445,2109,86,82,12000.0
81,23,455,2170,81,75,15000.0
81,271,465,2213,92,81,13750.0
81,169,453,2095,91,77,12000.0
81,631,454,2079,91,78,18250.0
81,69,434,2142,56,71,12500.0
81,67,449,2172,62,67,11000.0
81,68,452,2150,90,80,14750.0
81,7,412,1949,57,61,13500.0
81,47,468,2234,90,75,14000.0
81,126,420,2012,79,82,12500.0
81,130,447,915,83,82,13750.0
81,10,438,2140,65,83,15000.0
81,420,443,2072,95,80,14000.0
81,-8,406,2001,67,81,13000.0
81,8,422,2012,55,62,15000.0
81,389,436,1984,85,49,27750.0
81,164,431,2039,90,78,13000.0
81,116,449,2162,83,81,12750.0
81,185,459,2239,92,84,13000.0
81,53,444,2076,95,40,12750.0
81,8,454,2199,81,84,15000.0
81,6,438,2129,76,85,12000.0
81,43,456,908,86,81,12250.0
81,25,451,2076,88,81,12000.0
81,141,462,2169,97,81,12250.0
81,46,470,2321,66,78,12500.0
81,832,495,2320,87,80,12500.0
81,79,431,2048,84,82,700.0
81,72,454,2127,92,81,15000.0
81,26,429,2054,73,76,700.0
81,63,425,1963,93,70,12500.0
81,16,440,2070,92,75,13250.0
81,30,432,2015,79,82,12000.0
81,337,408,2043,61,83,700.0
81,0,461,2174,82,71,650.0
81,14,453,2195,72,71,700.0
81,24,386,1795,59,43,550.0
81,9,458,2206,86,81,12250.0
81,98,461,2118,87,75,700.0
81,52,440,2039,93,71,12000.0
81,38,451,2131,95,81,14500.0
81,16,444,2101,79,82,12000.0
81,33,415,2060,61,86,12500.0
81,140,474,2249,76,77,12500.0
81,69,480,2273,87,76,15000.0
81,32,483,2329,83,77,12000.0
81,31,447,2034,92,79,15250.0
81,32,457,951,80,81,13000.0
81,41,472,2176,87,68,13000.0
81,12,468,924,82,81,12500.0
81,45,428,2037,88,81,12000.0
81,24,464,855,82,81,12500.0
81,28,434,2081,85,81,12000.0
81,68,471,2214,80,77,29000.0
80,276,473,2244,82,74,8000.0
80,593,444,2090,89,57,10000.0
80,264,435,1987,82,47,700.0
80,279,414,1868,78,39,4200.0
80,724,446,2044,94,54,10000.0
80,456,431,1927,86,50,700.0
80,11,441,2091,67,70,700.0
80,10,423,2077,69,66,600.0
80,127,457,2152,82,73,700.0
80,21,399,2015,51,81,9500.0
80,75,434,2049,86,78,3800.0
80,68,432,2010,71,57,700.0
80,98,438,2027,83,57,700.0
80,18,452,2182,65,80,700.0
80,9,416,2097,42,62,8500.0
80,111,452,2156,73,66,700.0
80,2137,474,2248,83,74,10000.0
80,20,424,2002,56,63,550.0
80,83,458,2154,75,73,700.0
80,26,446,2143,72,67,600.0
80,-111,449,2186,64,71,550.0
80,12,451,2146,66,75,500.0
80,21,405,1945,71,70,500.0
80,25,398,1908,72,79,600.0
80,152,446,2104,84,69,1900.0
80,42,442,949,80,79,700.0
80,30,447,987,80,79,450.0
80,13,433,2052,68,73,700.0
80,380,444,995,80,76,450.0
80,19,453,2190,76,69,4400.0
80,5,397,1791,64,45,700.0
80,23,425,2009,87,73,650.0
80,68,449,2092,86,80,750.0
80,108,457,2158,77,69,700.0
80,38,455,2192,69,76,700.0
80,44,429,2025,75,49,700.0
80,80,453,2185,72,81,7100.0
80,7,452,2219,69,71,700.0
80,16,451,2191,70,72,900.0
80,27,451,2146,68,68,700.0
80,10,450,2144,80,75,700.0
80,376,449,2197,76,67,2200.0
80,34,449,2126,63,74,700.0
80,203,435,2053,89,73,700.0
80,200,435,2115,89,77,700.0
80,77,447,2122,70,69,8300.0
80,9,445,2163,71,74,650.0
80,70,445,2173,64,77,700.0
80,30,444,2134,70,68,500.0
80,9,443,2136,81,76,500.0
80,43,443,2160,71,65,700.0
80,3,417,2012,54,64,750.0
80,16,429,2037,82,81,10000.0
80,16,441,2086,68,71,500.0
80,54,457,2230,79,74,850.0
80,35,427,1992,84,75,700.0
80,159,456,2174,83,68,700.0
80,80,439,2107,83,81,700.0
80,34,438,2104,70,69,600.0
80,48,412,1976,59,51,600.0
80,94,453,2121,85,63,700.0
80,25,436,2106,53,73,500.0
80,179,423,1976,90,79,700.0
80,80,453,1058,76,74,700.0
80,52,409,1920,73,50,700.0
80,-2,434,2077,59,75,500.0
80,4,434,2093,54,73,600.0
80,17,433,2103,77,76,10000.0
80,17,433,2090,70,79,3500.0
80,28,433,2101,69,73,450.0
80,2,421,2141,35,83,600.0
80,97,449,2102,88,68,10000.0
80,31,450,1006,82,78,700.0
80,218,419,2000,83,79,700.0
80,21,447,2067,82,64,700.0
80,4,417,1964,81,77,650.0
80,28,447,969,80,74,700.0
80,13,446,2139,76,65,700.0
80,24,428,2009,86,77,550.0
80,34,446,994,80,77,700.0
80,32,416,1983,80,78,700.0
80,65,416,1995,78,77,700.0
80,35,427,2014,70,54,700.0
80,42,443,2114,76,54,700.0
80,6,426,2016,61,64,600.0
80,18,400,1929,65,49,550.0
80,35,441,2058,83,57,2900.0
80,23,440,2065,74,63,850.0
80,41,422,2002,85,74,4500.0
80,189,410,1942,83,79,700.0
80,123,421,2006,92,78,700.0
80,40,438,2043,83,57,700.0
80,26,421,2015,78,77,600.0
80,145,438,929,83,77,700.0
80,44,438,916,82,77,500.0
80,49,437,2022,80,58,700.0
80,-256,395,1900,62,51,850.0
80,13,420,2117,46,71,9000.0
80,16,437,920,78,77,500.0
80,30,436,2088,73,56,700.0
80,27,435,2058,78,55,700.0
80,28,393,1807,61,51,600.0
80,83,435,970,79,78,550.0
80,7,433,884,82,79,550.0
80,17,433,870,80,81,600.0
80,47,432,2055,79,57,700.0
80,77,403,1930,73,80,650.0
80,28,402,1897,78,80,550.0
80,13,432,963,77,79,850.0
80,19,388,1758,66,40,600.0
80,24,413,2041,44,79,600.0
80,25,430,864,81,76,700.0
80,50,429,865,80,76,700.0
80,45,411,1996,74,68,550.0
80,9,428,863,81,76,950.0
80,17,426,2037,71,59,850.0
80,28,409,1971,35,65,600.0
80,151,424,1975,82,50,700.0
80,48,381,1766,58,37,500.0
80,43,389,1892,60,81,400.0
80,59,399,1857,78,71,900.0
80,10,363,1765,31,46,650.0
80,133,457,2193,96,80,21500.0
80,34,481,2296,84,76,23000.0
80,30,418,1980,75,80,13500.0
80,98,416,2097,42,62,2500.0
80,52,449,2102,88,68,700.0
80,61,422,2002,85,74,650.0
80,100,470,2239,80,78,30000.0
80,42,433,2019,90,73,27000.0
80,42,464,2157,88,75,30000.0
80,182,435,1942,82,53,19750.0
80,12,451,2171,89,71,20000.0
80,389,440,935,82,73,5500.0
80,116,453,2185,72,81,700.0
80,56,473,2244,82,74,700.0
80,32,433,2103,77,76,650.0
80,29,429,2037,82,81,650.0
80,63,471,2244,90,80,29500.0
80,71,460,2242,80,76,49750.0
80,52,445,2109,85,51,31500.0
80,64,437,2012,89,81,40000.0
80,13,462,2171,90,74,30000.0
80,11,429,2022,89,81,46750.0
80,16,460,2161,83,84,13000.0
80,41,437,2067,91,79,20000.0
80,326,459,2204,88,81,45000.0
80,63,450,2204,93,80,47500.0
80,25,439,2108,83,82,15500.0
80,23,433,2038,90,80,30000.0
79,67,425,2046,73,68,2000.0
79,28,446,921,79,79,500.0
79,284,402,1955,88,77,700.0
79,11,388,1843,77,73,500.0
79,68,431,2035,76,64,900.0
79,267,455,2157,76,66,700.0
79,141,444,2123,72,71,450.0
79,153,415,2021,77,79,700.0
79,163,388,1787,75,37,700.0
79,78,395,1812,80,36,700.0
79,34,410,1979,81,76,1100.0
79,11,422,2011,74,54,600.0
79,194,414,1937,85,72,700.0
79,281,458,2122,82,71,700.0
79,716,436,1950,96,65,700.0
79,21,449,2151,68,80,500.0
79,69,438,2049,84,53,700.0
79,162,428,1991,78,49,700.0
79,48,394,1938,61,82,400.0
79,17,419,2058,71,76,500.0
79,61,388,1907,72,77,450.0
79,11,418,2032,67,67,450.0
79,10,421,2049,69,73,450.0
79,197,454,2128,77,76,5300.0
79,-116,389,1897,47,49,400.0
79,73,434,2105,71,70,450.0
79,23,428,2015,73,58,500.0
79,15,446,1076,80,79,600.0
79,29,400,1925,78,77,550.0
79,43,404,1864,72,50,700.0
79,6,460,2201,76,75,500.0
79,250,420,2067,72,77,2300.0
79,67,390,1928,48,78,500.0
79,36,449,899,82,75,500.0
79,17,426,2127,55,79,600.0
79,4,429,2058,59,64,500.0
79,18,401,1945,74,78,500.0
79,1,443,2119,68,67,10000.0
79,72,445,2119,82,75,700.0
79,11,456,2191,73,77,550.0
79,17,455,2118,67,76,500.0
79,26,428,1994,73,53,700.0
79,26,452,2185,68,76,700.0
79,51,438,2046,85,75,700.0
79,20,450,2139,69,74,500.0
79,20,423,2022,67,58,450.0
79,26,433,2025,82,73,500.0
79,111,445,2082,77,62,700.0
79,32,433,2096,72,76,450.0
79,33,445,2151,67,77,700.0
79,46,432,2081,81,78,550.0
79,36,444,2078,74,76,500.0
79,63,443,2133,67,62,700.0
79,39,430,2028,80,80,700.0
79,45,442,2172,74,75,700.0
79,245,429,2046,88,78,700.0
79,53,429,2060,78,81,700.0
79,20,429,2096,68,77,500.0
79,34,440,2093,68,72,500.0
79,12,439,2110,70,70,700.0
79,16,439,2092,67,74,700.0
79,11,439,2109,65,64,500.0
79,150,414,2006,63,62,500.0
79,43,439,2152,61,71,500.0
79,1,438,2091,66,71,500.0
79,38,437,2104,77,71,500.0
79,55,437,2060,68,67,700.0
79,20,437,2082,68,66,500.0
79,62,435,2099,77,72,700.0
79,33,435,2158,58,78,500.0
79,43,433,2090,70,69,450.0
79,45,420,1977,81,78,700.0
79,5,420,1971,78,81,700.0
79,43,448,2082,82,64,700.0
79,46,406,1868,78,39,700.0
79,24,449,1149,78,74,500.0
79,75,447,2060,92,62,700.0
79,26,430,2089,73,76,500.0
79,7,430,2095,54,70,600.0
79,31,447,966,80,78,500.0
79,5,447,1018,80,77,400.0
79,30,446,2185,76,77,1800.0
79,52,445,2094,84,66,700.0
79,12,446,1023,80,77,450.0
79,27,444,2111,83,61,700.0
79,72,444,2083,83,60,700.0
79,87,402,1804,81,39,700.0
79,119,414,1954,83,79,700.0
79,13,444,1047,80,77,600.0
79,94,443,2055,80,67,500.0
79,28,401,1812,75,47,700.0
79,6,426,2048,51,72,550.0
79,51,425,1995,86,75,700.0
79,9,425,2044,72,72,4300.0
79,14,411,1987,77,78,500.0
79,7,440,895,81,77,500.0
79,23,410,1899,73,79,10000.0
79,-43,439,2152,68,65,600.0
79,8,397,1839,67,36,700.0
79,5,397,1947,47,57,600.0
79,3,438,2090,78,66,450.0
79,21,438,901,82,75,500.0
79,421,395,1774,80,33,700.0
79,7,438,1027,80,75,10000.0
79,59,438,1034,76,80,500.0
79,53,395,1799,70,29,600.0
79,30,420,2024,59,64,500.0
79,27,420,1939,58,61,500.0
79,57,419,1999,88,77,700.0
79,645,436,2023,85,56,700.0
79,43,437,952,77,79,550.0
79,33,407,1853,70,78,3000.0
79,10,435,856,78,76,400.0
79,67,416,1928,89,74,700.0
79,164,404,1921,60,77,6000.0
79,69,403,1851,87,79,750.0
79,20,402,1852,83,78,550.0
79,12,414,2068,50,73,650.0
79,65,430,1990,80,54,500.0
79,16,388,1867,55,45,700.0
79,2,412,1969,60,56,500.0
79,19,429,958,78,74,700.0
79,22,428,969,80,76,4800.0
79,0,410,1991,77,76,500.0
79,10,385,1832,67,38,500.0
79,15,385,1810,52,49,550.0
79,112,410,1978,49,64,500.0
79,147,409,1992,82,78,5800.0
79,19,426,918,77,78,500.0
79,59,396,1940,73,74,600.0
79,37,383,1739,72,29,700.0
79,9,383,1802,61,37,500.0
79,19,425,890,76,80,650.0
79,16,395,1928,73,76,500.0
79,20,395,1921,72,72,550.0
79,30,382,1760,71,39,700.0
79,30,394,1909,69,78,550.0
79,-1,423,2048,66,55,2000.0
79,111,393,1896,81,78,700.0
79,56,405,1964,66,78,650.0
79,13,379,1795,44,51,700.0
79,24,403,1979,38,67,450.0
79,-213,403,2054,34,63,450.0
79,136,377,1716,82,32,700.0
79,32,419,1931,81,46,500.0
79,62,418,1960,81,51,7500.0
79,50,417,782,76,75,500.0
79,24,399,1930,76,80,400.0
79,27,416,1943,72,46,800.0
79,14,399,2004,69,73,800.0
79,537,416,943,76,73,500.0
79,79,404,1865,74,33,600.0
79,29,361,1742,49,40,650.0
79,13,358,1712,50,32,500.0
79,-4,354,1592,70,24,500.0
79,-16,435,2167,53,74,800.0
79,110,457,2074,91,76,44750.0
79,29,441,783,77,78,32500.0
79,11,406,2022,72,77,47500.0
79,7,408,1946,78,79,16000.0
79,92,449,2103,82,55,25000.0
79,-4,434,2131,80,74,34500.0
79,90,445,881,78,76,47500.0
79,42,462,2218,78,80,35000.0
79,14,385,1844,52,80,40000.0
79,23,462,2200,91,65,28000.0
79,32,455,2224,92,78,30000.0
79,24,464,2138,84,66,25000.0
79,21,433,802,79,79,45000.0
79,6,475,2278,86,79,17750.0
79,152,404,1921,60,77,600.0
79,142,409,1992,82,78,700.0
79,28,417,2046,72,82,750.0
79,34,438,1027,80,75,500.0
79,19,476,2279,84,72,32500.0
79,-11,416,1994,70,80,28750.0
79,10,462,2180,82,75,15000.0
79,37,457,859,80,79,17500.0
79,35,445,2072,88,75,24500.0
79,0,432,2062,75,63,23000.0
79,19,441,2036,90,76,20000.0
79,16,410,1979,81,76,700.0
79,30,418,1960,81,51,500.0
79,39,407,1853,70,78,550.0
79,8,425,2044,72,72,500.0
79,24,410,1899,73,79,650.0
79,26,428,969,80,76,650.0
79,8,451,2192,90,79,32500.0
79,26,466,2272,82,70,19000.0
79,18,447,2079,92,81,22750.0
79,2,443,2119,68,67,650.0
79,21,380,1760,68,37,30000.0
79,24,441,2000,90,75,24500.0
79,29,448,759,84,77,29500.0
79,30,453,2151,78,72,14500.0
79,28,423,1992,93,70,20500.0
79,66,453,2059,93,55,29000.0
79,33,423,2037,90,80,19000.0
79,41,435,657,80,76,14500.0
78,69,409,1869,83,39,450.0
78,292,421,1974,80,50,700.0
78,65,410,1903,85,76,550.0
78,147,419,1956,87,71,700.0
78,25,422,2004,82,55,6700.0
78,-1,429,2080,63,66,500.0
78,21,436,2089,70,72,500.0
78,39,395,1821,71,39,700.0
78,30,419,1957,82,77,700.0
78,67,411,2018,83,77,450.0
78,24,395,1848,63,75,500.0
78,16,388,1872,83,64,450.0
78,29,398,1861,85,74,400.0
78,134,407,1801,81,56,700.0
78,68,432,2043,67,64,700.0
78,19,429,2005,79,53,500.0
78,-36,438,2052,72,69,500.0
78,22,402,1923,83,78,8900.0
78,25,448,2151,71,66,700.0
78,15,433,2056,67,68,450.0
78,37,418,1979,63,57,700.0
78,-27,409,780,78,78,400.0
78,22,435,2078,70,64,450.0
78,40,431,1983,81,77,500.0
78,24,420,2058,72,79,450.0
78,15,439,2154,69,75,500.0
78,54,409,1925,89,69,550.0
78,6,431,917,78,79,5900.0
78,91,460,2237,85,76,700.0
78,16,445,2159,76,80,8600.0
78,63,455,2139,87,76,700.0
78,8,430,2064,65,63,550.0
78,50,439,2070,89,71,700.0
78,162,451,2174,74,71,9900.0
78,6,438,2101,81,76,450.0
78,96,438,2097,75,76,700.0
78,40,437,2062,81,67,650.0
78,32,449,2135,77,70,700.0
78,107,423,2004,76,53,7500.0
78,39,448,2157,76,74,700.0
78,33,445,2106,74,72,700.0
78,24,443,2110,87,74,700.0
78,15,431,2042,86,73,500.0
78,44,460,2209,83,73,700.0
78,30,442,2109,73,65,500.0
78,5,416,2018,68,56,800.0
78,32,428,2088,77,77,700.0
78,2,440,2104,72,67,500.0
78,51,439,2038,76,71,550.0
78,20,439,2101,66,73,550.0
78,17,414,1992,65,60,700.0
78,11,414,1998,58,67,500.0
78,64,425,1995,84,76,700.0
78,1,437,2122,65,72,500.0
78,5,436,2111,68,65,700.0
78,17,435,2059,85,75,700.0
78,83,410,1889,79,42,6300.0
78,27,422,1990,84,74,500.0
78,11,409,1847,68,56,500.0
78,104,450,2070,92,64,700.0
78,15,450,2098,81,72,600.0
78,30,451,1149,77,78,500.0
78,28,420,1971,84,73,500.0
78,24,420,1970,82,78,450.0
78,11,449,2165,78,73,450.0
78,24,432,2067,67,68,550.0
78,14,448,2119,73,74,600.0
78,-58,406,1864,71,44,450.0
78,115,447,2051,87,63,700.0
78,20,405,1901,64,49,450.0
78,14,429,2025,64,64,600.0
78,39,429,2160,52,70,2400.0
78,6,428,2113,72,71,550.0
78,22,427,2024,79,76,1000.0
78,18,445,1031,78,76,5000.0
78,61,402,1836,75,44,700.0
78,21,402,1883,60,42,450.0
78,109,426,2069,75,77,550.0
78,6,401,1941,62,46,500.0
78,10,425,2072,75,61,600.0
78,37,412,1992,77,79,700.0
78,25,399,1851,71,46,500.0
78,40,412,1969,69,79,450.0
78,22,399,1882,68,45,500.0
78,11,424,2045,66,72,750.0
78,190,423,1997,86,71,700.0
78,102,440,2071,79,60,500.0
78,19,423,2013,65,63,550.0
78,76,409,1967,86,76,700.0
78,18,409,1976,83,79,700.0
78,14,421,2026,59,65,500.0
78,8,438,859,80,74,500.0
78,8,408,1969,67,77,550.0
78,50,436,2036,82,67,700.0
78,7,436,2076,78,70,450.0
78,99,407,1985,78,80,8800.0
78,77,435,2120,76,65,600.0
78,36,406,1942,69,81,400.0
78,41,418,2022,50,75,500.0
78,28,405,1927,85,73,700.0
78,24,392,1782,73,39,700.0
78,39,416,2005,88,67,700.0
78,20,433,2031,79,58,600.0
78,29,416,2036,64,73,7500.0
78,-5,432,2024,74,62,500.0
78,14,414,1982,83,73,450.0
78,19,432,964,78,75,700.0
78,6,431,881,81,73,500.0
78,9,401,1908,62,79,500.0
78,25,430,867,80,78,700.0
78,318,399,1857,84,72,700.0
78,19,428,1975,76,58,450.0
78,15,428,2076,74,64,700.0
78,7,428,906,79,77,450.0
78,43,427,2063,63,60,550.0
78,13,427,879,79,76,500.0
78,17,427,882,77,82,500.0
78,12,409,1986,71,72,500.0
78,30,408,1936,88,69,450.0
78,2,426,965,78,73,3000.0
78,4,426,972,77,75,5000.0
78,-1,396,1924,63,78,450.0
78,-20,424,1917,83,52,500.0
78,9,407,1934,80,64,500.0
78,19,395,1890,79,79,9800.0
78,24,424,897,79,73,500.0
78,7,424,868,75,71,450.0
78,34,422,2079,80,53,600.0
78,19,422,2046,75,57,500.0
78,11,380,1795,61,42,500.0
78,34,392,1904,85,79,2500.0
78,12,379,1767,59,39,450.0
78,67,391,1860,85,71,500.0
78,13,403,1901,81,78,450.0
78,-11,419,2060,64,60,600.0
78,16,377,1755,58,36,450.0
78,10,400,1935,75,72,500.0
78,61,400,1932,75,73,400.0
78,16,417,1955,74,49,700.0
78,44,375,1838,32,52,500.0
78,26,417,726,79,78,550.0
78,2,399,1987,59,67,700.0
78,21,386,1819,74,76,500.0
78,19,398,1973,71,76,8000.0
78,3,385,1840,64,79,700.0
78,22,413,827,78,75,500.0
78,7,370,1706,70,28,550.0
78,13,412,705,77,76,500.0
78,50,393,1899,75,70,500.0
78,24,381,1843,66,78,500.0
78,24,408,1889,76,43,650.0
78,3,366,1789,44,42,450.0
78,36,364,1637,75,27,700.0
78,19,404,730,81,74,450.0
78,71,385,1837,78,69,700.0
78,13,362,1767,33,83,500.0
78,280,371,1830,69,70,10000.0
78,47,371,1817,41,44,450.0
78,-1,344,1615,33,42,400.0
78,13,427,901,77,74,8500.0
78,30,426,1980,88,77,40000.0
78,30,417,1982,85,78,30000.0
78,14,390,1821,67,38,500.0
78,12,432,870,79,78,29000.0
78,5,400,1869,64,78,34000.0
78,16,395,1890,79,79,650.0
78,56,410,1889,79,42,700.0
78,29,366,1764,49,47,500.0
78,10,417,1955,74,49,500.0
78,28,445,1031,78,76,500.0
78,34,392,1904,85,79,650.0
78,96,373,1723,53,40,400.0
78,63,391,1863,61,44,400.0
78,45,396,1900,76,72,550.0
78,45,451,2174,74,71,700.0
78,11,427,901,77,74,500.0
78,12,431,917,78,79,550.0
78,12,402,1923,83,78,700.0
78,7,426,972,77,75,500.0
78,14,426,2026,82,70,500.0
78,11,434,2096,75,74,500.0
78,35,416,2036,64,73,700.0
77,-82,405,1899,75,76,500.0
77,85,434,2052,71,69,500.0
77,23,438,2078,79,69,450.0
77,34,402,1950,68,80,450.0
77,73,417,2024,58,68,1000.0
77,17,416,1972,71,53,450.0
77,20,409,1921,72,39,500.0
77,2,428,2002,78,71,450.0
77,203,397,1760,87,33,1800.0
77,15,385,1781,61,42,500.0
77,54,422,2047,80,75,700.0
77,36,402,1917,81,75,450.0
77,3,436,2097,68,73,500.0
77,12,400,1816,84,75,400.0
77,8,435,996,79,74,400.0
77,37,406,1861,94,76,700.0
77,86,418,1906,81,48,700.0
77,68,426,1948,80,52,4800.0
77,56,434,2034,78,61,700.0
77,39,405,1948,74,82,500.0
77,6,422,1992,73,49,400.0
77,3,397,1812,70,39,500.0
77,9,369,1705,63,41,550.0
77,21,427,2018,74,63,450.0
77,18,382,1855,42,50,500.0
77,13,442,2111,67,71,450.0
77,29,391,1948,62,79,400.0
77,27,444,2115,71,68,700.0
77,40,431,2100,88,80,10000.0
77,9,395,1880,73,77,450.0
77,4,430,1999,74,65,450.0
77,34,413,1890,94,73,700.0
77,126,425,1973,95,70,700.0
77,2,428,2017,74,57,700.0
77,71,452,2132,80,74,700.0
77,48,452,2144,79,74,700.0
77,77,438,2035,84,73,700.0
77,29,449,2138,78,73,700.0
77,29,436,2037,84,75,500.0
77,61,446,2097,74,69,500.0
77,33,442,2056,83,71,450.0
77,33,442,2074,76,63,400.0
77,21,442,2109,72,72,500.0
77,12,442,2090,72,65,500.0
77,10,440,2059,73,70,10000.0
77,37,426,1953,89,76,700.0
77,26,455,2174,83,68,700.0
77,59,438,2059,70,61,1000.0
77,-7,425,2071,75,76,700.0
77,29,437,2056,72,71,500.0
77,36,437,2101,67,73,500.0
77,12,424,2024,80,73,450.0
77,60,424,2015,78,77,700.0
77,13,436,2063,77,72,450.0
77,11,434,2059,85,69,550.0
77,75,434,2053,82,58,700.0
77,15,434,2078,62,71,550.0
77,18,409,1956,61,56,400.0
77,121,408,1854,82,44,700.0
77,30,421,2026,78,76,9400.0
77,24,449,2132,79,64,700.0
77,20,432,1974,72,63,450.0
77,6,432,2089,71,78,450.0
77,30,407,1901,70,49,500.0
77,7,407,2011,51,67,500.0
77,63,419,2019,86,74,400.0
77,4,419,1967,70,78,450.0
77,15,431,2081,62,70,550.0
77,15,430,2056,70,71,500.0
77,6,430,2085,69,72,8900.0
77,86,430,2091,65,77,500.0
77,10,417,2014,67,79,450.0
77,40,445,2098,80,67,700.0
77,16,403,1883,69,42,450.0
77,24,427,2058,74,71,550.0
77,4,427,1990,74,62,450.0
77,10,426,2121,61,68,400.0
77,405,413,1964,78,77,500.0
77,24,425,1976,73,63,400.0
77,48,412,1940,81,68,900.0
77,10,424,2055,60,68,8900.0
77,28,440,2029,88,65,500.0
77,14,411,1934,85,73,450.0
77,7,423,2048,68,77,450.0
77,63,410,1902,89,75,700.0
77,13,422,2027,81,75,900.0
77,21,439,2081,81,60,700.0
77,5,410,1952,79,75,450.0
77,12,439,2088,78,65,10000.0
77,20,410,2006,78,77,500.0
77,18,422,2049,77,77,500.0
77,102,409,1916,90,71,7000.0
77,10,438,2075,81,69,450.0
77,22,408,1928,90,71,10000.0
77,63,420,2006,90,70,700.0
77,17,420,1972,80,72,500.0
77,-8,438,716,79,78,400.0
77,-1,437,2058,78,62,450.0
77,26,407,1943,73,79,450.0
77,110,435,2006,86,59,700.0
77,10,435,2060,78,64,450.0
77,13,406,1995,75,79,700.0
77,27,416,1935,88,69,700.0
77,9,404,1955,76,79,400.0
77,23,416,2016,73,69,500.0
77,-84,433,2096,69,69,500.0
77,-2,416,2020,57,65,500.0
77,15,391,1867,52,50,550.0
77,30,432,2021,72,65,400.0
77,91,431,2039,80,57,450.0
77,13,414,2005,72,72,450.0
77,12,414,1966,69,73,450.0
77,47,389,1794,61,47,10000.0
77,18,431,989,75,77,500.0
77,49,400,1853,83,76,450.0
77,18,412,1971,81,75,400.0
77,50,412,1941,78,71,400.0
77,50,412,1958,78,75,500.0
77,2,430,969,78,74,400.0
77,23,430,1022,77,73,450.0
77,17,428,1966,84,58,400.0
77,29,411,1962,84,73,450.0
77,9,429,864,77,78,400.0
77,3,411,1957,72,76,400.0
77,16,428,2023,68,65,10000.0
77,21,398,1798,84,76,450.0
77,-2,428,934,76,76,450.0
77,229,398,1925,66,81,400.0
77,33,410,2047,50,74,400.0
77,86,397,1878,90,78,700.0
77,22,427,879,79,70,500.0
77,26,426,2065,74,63,550.0
77,9,384,1821,52,57,400.0
77,45,408,1934,90,70,700.0
77,34,408,1911,90,72,700.0
77,58,425,1986,84,52,700.0
77,89,425,1970,83,51,6000.0
77,20,426,935,78,75,450.0
77,54,407,1864,86,76,700.0
77,58,395,1873,79,71,10000.0
77,25,406,1881,88,76,500.0
77,15,406,1937,82,70,450.0
77,80,406,1967,69,75,500.0
77,10,381,1771,67,42,9800.0
77,49,393,1882,74,78,400.0
77,11,405,2049,44,70,850.0
77,5,405,2008,42,69,450.0
77,-5,421,1982,73,53,400.0
77,7,392,1881,71,80,8900.0
77,3,421,2045,64,62,5200.0
77,24,403,1909,79,71,500.0
77,54,378,1725,73,39,500.0
77,47,378,1831,54,48,10000.0
77,11,377,1764,64,39,550.0
77,32,419,907,79,76,450.0
77,15,418,942,77,76,4900.0
77,11,417,2007,68,59,450.0
77,3,400,1906,59,54,500.0
77,10,374,1774,37,54,450.0
77,8,386,1852,57,79,500.0
77,36,397,1879,65,47,400.0
77,8,397,1967,56,47,450.0
77,18,372,1759,50,54,450.0
77,11,412,1991,74,44,450.0
77,18,370,1665,69,36,450.0
77,33,412,869,76,75,450.0
77,7,411,1890,74,50,400.0
77,5,394,1884,50,58,450.0
77,80,392,1879,75,71,550.0
77,20,379,1754,68,75,450.0
77,21,366,1706,54,34,550.0
77,14,379,1884,53,80,550.0
77,-188,378,1864,62,77,4600.0
77,3,365,1692,59,38,450.0
77,36,365,1683,47,33,400.0
77,3,406,1914,75,46,500.0
77,5,388,1905,38,65,450.0
77,-17,363,1712,37,54,450.0
77,12,362,1688,62,36,400.0
77,3,362,1665,60,35,500.0
77,12,374,1798,71,76,500.0
77,14,403,1919,69,47,450.0
77,19,384,1774,85,66,500.0
77,26,400,807,79,72,500.0
77,5,355,1625,52,35,900.0
77,7,355,1633,45,40,400.0
77,-13,354,1657,50,49,450.0
77,1,353,1662,66,33,9900.0
77,3,386,1829,64,39,500.0
77,27,343,1573,50,28,500.0
77,14,368,1782,77,69,9500.0
77,39,415,1972,86,77,32000.0
77,63,444,2074,96,79,34750.0
77,43,442,2129,87,80,40000.0
77,17,366,1743,54,35,20000.0
77,103,389,1794,61,47,450.0
77,23,392,1881,71,80,500.0
77,134,431,2100,88,80,500.0
77,71,397,1865,85,73,700.0
77,20,475,2253,86,75,43750.0
77,112,409,1916,90,71,450.0
77,9,430,2085,69,72,550.0
77,1,381,1771,67,42,4700.0
77,18,418,2093,67,79,600.0
77,23,371,1718,58,40,450.0
77,36,417,1943,60,64,450.0
77,-5,368,1782,77,69,500.0
77,31,428,2023,68,65,450.0
77,17,424,2055,60,68,450.0
77,31,439,2088,78,65,600.0
77,30,399,2000,40,71,500.0
77,10,440,2059,73,70,500.0
77,15,408,1928,90,71,700.0
77,13,421,2045,64,62,500.0
77,8,424,840,78,74,500.0
77,14,418,942,77,76,550.0
77,-34,425,1970,83,51,700.0
77,24,423,1917,94,69,23750.0
77,25,436,2018,83,80,38000.0
77,10,378,1831,54,48,600.0
76,14,415,1919,74,53,400.0
76,22,404,1858,73,43,500.0
76,14,418,1910,85,66,450.0
76,31,423,1948,79,57,500.0
76,15,438,2047,75,66,700.0
76,47,379,1777,74,75,500.0
76,46,392,1826,82,73,450.0
76,26,402,1891,77,44,500.0
76,16,400,1919,66,74,400.0
76,7,406,1930,76,78,2700.0
76,13,429,1987,77,68,500.0
76,10,435,2041,69,69,500.0
76,14,415,1941,88,55,450.0
76,58,444,2076,86,65,8300.0
76,115,406,1918,86,71,1000.0
76,14,402,1945,72,72,9900.0
76,17,423,2003,87,70,10000.0
76,21,401,1934,79,66,700.0
76,40,409,2006,69,75,450.0
76,86,442,2051,88,71,700.0
76,295,417,1927,95,75,700.0
76,11,418,837,75,73,450.0
76,14,410,1948,79,72,500.0
76,3,431,2031,72,67,450.0
76,22,416,877,78,73,400.0
76,12,415,2060,56,63,3800.0
76,8,411,900,75,73,450.0
76,0,431,2074,68,67,500.0
76,9,399,1852,63,48,10000.0
76,11,414,2028,70,75,8700.0
76,55,375,1781,58,78,500.0
76,15,413,1937,77,75,400.0
76,2,417,836,76,73,400.0
76,6,412,1981,64,56,500.0
76,191,435,2061,68,71,400.0
76,2,397,1918,69,70,400.0
76,13,369,1665,73,31,450.0
76,294,441,1993,93,58,700.0
76,6,422,901,73,69,400.0
76,54,423,989,72,76,400.0
76,-4,392,1999,37,64,500.0
76,22,384,1918,61,80,500.0
76,14,380,1841,54,79,8000.0
76,65,377,1927,51,77,700.0
76,21,401,905,76,72,500.0
76,22,379,1776,62,75,400.0
76,6,424,2123,50,75,9000.0
76,92,446,2175,68,79,10000.0
76,24,425,2044,65,65,450.0
76,16,410,1990,78,77,450.0
76,14,350,1678,40,35,500.0
76,-2,412,1930,70,56,450.0
76,11,393,1938,68,71,9900.0
76,15,384,1798,68,39,400.0
76,24,443,2114,83,68,9400.0
76,5,406,2029,51,71,500.0
76,10,370,1718,62,76,400.0
76,43,363,1743,44,78,450.0
76,10,352,1665,49,35,400.0
76,8,354,1700,50,36,500.0
76,10,403,1947,72,76,400.0
76,35,386,1885,59,77,5000.0
76,5,420,1943,71,57,450.0
76,5,390,1927,44,61,400.0
76,5,415,1987,70,61,500.0
76,8,415,1992,71,76,3000.0
76,16,404,1956,74,73,600.0
76,23,430,2095,62,72,400.0
76,10,363,1660,68,30,400.0
76,13,437,2032,84,75,450.0
76,17,390,1814,74,40,400.0
76,7,407,2034,53,71,500.0
76,-8,391,1865,60,51,8100.0
76,8,418,926,79,73,450.0
76,13,407,1985,72,77,450.0
76,30,364,1705,69,33,500.0
76,18,445,2080,84,71,400.0
76,9,430,2061,77,59,700.0
76,14,421,904,74,74,500.0
76,9,430,2123,58,76,400.0
76,1,432,2077,70,77,450.0
76,9,385,1835,81,75,400.0
76,50,344,1626,51,41,500.0
76,4,425,2026,77,74,400.0
76,10,432,2064,67,67,500.0
76,2,420,980,77,73,400.0
76,16,402,1979,66,71,400.0
76,4,363,1746,64,37,450.0
76,7,385,1817,62,46,4000.0
76,35,449,2106,91,64,700.0
76,13,399,1913,73,72,400.0
76,10,403,1949,67,46,400.0
76,7,408,1966,55,60,450.0
76,6,408,1950,83,69,450.0
76,13,340,1629,32,33,400.0
76,7,407,1965,65,73,400.0
76,127,425,887,77,73,500.0
76,12,411,1982,46,78,400.0
76,0,379,1696,68,31,450.0
76,9,413,1984,83,69,450.0
76,9,412,1976,77,72,9100.0
76,-10,402,1944,50,63,400.0
76,12,396,1929,50,59,450.0
76,40,412,1963,80,72,800.0
76,41,331,1526,46,20,450.0
76,11,410,1975,58,60,450.0
76,10,440,2107,72,71,500.0
76,10,420,2024,71,67,700.0
76,0,362,1700,55,40,450.0
76,11,439,2104,72,71,400.0
76,82,445,2065,92,70,500.0
76,-10,410,1977,53,63,650.0
76,5,357,1641,59,38,500.0
76,24,434,1987,80,62,700.0
76,0,421,2052,69,66,400.0
76,1,394,1933,75,72,400.0
76,9,376,1772,57,50,500.0
76,1,391,1807,67,40,8200.0
76,24,423,1996,91,74,700.0
76,7,404,1899,63,55,500.0
76,112,442,2055,93,75,700.0
76,39,406,1959,56,63,450.0
76,70,396,1860,79,75,500.0
76,4,413,1955,76,73,400.0
76,31,427,2006,65,68,1600.0
76,6,400,1893,78,70,450.0
76,8,424,797,75,73,9000.0
76,16,409,1920,69,50,400.0
76,22,449,2097,83,68,700.0
76,2,397,1931,44,62,9900.0
76,1,433,2087,75,62,9800.0
76,-7,388,1804,66,51,9900.0
76,1,451,2143,79,71,450.0
76,7,417,872,76,74,450.0
76,9,392,1865,59,75,450.0
76,15,401,1868,77,46,450.0
76,12,386,1854,91,67,450.0
76,13,419,2002,70,58,400.0
76,8,379,1817,52,46,4800.0
76,5,417,2001,67,59,450.0
76,12,437,2071,87,68,700.0
76,3,420,2020,63,67,9800.0
76,11,421,1993,82,55,450.0
76,11,407,1978,49,65,500.0
76,-5,386,1814,66,37,500.0
76,57,404,1949,69,71,500.0
76,5,419,2000,72,55,450.0
76,11,410,1993,77,78,450.0
76,12,427,2045,68,71,400.0
76,15,435,1032,76,74,400.0
76,11,385,1819,61,53,400.0
76,9,406,1967,68,64,450.0
76,15,416,1966,77,75,450.0
76,14,415,804,77,73,400.0
76,21,360,1636,63,36,500.0
76,15,408,828,76,73,400.0
76,19,426,878,77,73,400.0
76,4,362,1599,63,33,450.0
76,15,427,1980,77,59,400.0
76,88,420,1956,91,72,700.0
76,26,434,2061,81,74,400.0
76,51,417,909,77,74,450.0
76,30,411,1974,84,71,500.0
76,10,415,1996,67,72,400.0
76,42,384,1800,70,42,850.0
76,19,369,1721,68,33,450.0
76,18,396,1846,75,76,500.0
76,30,403,1880,77,74,500.0
76,14,412,1939,81,77,500.0
76,25,404,1872,75,44,500.0
76,10,401,1928,82,72,450.0
76,4,378,1804,62,38,500.0
76,17,435,2055,65,71,500.0
76,21,408,1900,80,76,450.0
76,21,412,1896,87,68,450.0
76,3,394,1873,52,53,500.0
76,5,433,2122,56,73,450.0
76,13,424,921,76,73,450.0
76,36,396,1815,64,47,500.0
76,15,439,2110,72,72,400.0
76,8,415,1916,81,50,450.0
76,9,394,1866,65,76,450.0
76,12,433,2058,61,71,400.0
76,9,380,1785,68,78,8900.0
76,64,419,1968,80,48,700.0
76,28,448,2143,77,72,700.0
76,14,390,1872,76,73,450.0
76,92,433,1992,92,50,700.0
76,25,421,1994,79,75,700.0
76,8,433,2049,62,70,450.0
76,31,396,1854,75,70,400.0
76,2,436,2095,73,71,9800.0
76,14,379,1794,56,44,400.0
76,13,428,1975,85,56,450.0
76,54,384,1728,80,39,700.0
76,21,392,1820,69,38,450.0
76,9,406,1900,82,70,400.0
76,47,453,2180,85,73,700.0
76,9,401,1915,65,49,10000.0
76,11,415,1945,78,51,450.0
76,40,414,1963,75,70,400.0
76,16,392,1903,45,62,500.0
76,10,394,1882,84,70,700.0
76,14,387,1794,71,74,400.0
76,21,374,1739,62,38,450.0
76,29,387,1776,73,33,700.0
76,4,428,2014,75,60,700.0
76,15,412,2065,71,78,400.0
76,8,420,1915,70,61,500.0
76,13,419,1983,76,68,10000.0
76,6,403,767,76,76,7300.0
76,37,410,1940,87,75,700.0
76,3,397,1939,59,75,600.0
76,11,372,1739,57,38,400.0
76,0,345,1603,47,33,500.0
76,85,456,2131,82,73,10000.0
76,8,421,1987,68,56,450.0
76,60,417,2038,69,77,450.0
76,17,412,1932,86,74,400.0
76,9,395,1859,63,56,400.0
76,6,402,1929,50,64,550.0
76,4,403,1923,83,76,3600.0
76,11,414,1940,77,58,500.0
76,19,441,2037,78,67,450.0
76,16,389,1802,77,39,400.0
76,-6,405,1892,71,43,400.0
76,27,414,1958,84,68,450.0
76,25,429,2064,84,66,400.0
76,25,391,1860,84,72,450.0
76,14,425,1964,67,64,500.0
76,28,418,2026,66,61,450.0
76,28,423,1996,68,68,500.0
76,13,422,1973,68,57,400.0
76,2357,454,2119,82,75,9700.0
76,24,412,1917,84,54,9000.0
76,11,408,1970,70,65,450.0
76,4,366,1702,66,39,400.0
76,10,417,1991,83,75,400.0
76,19,423,1958,84,75,500.0
76,8,420,2006,75,69,400.0
76,22,382,1773,76,46,450.0
76,30,408,1910,73,75,500.0
76,16,396,1913,78,70,450.0
76,11,393,1844,62,44,700.0
76,41,424,2035,85,72,700.0
76,39,439,2022,90,60,700.0
76,5,414,1935,79,48,500.0
76,1,404,1885,80,71,450.0
76,5,402,1860,77,52,500.0
76,25,384,1748,53,49,450.0
76,88,409,1958,80,70,450.0
76,36,422,1955,90,49,450.0
76,10,382,1773,70,43,500.0
76,7,429,2075,68,64,400.0
76,16,391,1880,78,76,450.0
76,-44,398,1927,75,79,9300.0
76,31,396,1808,93,37,700.0
76,10,338,1516,50,28,500.0
76,69,454,2154,76,77,700.0
76,11,426,2007,67,66,400.0
76,10,433,2048,74,65,450.0
76,30,399,1849,73,44,400.0
76,20,387,1837,81,75,450.0
76,19,436,2041,74,67,700.0
76,8,415,1949,64,62,450.0
76,15,441,2069,76,71,3000.0
76,71,414,1987,79,76,400.0
76,21,421,1999,68,73,500.0
76,8,426,2079,85,71,400.0
76,1,404,1946,74,77,450.0
76,13,435,2089,61,69,450.0
76,33,397,1924,68,75,2500.0
76,49,413,1917,81,74,400.0
76,14,407,1979,60,59,450.0
76,9,415,2012,66,75,400.0
76,25,394,1941,86,71,700.0
76,24,407,1906,88,73,500.0
76,10,414,1930,79,75,500.0
76,15,401,1860,71,76,450.0
76,12,386,1868,71,76,9700.0
76,-2,424,2053,77,54,8500.0
76,18,387,1897,60,73,10000.0
76,23,443,2074,75,71,400.0
76,34,448,2149,73,72,500.0
76,23,438,2114,76,74,500.0
76,13,398,1864,80,77,700.0
76,17,429,2072,74,69,700.0
76,14,408,1953,84,77,400.0
76,43,398,1867,79,74,8300.0
76,26,391,1782,78,50,10000.0
76,46,427,2020,78,62,400.0
76,46,422,2014,77,71,450.0
76,66,418,1921,92,70,700.0
76,27,437,2060,84,75,27000.0
76,-6,394,1824,65,77,35000.0
76,58,448,2041,95,71,20000.0
76,71,414,1919,85,75,35000.0
76,5,446,2107,85,72,32500.0
76,28,398,1867,79,74,400.0
76,44,398,1979,70,73,450.0
76,12,424,1974,85,77,500.0
76,28,436,2095,73,71,500.0
76,14,403,1923,83,76,500.0
76,10,424,2123,50,75,450.0
76,33,386,1885,59,77,450.0
76,12,414,2028,70,75,500.0
76,37,444,2076,86,65,600.0
76,9,424,797,75,73,450.0
76,35,456,2131,82,73,700.0
76,23,412,1976,77,72,500.0
76,18,399,1852,63,48,450.0
76,39,402,1894,82,72,450.0
76,21,420,2037,76,70,500.0
76,18,412,1917,84,54,500.0
76,4,391,1807,67,40,600.0
76,15,443,2114,83,68,450.0
76,13,415,1992,71,76,450.0
76,13,403,1945,74,78,450.0
76,18,420,2020,63,67,400.0
76,10,436,2113,69,73,450.0
76,-104,398,1927,75,79,450.0
76,10,385,1817,62,46,450.0
76,18,419,1983,76,68,400.0
76,14,441,2069,76,71,500.0
76,14,391,1782,78,50,500.0
76,17,406,1930,76,78,500.0
76,13,379,1817,52,46,450.0
76,15,415,2060,56,63,500.0
76,306,446,2175,68,79,600.0
76,151,397,1924,68,75,400.0
76,35,391,1865,60,51,450.0
76,14,449,2069,95,70,27000.0
76,2,432,2095,70,65,14000.0
76,1,397,1931,44,62,500.0
75,45,439,2067,75,74,650.0
75,-67,395,1854,80,69,4500.0
75,12,406,1875,83,47,500.0
75,7,368,1694,65,34,450.0
75,16,387,1842,68,75,500.0
75,63,411,1914,86,49,500.0
75,24,385,1718,78,29,650.0
75,50,374,1764,77,74,10000.0
75,35,394,1735,89,43,9600.0
75,13,398,1955,78,71,500.0
75,34,372,1726,67,42,2000.0
75,37,406,806,74,71,950.0
75,12,382,1873,68,78,500.0
75,19,425,964,73,76,500.0
75,21,368,1647,71,30,500.0
75,13,412,1929,68,59,450.0
75,8,388,1766,75,45,500.0
75,158,416,1897,87,71,450.0
75,69,374,1773,74,62,500.0
75,40,385,1834,81,72,450.0
75,45,408,1926,81,76,500.0
75,19,384,1884,69,73,2500.0
75,10,388,1791,64,46,400.0
75,29,399,1847,87,70,500.0
75,7,425,1996,71,65,400.0
75,16,349,1583,75,29,450.0
75,15,422,1985,64,59,450.0
75,75,411,1893,84,73,500.0
75,25,430,2055,67,65,450.0
75,11,415,1966,69,52,500.0
75,18,423,2031,59,70,500.0
75,0,399,1875,54,60,450.0
75,4,375,1719,59,45,500.0
75,44,398,1836,74,45,650.0
75,10,398,809,75,72,450.0
75,20,427,2032,73,61,700.0
75,13,403,1881,69,57,500.0
75,25,437,2072,71,70,450.0
75,18,389,1784,76,42,650.0
75,46,402,1945,72,70,550.0
75,14,404,1894,63,53,400.0
75,6,358,1692,44,42,500.0
75,7,402,1994,56,61,500.0
75,11,425,2037,73,62,500.0
75,107,415,1907,93,73,650.0
75,9,434,2059,82,70,400.0
75,17,415,1961,74,72,500.0
75,4,414,877,75,72,450.0
75,5,422,852,73,74,7400.0
75,5,391,1939,37,72,450.0
75,40,351,1767,33,80,450.0
75,-5,399,1992,61,76,400.0
75,24,400,1919,55,64,450.0
75,151,362,1799,48,79,10000.0
75,15,406,877,76,74,500.0
75,10,418,1021,71,69,500.0
75,8,404,1990,52,67,450.0
75,27,412,892,75,77,450.0
75,10,364,1720,50,46,450.0
75,10,410,895,72,73,1300.0
75,16,416,2032,50,71,450.0
75,8,416,1907,83,51,450.0
75,-1,422,1025,76,72,10000.0
75,11,380,1853,67,75,450.0
75,3,415,2086,58,65,7500.0
75,88,406,2025,34,72,500.0
75,2,420,2017,67,72,4000.0
75,11,408,2024,61,70,450.0
75,8,396,1976,41,65,500.0
75,10,377,1790,63,52,10000.0
75,194,389,1857,63,73,1800.0
75,5,319,1546,33,37,450.0
75,18,426,2041,85,78,650.0
75,19,405,1972,75,72,600.0
75,10,428,2050,77,75,450.0
75,23,409,1980,55,61,450.0
75,13,412,1954,79,75,500.0
75,23,392,1894,70,73,500.0
75,4,407,1897,64,57,500.0
75,10,408,1972,73,74,450.0
75,17,399,825,75,69,1900.0
75,26,399,1955,39,63,450.0
75,10,396,1821,77,75,9300.0
75,8,417,2048,63,65,500.0
75,8,416,946,74,72,450.0
75,8,328,1604,38,33,5500.0
75,4,407,1940,71,71,3000.0
75,-4,384,1919,31,64,500.0
75,10,439,2056,77,73,450.0
75,14,404,1958,64,54,500.0
75,-250,393,1900,50,63,450.0
75,24,409,1938,75,47,450.0
75,62,397,1885,77,76,500.0
75,15,428,2065,67,73,450.0
75,11,412,2023,57,66,450.0
75,-8,422,2025,80,58,8100.0
75,15,398,796,76,70,450.0
75,9,387,1853,57,76,500.0
75,11,417,2019,67,63,500.0
75,16,375,1763,58,46,450.0
75,6,364,1701,63,40,10000.0
75,6,426,1992,77,60,500.0
75,3,410,837,78,71,400.0
75,13,426,950,77,71,7800.0
75,5,369,1792,69,77,450.0
75,1,395,1909,72,69,450.0
75,14,365,1684,53,42,450.0
75,8,414,2002,72,60,500.0
75,22,400,1954,58,79,450.0
75,12,409,1983,69,78,450.0
75,9,371,1801,49,77,450.0
75,14,391,1907,67,74,500.0
75,7,410,1987,58,73,500.0
75,6,423,853,76,73,450.0
75,5,431,2049,80,65,5900.0
75,-1,412,1988,82,77,9900.0
75,43,385,1874,70,76,500.0
75,61,436,2120,71,71,500.0
75,10,421,2015,74,73,450.0
75,1,420,2044,58,67,450.0
75,15,406,1953,79,75,9700.0
75,13,388,1875,73,77,500.0
75,10,339,1592,45,38,450.0
75,5,408,808,78,73,9500.0
75,14,379,1856,65,79,450.0
75,61,410,1966,73,74,10000.0
75,9,395,1906,52,57,500.0
75,19,390,1876,58,75,500.0
75,6,402,1836,69,50,450.0
75,8,436,2116,75,73,650.0
75,10,391,1873,62,47,500.0
75,18,402,875,75,75,450.0
75,19,426,2032,63,70,500.0
75,11,414,2002,71,61,8900.0
75,10,414,790,77,71,500.0
75,7,387,1823,71,40,400.0
75,5,430,2047,78,65,500.0
75,16,408,1936,69,58,600.0
75,-5,342,1671,32,48,450.0
75,3,423,2007,76,60,400.0
75,13,407,2007,66,69,450.0
75,16,427,1972,76,63,450.0
75,-1,328,1543,41,35,500.0
75,22,434,2022,70,70,400.0
75,10,412,1940,81,51,500.0
75,-1,414,1970,82,71,3800.0
75,18,432,2099,68,68,400.0
75,14,419,2016,59,73,500.0
75,12,418,1976,66,67,10000.0
75,4,416,931,75,73,500.0
75,38,417,1918,91,51,450.0
75,-4,420,973,74,69,4000.0
75,137,379,1833,61,76,500.0
75,20,402,1878,79,75,450.0
75,8,432,2044,72,69,450.0
75,13,410,1954,77,72,500.0
75,6,407,1920,65,56,450.0
75,10,414,1967,69,57,450.0
75,15,413,933,75,72,450.0
75,4,410,895,77,72,450.0
75,13,407,1900,69,53,450.0
75,10,417,2023,88,75,650.0
75,10,396,1942,48,64,450.0
75,13,420,1988,73,67,450.0
75,155,346,1592,53,40,500.0
75,9,413,877,76,74,450.0
75,25,429,1968,73,62,500.0
75,-13,410,878,75,73,450.0
75,12,379,1859,35,63,500.0
75,18,396,1853,61,77,9900.0
75,-91,373,1866,57,74,500.0
75,15,416,1988,72,57,450.0
75,35,438,2078,73,64,650.0
75,1,401,1955,57,60,500.0
75,15,404,2000,80,65,500.0
75,2,412,1937,73,61,500.0
75,3,398,1891,76,72,500.0
75,47,430,2040,84,70,450.0
75,6,428,2038,82,63,9000.0
75,17,401,1883,85,73,500.0
75,25,406,868,74,73,500.0
75,12,393,1883,79,67,450.0
75,15,407,1888,75,51,450.0
75,8,382,1771,64,48,500.0
75,19,370,1703,64,32,450.0
75,8,432,2062,78,69,450.0
75,9,407,1970,64,74,500.0
75,8,403,1785,77,48,650.0
75,19,408,1978,81,75,400.0
75,16,425,2008,77,61,450.0
75,2,390,1853,77,72,450.0
75,0,350,1641,43,47,450.0
75,22,434,2071,68,67,8000.0
75,16,411,1900,88,67,500.0
75,23,406,1857,75,50,650.0
75,8,404,1890,69,49,450.0
75,6,391,1817,62,48,400.0
75,19,431,2010,76,60,650.0
75,40,391,1812,74,64,450.0
75,16,398,1844,64,43,6500.0
75,8,365,1676,61,32,450.0
75,17,428,2051,70,64,450.0
75,24,428,2001,91,69,650.0
75,19,395,1918,75,69,8600.0
75,11,405,1905,80,69,10000.0
75,12,430,2062,76,67,2100.0
75,2,436,2097,72,75,4800.0
75,9,411,928,76,72,3500.0
75,16,438,2075,82,75,650.0
75,4,369,1662,71,34,10000.0
75,4,428,2036,73,63,4900.0
75,8,400,1922,84,72,4900.0
75,7,364,1742,54,45,450.0
75,18,413,913,78,72,400.0
75,2,410,956,74,74,500.0
75,2,395,1944,37,63,500.0
75,14,418,1988,79,54,500.0
75,1,412,1916,83,52,500.0
75,9,395,1900,81,75,450.0
75,15,393,1896,74,46,500.0
75,-1,408,2028,47,72,450.0
75,17,388,1931,44,76,7000.0
75,6,380,1771,64,36,450.0
75,11,412,1919,81,75,500.0
75,48,399,1864,93,67,8500.0
75,17,403,1874,61,48,500.0
75,16,388,1872,74,73,450.0
75,7,412,1983,77,74,450.0
75,181,427,2020,87,74,650.0
75,10,431,2001,84,59,450.0
75,-5,353,1630,58,34,500.0
75,28,423,2019,58,71,500.0
75,7,380,1869,71,73,650.0
75,18,411,1922,64,60,450.0
75,12,394,813,79,71,450.0
75,3,416,1945,66,69,500.0
75,-8,432,2032,81,62,650.0
75,12,385,1787,73,29,500.0
75,10,425,2047,75,69,400.0
75,15,370,1651,72,31,500.0
75,18,380,1781,75,74,450.0
75,8,430,2074,71,70,500.0
75,2,392,1820,83,67,500.0
75,3,431,1086,79,69,450.0
75,15,401,1925,61,50,500.0
75,14,417,882,76,71,500.0
75,14,394,1858,62,49,8000.0
75,14,425,2015,75,69,9600.0
75,20,385,1869,74,75,8500.0
75,96,436,2017,76,67,400.0
75,4,380,1817,65,75,550.0
75,45,361,1723,50,75,400.0
75,5,436,2074,72,68,450.0
75,15,415,1854,72,56,500.0
75,11,429,2074,78,68,450.0
75,19,375,1782,67,74,450.0
75,64,405,1869,90,40,650.0
75,4,415,2020,75,75,7900.0
75,1,430,2045,84,69,450.0
75,3,405,1863,61,60,3100.0
75,2,402,1870,71,43,500.0
75,8,410,1886,78,54,500.0
75,5,418,2016,55,65,450.0
75,10,425,1976,81,62,450.0
75,19,388,1841,71,74,450.0
75,14,391,1899,84,75,500.0
75,11,413,1956,84,73,500.0
75,12,412,1936,79,51,500.0
75,11,410,1955,59,63,500.0
75,17,415,1952,81,68,450.0
75,9,355,1611,65,31,4400.0
75,22,403,1961,78,74,500.0
75,7,441,2118,74,69,450.0
75,11,409,1958,74,72,450.0
75,12,397,1906,80,68,450.0
75,2,407,1921,76,74,450.0
75,19,411,1972,68,56,500.0
75,8,430,1958,85,57,5500.0
75,5,391,1829,66,53,500.0
75,13,397,1883,78,73,500.0
75,1,392,1866,51,57,650.0
75,2,418,2001,60,71,450.0
75,7,418,1960,81,51,9000.0
75,-14,416,1964,65,64,450.0
75,6,429,2048,65,72,450.0
75,-2,422,2039,64,64,500.0
75,5,442,2070,80,66,450.0
75,36,442,2089,80,68,650.0
75,4,419,1938,62,60,500.0
75,-56,414,1899,81,73,450.0
75,46,378,1794,69,74,500.0
75,9,411,1962,83,66,450.0
75,4,369,1687,67,39,450.0
75,18,420,2054,66,73,450.0
75,23,413,2000,78,70,450.0
75,14,413,1978,64,54,450.0
75,12,419,2014,68,72,450.0
75,37,433,2016,88,59,400.0
75,0,403,1878,79,48,500.0
75,17,397,1866,86,74,450.0
75,7,377,1782,69,76,400.0
75,-157,400,908,74,75,650.0
75,9,418,2079,53,70,500.0
75,15,422,2085,77,71,450.0
75,-5,428,1995,78,70,450.0
75,47,429,2040,78,62,500.0
75,15,378,1856,53,53,400.0
75,34,397,1850,71,43,450.0
75,7,422,2019,69,75,450.0
75,8,410,1910,59,68,450.0
75,3,374,1781,74,77,450.0
75,4,422,1999,75,62,450.0
75,34,430,1996,82,65,450.0
75,20,372,1755,82,64,500.0
75,18,418,1977,76,70,500.0
75,36,411,1916,91,72,8900.0
75,4,392,1909,61,47,500.0
75,5,403,1900,69,52,500.0
75,5,378,1718,60,44,9100.0
75,12,411,1943,82,75,650.0
75,15,431,2026,76,72,450.0
75,23,422,1997,72,70,9800.0
75,3,412,1891,78,50,450.0
75,17,369,1657,79,32,500.0
75,2,406,1875,75,56,450.0
75,29,422,1973,89,69,650.0
75,36,336,1591,49,33,500.0
75,16,377,1737,67,37,500.0
75,30,419,1962,85,58,450.0
75,15,422,1912,85,53,500.0
75,12,406,1901,75,48,450.0
75,6,384,1834,80,66,400.0
75,51,394,1858,88,74,650.0
75,50,403,1876,82,74,8600.0
75,10,383,1812,77,74,450.0
75,4,396,1836,80,73,400.0
75,100,441,2064,88,67,500.0
75,23,425,1966,75,62,500.0
75,2,422,2002,79,54,650.0
75,296,402,1821,86,48,650.0
75,9,367,1742,70,76,450.0
75,15,417,1958,66,64,600.0
75,13,415,1968,75,70,450.0
75,36,392,1844,87,44,400.0
75,-8,375,1716,68,36,500.0
75,31,412,1978,81,73,450.0
75,173,406,1879,93,73,650.0
75,15,422,2022,66,70,500.0
75,7,331,1552,57,25,500.0
75,63,435,2114,68,73,500.0
75,15,398,687,76,65,450.0
75,2,372,1734,64,75,450.0
75,2,426,2057,71,71,400.0
75,8,415,1977,67,72,550.0
75,136,420,1977,74,76,450.0
75,7,427,2046,73,61,400.0
75,8,423,2045,59,66,450.0
75,7,410,644,75,74,450.0
75,10,344,1608,49,32,500.0
75,73,416,2022,87,75,650.0
75,2,394,1803,63,50,500.0
75,41,415,1912,87,70,500.0
75,5,361,1634,53,36,450.0
75,2,373,1864,59,54,450.0
75,43,391,1795,91,65,500.0
75,6,383,1774,87,64,500.0
75,40,411,1893,89,49,500.0
75,5,414,1938,76,54,550.0
75,8,357,1634,65,32,450.0
75,21,385,1725,74,32,450.0
75,18,416,1949,80,56,650.0
75,14,439,2125,74,70,650.0
75,4,431,2060,77,72,650.0
75,4,411,1933,62,65,500.0
75,12,402,1890,77,55,450.0
75,15,432,2025,74,69,450.0
75,62,401,1848,88,72,500.0
75,583,407,1923,93,76,3000.0
75,28,429,2058,80,66,450.0
75,12,416,1991,83,68,450.0
75,83,399,1797,81,42,650.0
75,10,423,1980,81,62,10000.0
75,7,449,2143,75,74,650.0
75,4,396,1868,75,42,600.0
75,11,410,1905,76,52,550.0
75,10,426,2060,83,55,450.0
75,28,426,1981,66,63,550.0
75,49,398,1840,93,69,9400.0
75,116,384,1760,76,74,500.0
75,26,419,1982,86,72,7500.0
75,1,411,1958,73,55,450.0
75,224,408,1914,77,73,600.0
75,14,370,1665,72,40,450.0
75,14,423,1975,86,62,450.0
75,26,403,1854,87,62,500.0
75,81,435,2067,86,64,9900.0
75,4,422,2027,79,73,450.0
75,56,391,1843,84,70,500.0
75,21,390,1850,83,72,400.0
75,-1,399,688,76,75,450.0
75,1,378,1812,86,69,400.0
75,2,397,1932,78,73,450.0
75,21,382,1799,80,72,450.0
75,5,430,2047,74,75,500.0
75,10,425,2033,71,65,450.0
75,11,380,1798,64,76,450.0
75,34,445,2100,80,67,650.0
75,8,423,1992,66,59,500.0
75,3,389,1852,69,68,500.0
75,18,412,2013,51,67,500.0
75,2,419,1979,72,56,450.0
75,14,394,1890,70,78,500.0
75,14,393,1901,79,71,450.0
75,15,381,1809,72,76,500.0
75,16,425,1991,78,62,500.0
75,1,390,1892,74,63,500.0
75,3,405,1924,77,69,450.0
75,9,417,1920,76,57,450.0
75,17,402,1907,67,52,500.0
75,4,437,2076,62,73,550.0
75,13,401,1830,85,75,9100.0
75,7,391,1972,35,66,450.0
75,30,435,2073,74,72,450.0
75,11,395,1980,40,73,500.0
75,10,383,1913,52,75,9500.0
75,8,399,1953,58,77,450.0
75,4,323,1457,48,31,450.0
75,10,416,1966,74,72,400.0
75,25,408,1962,62,58,450.0
75,5,372,1719,60,53,450.0
75,9,406,1901,84,49,500.0
75,12,384,1775,84,70,500.0
75,10,381,1754,70,43,450.0
75,11,389,1832,81,71,450.0
75,24,377,1742,84,68,450.0
75,20,405,1907,85,73,400.0
75,16,418,1960,81,51,450.0
75,22,444,2092,77,75,47500.0
75,36,423,1972,86,75,42500.0
75,98,414,1946,96,65,47500.0
75,26,407,1930,72,51,500.0
75,16,364,1701,63,40,500.0
75,28,422,1997,72,70,500.0
75,39,374,1764,77,74,500.0
75,31,434,2071,68,67,450.0
75,69,410,1966,73,74,450.0
75,18,396,1853,61,77,500.0
75,65,435,2067,86,64,450.0
75,25,422,2060,68,61,450.0
75,33,425,2077,69,76,400.0
75,49,425,1996,70,70,450.0
75,-15,395,1854,80,69,450.0
75,16,394,1735,89,43,450.0
75,10,414,2002,71,61,450.0
75,18,415,2003,66,58,450.0
75,34,398,1840,93,69,450.0
75,13,422,852,73,74,400.0
75,17,423,1980,81,62,450.0
75,30,398,1844,64,43,450.0
75,59,411,1916,91,72,600.0
75,27,388,1931,44,76,500.0
75,24,403,1876,82,74,450.0
75,11,411,1998,65,68,450.0
75,27,406,1953,79,75,600.0
75,32,394,1858,62,49,450.0
75,21,426,950,77,71,500.0
75,36,384,1884,69,73,450.0
75,7,355,1611,65,31,500.0
75,149,399,1864,93,67,650.0
75,33,382,1811,72,50,13750.0
75,-2,400,1922,84,72,600.0
75,46,415,2020,75,75,600.0
75,4,369,1662,71,34,600.0
75,-2,422,1025,76,72,600.0
75,0,419,1982,86,72,600.0
75,-1,405,1905,80,69,600.0
74,13,405,1961,74,76,2000.0
74,97,416,1913,83,44,350.0
74,8,402,851,70,75,350.0
74,44,417,1882,94,67,350.0
74,2,350,1655,53,37,350.0
74,5,396,1889,62,55,350.0
74,3,401,973,73,73,350.0
74,14,395,896,73,72,350.0
74,6,402,908,71,73,350.0
74,4,393,1848,41,63,600.0
74,36,423,2078,67,65,350.0
74,6,358,1797,47,78,10000.0
74,2,405,990,71,73,500.0
74,17,418,2016,74,75,350.0
74,38,426,1962,82,77,1500.0
74,8,414,1982,72,59,350.0
74,6,419,2016,69,63,350.0
74,1,406,1939,68,53,900.0
74,4,387,1937,40,60,350.0
74,7,390,1898,65,76,400.0
74,6,412,854,76,74,450.0
74,25,388,2013,36,74,350.0
74,28,407,2034,48,74,350.0
74,1,424,1163,74,69,350.0
74,10,390,1924,45,58,7000.0
74,-1,379,1830,69,75,350.0
74,7,427,2072,71,69,350.0
74,8,329,1543,34,40,400.0
74,4,402,1990,46,67,350.0
74,0,414,1929,73,60,350.0
74,21,381,1887,52,51,350.0
74,18,365,1793,52,77,400.0
74,0,394,1947,77,73,700.0
74,70,360,1781,50,74,350.0
74,8,418,951,74,71,350.0
74,8,420,2001,70,74,10000.0
74,10,353,1718,60,75,350.0
74,1,398,911,74,73,350.0
74,0,381,1830,62,74,350.0
74,18,422,1997,64,66,350.0
74,7,387,1828,54,52,450.0
74,1,343,1663,39,44,350.0
74,4,360,1687,69,32,350.0
74,1,424,2032,62,67,350.0
74,11,367,1804,54,73,8300.0
74,6,412,1967,74,57,350.0
74,7,373,1727,63,50,350.0
74,6,408,1948,69,60,400.0
74,-5,365,1716,69,40,350.0
74,1,408,1951,66,60,600.0
74,0,407,868,74,71,450.0
74,2,418,2033,63,69,8500.0
74,8,408,1994,66,56,350.0
74,7,331,1605,34,47,350.0
74,6,433,1970,80,59,350.0
74,16,420,2002,65,71,8800.0
74,-1,404,801,69,70,350.0
74,13,410,957,74,71,350.0
74,15,431,2107,67,67,350.0
74,6,416,2006,59,67,350.0
74,2,418,1998,61,63,9000.0
74,1,388,1906,52,73,350.0
74,13,436,2069,70,74,350.0
74,6,413,2031,52,74,350.0
74,6,414,951,78,72,350.0
74,15,414,1990,88,48,350.0
74,6,397,1929,60,54,350.0
74,-4,335,1567,53,32,350.0
74,2,409,1948,59,66,350.0
74,0,365,1679,61,35,350.0
74,4,382,1865,50,49,350.0
74,7,423,1032,74,72,400.0
74,3,374,1769,58,46,500.0
74,5,421,2080,64,69,350.0
74,4,422,2063,58,74,10000.0
74,1,398,1976,53,57,350.0
74,3,423,2067,67,70,350.0
74,11,421,1990,91,67,350.0
74,-106,413,1899,85,46,350.0
74,5,386,1786,76,45,350.0
74,1,359,1666,59,38,350.0
74,1,335,1540,53,40,350.0
74,5,323,1572,44,37,350.0
74,5,409,1910,76,52,350.0
74,3,426,2067,67,64,350.0
74,31,415,1952,73,56,350.0
74,8,412,1998,77,71,350.0
74,0,424,2020,69,65,350.0
74,5,405,1911,68,56,350.0
74,4,427,2069,63,71,350.0
74,0,404,1977,69,65,350.0
74,19,406,1866,87,71,350.0
74,35,422,904,75,73,350.0
74,2,375,1747,64,46,350.0
74,-1,407,1927,83,48,350.0
74,2,407,1920,67,59,350.0
74,2,389,1853,76,71,350.0
74,18,404,1904,79,72,9700.0
74,1,364,1665,60,38,350.0
74,10,423,2009,68,66,350.0
74,0,424,1990,76,61,350.0
74,17,436,2091,78,72,350.0
74,9,385,1854,60,74,350.0
74,2,386,1828,62,52,350.0
74,3,398,1988,47,70,350.0
74,2,369,1719,65,44,2100.0
74,6,355,1654,51,74,350.0
74,16,405,1968,76,70,350.0
74,5,406,1931,65,58,350.0
74,3,409,915,76,72,850.0
74,20,420,1969,82,76,350.0
74,2,385,1788,75,46,350.0
74,6,379,1731,64,50,350.0
74,5,412,1973,81,75,350.0
74,-3,327,1553,31,34,350.0
74,-1,421,2043,64,72,350.0
74,3,399,1852,77,46,4900.0
74,-3,394,1900,52,65,400.0
74,5,413,1992,68,74,350.0
74,2,373,1691,63,44,350.0
74,7,387,1839,69,45,350.0
74,8,421,902,79,72,350.0
74,9,414,1968,64,63,350.0
74,4,378,1784,59,47,350.0
74,15,419,1986,69,74,350.0
74,6,392,1867,68,75,10000.0
74,9,376,1753,58,43,350.0
74,9,388,1837,78,73,350.0
74,-3,425,2001,85,62,350.0
74,2,337,1586,32,41,350.0
74,2,391,1848,72,42,350.0
74,6,402,1973,58,67,350.0
74,2,423,2030,77,63,6000.0
74,9,407,1942,61,69,350.0
74,-2,414,985,72,72,400.0
74,3,360,1675,68,30,400.0
74,15,442,2087,81,71,350.0
74,6,428,1978,81,67,350.0
74,3,407,874,75,71,350.0
74,-4,426,1002,74,72,450.0
74,5,387,1900,66,75,800.0
74,1,416,1995,70,60,350.0
74,9,435,2085,78,77,350.0
74,12,394,1892,72,75,800.0
74,6,418,2040,63,65,350.0
74,2,403,849,75,73,350.0
74,11,403,1877,75,47,500.0
74,8,407,1879,79,50,400.0
74,3,435,2071,73,68,350.0
74,3,367,1847,46,76,2000.0
74,4,418,2022,61,67,350.0
74,17,386,1849,76,65,2500.0
74,13,389,1858,74,74,3500.0
74,26,419,1993,85,74,350.0
74,6,421,973,75,75,350.0
74,1,409,1954,72,53,9900.0
74,3,396,894,74,70,350.0
74,18,358,1704,64,74,350.0
74,3,423,1065,71,74,350.0
74,4,435,2038,75,67,350.0
74,2,375,1777,67,76,350.0
74,31,420,2024,78,57,4800.0
74,2,399,1916,60,56,350.0
74,0,401,1874,77,42,350.0
74,0,412,959,73,72,350.0
74,10,382,1800,82,68,350.0
74,57,404,1957,84,75,350.0
74,4,394,1935,69,54,350.0
74,14,413,1983,80,75,350.0
74,16,427,2031,67,63,350.0
74,6,408,851,75,69,500.0
74,43,390,1824,73,71,350.0
74,0,429,2042,64,67,350.0
74,1,413,1936,66,65,350.0
74,7,428,1978,84,62,350.0
74,8,405,1868,81,55,8900.0
74,37,447,2111,79,73,350.0
74,17,369,1693,61,45,350.0
74,24,395,1914,70,49,9800.0
74,8,406,1986,60,63,350.0
74,24,378,1810,68,74,350.0
74,0,424,1125,79,69,6800.0
74,3,378,1817,77,66,350.0
74,2,387,1854,55,49,500.0
74,14,426,1961,83,60,350.0
74,14,322,1475,50,28,350.0
74,6,429,2006,82,61,350.0
74,0,387,1856,73,65,1000.0
74,2,375,1755,73,66,350.0
74,16,427,1966,82,67,350.0
74,2,407,885,74,71,1900.0
74,5,384,1793,62,42,350.0
74,3,405,1942,70,77,350.0
74,11,392,1835,88,70,350.0
74,-1163,407,944,75,72,350.0
74,19,380,1816,73,67,7000.0
74,5,405,1890,71,73,3700.0
74,2,422,2029,71,69,350.0
74,1,418,2013,75,67,350.0
74,-446,418,1991,73,71,350.0
74,3,415,1941,88,69,10000.0
74,17,387,1785,74,74,7200.0
74,19,374,1770,67,73,450.0
74,6,419,1961,84,71,350.0
74,6,419,1963,78,61,350.0
74,2,419,1975,64,61,350.0
74,18,423,1923,80,58,400.0
74,69,430,1948,93,59,350.0
74,25,373,1667,74,26,350.0
74,2,430,2056,77,72,500.0
74,3,401,1904,69,51,350.0
74,6,419,941,74,69,350.0
74,0,385,1883,66,74,350.0
74,18,421,1942,80,70,350.0
74,55,424,2048,62,73,400.0
74,21,409,1872,87,47,400.0
74,9,408,1863,76,48,350.0
74,3,389,1797,79,73,350.0
74,4,422,2034,65,68,350.0
74,10,410,1990,67,62,350.0
74,21,342,1638,50,32,400.0
74,19,410,1891,92,45,350.0
74,7,330,1528,58,25,400.0
74,1,387,1828,76,39,350.0
74,9,420,1986,83,73,350.0
74,5,407,1905,77,49,350.0
74,3,364,1671,66,34,350.0
74,41,412,1945,90,71,350.0
74,11,428,2005,75,63,350.0
74,4,408,1910,78,48,350.0
74,12,439,2099,84,72,9400.0
74,33,389,1828,83,72,350.0
74,15,384,1812,84,70,350.0
74,72,393,1829,81,36,2800.0
74,-5,425,2024,71,66,10000.0
74,4,378,1750,64,45,350.0
74,3,392,1871,69,47,9800.0
74,3,411,2018,49,69,350.0
74,14,394,1844,65,74,350.0
74,15,376,1732,56,42,8000.0
74,19,416,1928,76,54,450.0
74,-1,393,1879,84,66,350.0
74,10,403,1855,83,69,350.0
74,4,424,2045,73,69,350.0
74,7,411,809,78,68,3900.0
74,7,382,1777,75,73,10000.0
74,7,352,1624,60,38,9800.0
74,17,433,2111,69,69,350.0
74,1,379,1832,84,64,350.0
74,4,394,1857,58,55,5700.0
74,6,362,1698,50,37,350.0
74,48,381,1737,82,37,350.0
74,5,377,1797,78,63,350.0
74,0,412,2008,65,61,350.0
74,8,412,1892,88,47,400.0
74,14,425,2001,67,68,350.0
74,2,413,2000,78,72,4500.0
74,11,399,1843,58,59,350.0
74,1,397,798,76,72,350.0
74,20,403,1880,83,71,350.0
74,2,403,1972,49,70,500.0
74,31,396,1833,75,33,350.0
74,4,442,2076,73,73,350.0
74,12,427,1957,86,64,450.0
74,6,419,2012,69,67,8500.0
74,32,398,1799,91,36,350.0
74,15,404,1934,61,65,350.0
74,38,415,1991,66,64,350.0
74,9,392,1866,79,66,350.0
74,10,385,1798,67,42,350.0
74,37,385,1827,79,65,350.0
74,49,429,2010,89,72,350.0
74,24,386,1827,75,71,350.0
74,2,388,1806,63,64,350.0
74,19,416,1966,91,69,400.0
74,1,359,1610,68,26,350.0
74,2,356,1628,67,36,350.0
74,4,395,1842,86,67,8500.0
74,38,393,1819,75,41,8000.0
74,12,394,1838,74,74,350.0
74,4,419,906,76,71,350.0
74,0,384,1851,56,47,900.0
74,6,435,2078,64,74,550.0
74,8,393,1853,65,48,350.0
74,15,377,1758,79,67,350.0
74,42,428,2035,68,70,350.0
74,7,404,1834,80,42,350.0
74,7,412,1901,75,61,350.0
74,3,388,1857,64,42,350.0
74,4,428,2044,80,63,450.0
74,3,399,1910,76,69,350.0
74,21,391,1788,75,42,450.0
74,2,411,1900,78,52,350.0
74,19,407,1940,81,73,350.0
74,101,405,1902,86,71,350.0
74,6,406,1918,77,56,350.0
74,39,424,2084,70,70,350.0
74,12,387,1784,76,38,1000.0
74,12,401,1814,85,73,350.0
74,2,358,1632,76,30,6500.0
74,11,408,1921,83,68,350.0
74,49,403,1788,83,43,350.0
74,13,358,1610,78,37,350.0
74,7,397,1923,61,64,350.0
74,14,386,1880,65,61,350.0
74,12,416,1962,82,53,350.0
74,14,358,1645,73,33,350.0
74,3,435,2048,84,65,350.0
74,2,347,1607,51,35,350.0
74,25,412,1888,89,48,350.0
74,5,382,1802,63,45,350.0
74,29,390,1803,88,71,350.0
74,17,388,1834,82,67,350.0
74,0,398,1916,54,57,7000.0
74,4,346,1574,64,34,350.0
74,3,425,857,75,73,350.0
74,-2,398,1896,67,51,350.0
74,0,422,2065,67,70,350.0
74,18,398,1858,83,72,350.0
74,-2,417,1991,73,65,6500.0
74,3,418,2023,60,65,350.0
74,4,384,1809,58,51,350.0
74,6,364,1747,78,71,400.0
74,10,382,1780,78,72,350.0
74,-2,414,1948,73,49,10000.0
74,20,387,1730,87,32,550.0
74,53,409,1945,81,66,350.0
74,12,367,1646,70,37,350.0
74,34,365,1668,78,27,350.0
74,10,378,1758,72,44,350.0
74,4,407,1931,68,54,350.0
74,4,396,861,73,72,4400.0
74,15,411,1968,74,55,350.0
74,60,387,1831,70,74,350.0
74,109,399,1910,86,72,350.0
74,168,414,1935,82,69,350.0
74,12,381,1733,74,38,400.0
74,6,367,1641,67,35,350.0
74,0,425,2015,77,63,350.0
74,98,420,1919,74,59,350.0
74,-1081,413,1944,76,72,350.0
74,-1,412,1106,74,71,350.0
74,104,388,1849,88,66,400.0
74,1,397,1901,77,69,350.0
74,5,394,734,75,70,350.0
74,3,341,1552,69,30,350.0
74,56,428,1948,87,63,350.0
74,2,366,1628,71,34,350.0
74,41,391,1840,82,73,350.0
74,18,414,1977,70,59,350.0
74,24,381,1808,80,75,4900.0
74,3,434,2049,83,75,350.0
74,-4,368,1751,50,42,400.0
74,40,435,1093,76,74,350.0
74,11,363,1784,62,36,350.0
74,12,397,1919,77,69,350.0
74,6,362,1650,67,33,350.0
74,31,375,1749,78,72,350.0
74,27,414,1954,73,61,350.0
74,1,401,1923,75,63,350.0
74,5,421,1989,71,61,350.0
74,0,416,2034,53,75,350.0
74,2,399,2005,66,70,350.0
74,88,413,1973,82,74,350.0
74,2,397,1882,57,54,350.0
74,8,383,1816,78,68,350.0
74,46,440,2085,80,71,350.0
74,6,390,1866,78,73,350.0
74,14,376,1754,73,34,350.0
74,43,377,1857,77,73,2000.0
74,3,405,1922,63,57,350.0
74,12,370,1781,77,66,350.0
74,36,397,1928,76,73,10000.0
74,0,431,2001,84,60,9500.0
74,41,384,1869,71,70,400.0
74,2,415,1964,73,69,350.0
74,2,390,1884,80,69,350.0
74,1,367,1815,74,68,4500.0
74,2,341,1650,33,44,350.0
74,25,428,2005,93,70,4000.0
74,0,404,1860,78,68,350.0
74,49,386,1859,83,66,350.0
74,3,396,1918,78,72,10000.0
74,2607,404,1892,81,66,1500.0
74,7,428,2002,80,69,450.0
74,9,407,1949,74,60,450.0
74,143,398,1862,83,59,350.0
74,36,435,2071,68,65,350.0
74,12,414,1944,70,63,350.0
74,25,355,1639,68,35,350.0
74,1,379,1802,82,70,350.0
74,17,392,732,75,72,350.0
74,2,390,1864,76,73,350.0
74,43,402,1934,82,73,850.0
74,831,469,2275,88,78,11200.0
74,4,439,2099,84,72,350.0
74,0,419,2012,69,67,350.0
74,0,425,2024,71,66,18000.0
74,-4,405,1868,81,55,350.0
74,2,424,1125,79,69,15750.0
74,2,410,1943,76,67,350.0
74,93,398,1826,88,63,900.0
74,0,398,1916,54,57,400.0
74,0,424,2005,79,64,350.0
74,2,392,1867,68,75,350.0
74,15,380,1816,73,67,350.0
74,3,396,1918,78,72,350.0
74,-3,418,2033,63,69,350.0
74,5,420,2002,65,71,350.0
74,9,420,2024,78,57,350.0
74,0,406,1933,66,59,350.0
74,0,412,1998,62,60,350.0
74,-5,430,2042,69,70,350.0
74,7,393,1819,75,41,450.0
74,12,387,1785,74,74,350.0
74,6,386,1849,76,65,350.0
74,3,355,1640,59,42,350.0
74,0,402,1934,82,73,350.0
74,-1,381,1808,80,75,350.0
74,2,399,1852,77,46,350.0
74,2,369,1719,65,44,350.0
74,1,410,1938,71,70,350.0
74,9,411,809,78,68,500.0
74,2,422,2063,58,74,450.0
74,2,330,1631,36,37,350.0
74,8,393,1829,81,36,350.0
74,1,426,1962,82,77,350.0
74,0,394,1857,58,55,350.0
74,1,407,885,74,71,350.0
74,5,419,1962,81,72,15750.0
74,5,428,2005,93,70,15750.0
74,-9,407,1948,85,74,350.0
74,4,409,915,76,72,350.0
74,7,390,1924,45,58,350.0
74,3,360,1679,52,43,350.0
74,5,414,1948,73,49,15750.0
74,-1,417,1991,73,65,15750.0
74,1,420,2001,70,74,15750.0
74,-2,394,1947,77,73,15750.0
74,0,367,1815,74,68,15750.0
74,-3,358,1632,76,30,15750.0
74,0,426,1002,74,72,15750.0
74,3,415,1941,88,69,15750.0
74,-3,424,1125,79,69,15750.0
74,1,358,1797,47,78,15750.0
74,-3,410,1997,82,69,15750.0
74,1,378,1764,55,48,15750.0
74,1,409,1954,72,53,15750.0
73,5,425,1937,82,68,350.0
73,3,389,730,72,73,1500.0
73,72,392,1844,85,70,350.0
73,19,422,1997,76,69,350.0
73,202,367,1737,70,67,1100.0
73,4,409,1887,77,56,450.0
73,19,374,1866,70,77,350.0
73,4,402,2014,52,70,8000.0
73,2,414,1003,72,70,350.0
73,7,375,1888,48,76,350.0
73,9,384,1975,36,63,350.0
73,12,391,1871,72,43,350.0
73,6,408,962,70,76,350.0
73,230,363,1871,35,65,350.0
73,25,412,951,71,73,350.0
73,5,372,1832,56,68,350.0
73,0,409,1933,77,73,10000.0
73,9,399,1999,47,69,600.0
73,9,364,1849,37,77,8300.0
73,0,390,1868,69,49,4500.0
73,1,350,1700,42,37,350.0
73,3,412,856,74,69,350.0
73,19,391,1849,86,68,400.0
73,7,380,1852,69,68,350.0
73,0,395,1983,40,69,350.0
73,1,406,748,75,68,350.0
73,6,372,1838,62,74,350.0
73,-4,408,1970,65,59,9900.0
73,4,390,1914,51,59,350.0
73,3,428,2037,67,70,350.0
73,3,370,1734,53,43,350.0
73,-1,343,1686,35,45,350.0
73,-1,390,1982,48,66,350.0
73,20,404,867,70,69,350.0
73,6,413,2035,60,72,350.0
73,0,386,1902,47,60,8800.0
73,3,403,921,72,75,350.0
73,4,396,1917,66,74,350.0
73,1,400,963,74,69,900.0
73,4,421,2070,65,69,350.0
73,8,382,789,70,72,350.0
73,19,400,833,74,72,350.0
73,3,402,1971,46,68,350.0
73,5,396,1934,56,68,350.0
73,4,374,1858,42,47,350.0
73,10,421,965,72,73,350.0
73,5,337,1647,39,41,3000.0
73,5,395,900,74,70,850.0
73,-1,414,2004,68,74,350.0
73,1,398,929,73,67,4900.0
73,5,379,1800,66,40,350.0
73,12,351,1696,52,41,350.0
73,20,381,1830,53,57,350.0
73,7,379,1845,47,75,9700.0
73,3,370,1833,72,68,8900.0
73,0,348,1722,31,75,10000.0
73,5,376,1747,70,72,350.0
73,7,401,1950,68,75,350.0
73,17,374,1864,59,75,350.0
73,3,407,1884,72,54,350.0
73,24,384,1894,56,50,350.0
73,10,421,2054,72,71,350.0
73,2,406,855,75,71,350.0
73,2,381,1847,37,60,350.0
73,2,405,1943,61,61,350.0
73,13,406,1922,82,72,350.0
73,-10,420,995,72,73,350.0
73,206,342,1674,37,50,350.0
73,5,389,1830,81,66,350.0
73,2,406,793,72,72,400.0
73,4,368,1686,58,47,800.0
73,15,384,1879,71,72,350.0
73,11,390,1793,73,40,350.0
73,2,378,1821,50,49,350.0
73,1,382,1858,63,70,350.0
73,1,423,2019,81,63,350.0
73,5,399,1919,76,74,350.0
73,6,412,1999,65,73,350.0
73,0,397,1854,70,48,350.0
73,-1,369,1740,54,37,350.0
73,29,413,1917,84,56,5000.0
73,39,381,1814,76,70,350.0
73,0,400,1938,56,59,350.0
73,2,398,1904,66,49,350.0
73,10,400,1912,78,68,700.0
73,-3,371,1803,49,74,350.0
73,1,399,1939,50,63,350.0
73,9,376,1813,71,74,350.0
73,12,415,1985,74,62,350.0
73,1,401,1950,65,70,350.0
73,2,416,1969,83,72,5000.0
73,3,387,1853,71,74,400.0
73,4,428,2014,79,66,350.0
73,6,386,1861,79,67,350.0
73,6,384,1905,65,73,350.0
73,-1,371,1736,73,72,300.0
73,17,413,1907,83,50,350.0
73,6,385,1845,74,75,350.0
73,2,389,676,69,72,350.0
73,7,376,1794,62,40,350.0
73,17,425,2026,74,70,2000.0
73,16,406,813,74,72,350.0
73,1,414,931,74,73,350.0
73,4,402,925,72,73,350.0
73,2,377,1843,75,69,350.0
73,3,419,1971,84,58,350.0
73,0,388,1916,62,70,350.0
73,8,408,1937,74,72,350.0
73,1,401,1965,79,75,350.0
73,5,397,1951,59,65,350.0
73,1,419,2043,69,73,10000.0
73,1,415,2013,73,65,350.0
73,3,360,1726,63,70,10000.0
73,3,398,1888,55,61,9500.0
73,-1,396,927,72,70,350.0
73,11,415,1941,79,67,7500.0
73,-2,399,1926,52,65,350.0
73,1,359,1682,54,37,300.0
73,2,385,1762,73,40,400.0
73,2,424,2032,67,74,350.0
73,2,406,2011,54,71,350.0
73,25,416,1996,71,62,350.0
73,7,388,1852,88,66,350.0
73,0,346,1612,47,46,350.0
73,6,393,1932,56,53,4300.0
73,2,356,1738,36,49,350.0
73,2,387,798,72,69,350.0
73,-9,337,1502,47,37,350.0
73,0,373,1766,56,48,700.0
73,11,399,1926,71,72,350.0
73,2,394,1903,68,47,350.0
73,-2,425,1999,85,69,450.0
73,3,388,1822,77,73,350.0
73,21,440,2080,86,71,350.0
73,4,429,2034,69,74,350.0
73,7,412,987,74,69,350.0
73,5,334,1546,44,34,350.0
73,8,424,1979,85,63,7900.0
73,5,383,1867,59,67,350.0
73,2,368,1697,69,73,350.0
73,19,410,1938,87,54,350.0
73,2,371,1780,58,74,350.0
73,4,410,1982,66,60,350.0
73,0,379,1776,66,46,400.0
73,3,338,1586,57,33,350.0
73,15,372,1822,76,72,350.0
73,2,403,1922,72,68,10000.0
73,15,401,1911,63,63,950.0
73,4,405,1923,79,74,350.0
73,2,423,2023,69,64,350.0
73,3,399,1934,62,59,350.0
73,-1,405,1979,76,56,650.0
73,33,406,835,74,69,350.0
73,7,404,868,73,70,350.0
73,4,409,2005,70,71,350.0
73,11,377,1815,74,73,350.0
73,14,395,1874,74,74,350.0
73,6,373,1802,76,75,1900.0
73,5,374,1749,66,39,350.0
73,1,408,1923,56,70,350.0
73,1,392,1865,66,75,4900.0
73,1,396,1851,65,49,5900.0
73,4,408,1958,62,62,350.0
73,17,391,1758,89,72,350.0
73,1,426,2050,82,67,9000.0
73,1,407,1940,75,72,10000.0
73,1,382,1803,57,46,10000.0
73,17,393,1790,86,42,350.0
73,1,382,1884,54,55,10000.0
73,7,424,1991,80,58,4600.0
73,3,401,1915,55,67,350.0
73,0,410,980,73,69,9700.0
73,3,391,1886,64,77,350.0
73,6,400,1870,72,54,350.0
73,8,394,857,75,68,350.0
73,2,419,2027,74,71,350.0
73,2,355,1671,52,41,350.0
73,2,396,1920,70,71,350.0
73,4,386,1784,66,44,350.0
73,3,406,2024,44,74,350.0
73,-1,400,850,70,67,500.0
73,7,442,2126,82,65,9700.0
73,6,410,1927,87,56,350.0
73,2,415,1963,72,58,350.0
73,10,414,2011,74,60,350.0
73,11,417,2027,66,67,350.0
73,0,335,1554,52,32,350.0
73,11,389,1817,70,70,350.0
73,6,406,2001,54,70,350.0
73,1,331,1553,51,34,1300.0
73,6,423,1997,81,66,350.0
73,-5,375,1847,68,74,350.0
73,2,391,1806,77,45,450.0
73,8,398,1848,80,73,350.0
73,-1,411,1954,74,72,350.0
73,6,411,1973,74,62,350.0
73,5,385,1769,79,35,350.0
73,0,426,1981,79,69,7500.0
73,2,395,1911,74,49,450.0
73,1,423,981,72,74,350.0
73,3,331,1558,45,33,350.0
73,-3,394,1835,76,45,350.0
73,19,361,1739,63,75,350.0
73,15,387,1789,77,62,4800.0
73,3,375,1789,58,55,350.0
73,5,416,1970,68,61,350.0
73,9,374,1687,73,31,350.0
73,6,422,1969,71,62,7000.0
73,2,404,1884,73,55,350.0
73,4,340,1626,48,33,350.0
73,11,387,691,75,72,350.0
73,-1,414,1966,70,62,600.0
73,3,383,1822,74,70,350.0
73,6,385,1761,78,39,4900.0
73,10,405,1962,69,71,10000.0
73,-2,360,1658,66,36,600.0
73,-1,331,1517,52,33,350.0
73,15,393,1866,82,66,350.0
73,5,368,1716,78,73,350.0
73,2,414,1945,83,68,350.0
73,-1,331,1551,40,38,10000.0
73,3,359,1713,70,74,350.0
73,3,431,2077,73,67,2500.0
73,4,403,1888,74,58,350.0
73,17,425,2033,73,69,350.0
73,6,408,959,73,72,350.0
73,7,364,1769,62,79,350.0
73,-2,390,1909,53,56,350.0
73,3,424,2023,72,67,350.0
73,15,408,1901,91,73,350.0
73,5,406,949,72,70,350.0
73,73,412,1026,73,71,350.0
73,6,385,1852,59,72,450.0
73,3,396,1853,72,48,350.0
73,17,398,1882,87,71,350.0
73,7,438,2069,90,65,350.0
73,0,404,960,71,73,850.0
73,6,391,1818,86,73,350.0
73,0,379,1732,79,34,1000.0
73,23,380,1774,83,68,350.0
73,2,362,1731,60,41,2900.0
73,3,340,1565,57,32,350.0
73,8,405,1914,81,70,350.0
73,6,367,1721,45,46,350.0
73,39,396,1892,76,71,350.0
73,4,396,1919,75,70,350.0
73,12,418,1965,85,70,350.0
73,4,410,1928,83,51,350.0
73,4,420,1031,74,72,450.0
73,4,321,1511,44,29,350.0
73,5,412,1941,72,73,350.0
73,2,403,1885,71,56,2500.0
73,11,383,1829,63,45,350.0
73,16,406,936,75,72,350.0
73,10,411,932,73,72,350.0
73,10,415,954,71,69,5700.0
73,5,409,1954,67,63,350.0
73,9,413,996,74,70,400.0
73,8,369,1777,71,72,9000.0
73,-16,344,1649,49,36,350.0
73,8,408,1961,65,69,350.0
73,5,384,1781,73,75,350.0
73,15,427,2050,68,75,8900.0
73,-1,405,1862,74,52,350.0
73,1,399,1829,81,64,350.0
73,0,402,1921,73,74,1700.0
73,2,395,1875,83,68,350.0
73,4,354,1621,64,29,350.0
73,1,382,1775,63,38,700.0
73,3,429,2033,81,71,350.0
73,5,379,1784,84,68,350.0
73,7,416,1957,72,58,350.0
73,6,410,1968,75,60,350.0
73,6,355,1655,55,39,350.0
73,0,413,940,72,71,6000.0
73,5,406,1966,67,66,350.0
73,8,370,1681,70,28,2000.0
73,57,387,1843,87,65,350.0
73,10,427,2063,70,71,350.0
73,19,430,1983,76,70,350.0
73,353,385,1781,86,64,400.0
73,5,391,1808,72,40,350.0
73,3,405,742,77,68,7400.0
73,5,392,1923,74,67,350.0
73,2,383,1824,74,73,350.0
73,4,401,1893,75,56,350.0
73,7,397,1881,75,75,350.0
73,5,412,918,75,69,350.0
73,9,407,1909,67,60,5700.0
73,4,401,867,73,69,350.0
73,3,392,1822,74,39,350.0
73,26,390,1802,88,67,350.0
73,1,399,1838,77,48,350.0
73,2,400,1889,82,72,2800.0
73,12,414,1946,69,60,9900.0
73,3,400,1899,68,67,350.0
73,10,414,1941,91,68,350.0
73,-1,347,1636,55,36,350.0
73,21,388,1852,91,70,350.0
73,-3,388,741,71,73,5900.0
73,1,410,1902,82,49,350.0
73,-3,395,1874,62,51,9700.0
73,3,409,1912,69,59,350.0
73,27,390,1918,60,70,350.0
73,14,387,1817,71,73,350.0
73,9,383,1813,81,68,350.0
73,7,386,1787,75,46,350.0
73,-2,389,1863,87,68,9900.0
73,49,423,2006,80,63,350.0
73,7,415,1938,86,55,350.0
73,0,335,1600,52,35,500.0
73,8,403,1866,65,59,350.0
73,4,377,1784,64,73,350.0
73,14,418,2047,68,73,350.0
73,5,368,1750,71,72,450.0
73,2,403,803,74,67,350.0
73,3,406,1960,66,68,350.0
73,5,397,1821,85,43,350.0
73,4,391,1832,81,42,8000.0
73,4,389,1803,83,69,350.0
73,34,353,1656,62,73,350.0
73,2,424,2040,81,68,2800.0
73,11,400,1918,74,45,350.0
73,228,395,1764,85,34,350.0
73,171,367,1727,81,71,1200.0
73,0,396,1827,79,54,550.0
73,3,396,1780,81,41,3000.0
73,2,408,1965,73,72,9700.0
73,2,414,1960,71,63,700.0
73,20,389,1728,83,35,350.0
73,5,383,767,72,70,2900.0
73,11,393,1793,82,34,350.0
73,4,383,1752,87,60,350.0
73,0,347,1650,60,37,400.0
73,10,430,2017,77,69,450.0
73,6,420,1962,83,57,350.0
73,9,414,1979,81,58,350.0
73,14,389,713,74,72,450.0
73,37,368,1692,68,37,350.0
73,11,385,1806,73,73,350.0
73,5,342,1581,61,34,350.0
73,10,367,1707,83,74,10000.0
73,-2,356,1656,51,36,350.0
73,9,394,1909,79,74,350.0
73,12,422,2026,71,74,350.0
73,0,395,1862,79,67,350.0
73,39,423,1955,81,57,350.0
73,3,384,1857,55,55,9700.0
73,0,403,1881,78,71,350.0
73,19,372,1695,67,36,350.0
73,8,413,1930,69,54,350.0
73,6,373,1741,55,50,350.0
73,4,408,1915,66,64,850.0
73,25,386,1774,85,70,400.0
73,68,386,1874,77,70,10000.0
73,0,420,2016,68,70,350.0
73,40,406,852,72,71,350.0
73,20,331,1549,52,30,350.0
73,-1,389,1840,64,56,350.0
73,4,358,1664,60,37,10000.0
73,2,418,2021,70,61,350.0
73,-1,382,1837,69,70,350.0
73,-1,365,1723,63,35,350.0
73,51,379,1786,67,73,6700.0
73,-1,415,1992,68,64,10000.0
73,3,414,1975,69,68,350.0
73,12,429,2005,74,68,350.0
73,2,390,1778,73,38,350.0
73,5,429,1980,88,58,2000.0
73,21,402,1985,67,66,350.0
73,23,392,1837,92,70,350.0
73,12,410,1915,79,56,450.0
73,14,394,1932,71,70,350.0
73,44,373,1834,70,71,350.0
73,7,420,1957,85,69,2000.0
73,1,349,1675,54,76,350.0
73,1,395,1814,90,67,350.0
73,1,411,1890,81,55,350.0
73,-7,399,1857,81,70,350.0
73,9,386,1800,60,53,350.0
73,9,356,1670,50,70,350.0
73,3,369,1764,43,53,350.0
73,4,347,1572,63,38,350.0
73,10,405,1920,73,76,350.0
73,0,380,1752,66,53,400.0
73,22,411,1959,75,58,350.0
73,0,417,1989,82,70,9700.0
73,81,368,1744,78,62,350.0
73,0,415,1938,82,64,350.0
73,6,380,1858,71,67,350.0
73,-4,400,1905,77,67,9700.0
73,8,413,2013,76,70,350.0
73,17,370,1768,66,75,350.0
73,17,404,1886,84,65,350.0
73,125,358,1578,82,25,400.0
73,4,403,1871,67,53,350.0
73,-2,430,2066,71,72,350.0
73,3,395,1808,63,56,350.0
73,8,403,1924,66,56,350.0
73,1,423,2031,76,64,500.0
73,40,422,2011,75,67,350.0
73,9,401,771,70,71,400.0
73,64,415,1918,85,52,750.0
73,7,430,2030,73,69,350.0
73,2,423,1971,85,65,350.0
73,3,408,1890,78,55,350.0
73,5,388,1826,73,75,350.0
73,13,399,1896,85,50,350.0
73,14,424,2002,73,64,350.0
73,24,391,1777,82,71,350.0
73,6,391,1876,80,66,350.0
73,12,368,1692,62,37,350.0
73,-1,387,1785,78,41,350.0
73,33,421,1900,85,69,350.0
73,13,397,1876,81,69,350.0
73,11,420,1933,71,61,350.0
73,3,376,1736,75,74,350.0
73,14,386,1820,81,70,400.0
73,0,388,1836,72,57,9700.0
73,93,385,1807,78,68,350.0
73,10,386,1799,76,44,450.0
73,0,381,1800,65,46,900.0
73,5,383,781,73,70,350.0
73,0,417,1942,77,65,350.0
73,13,395,1849,67,50,350.0
73,14,404,1929,75,70,350.0
73,11,363,1687,66,36,4700.0
73,2,359,1631,70,30,350.0
73,5,359,1706,72,65,650.0
73,10,391,680,72,71,350.0
73,7,373,1749,71,71,350.0
73,33,388,1799,76,35,400.0
73,16,400,1830,93,68,4500.0
73,37,395,1897,83,72,350.0
73,1,383,1849,73,69,350.0
73,10,421,2023,76,63,1000.0
73,0,408,1970,68,61,350.0
73,2,408,2031,65,61,350.0
73,-1,408,1967,72,64,4000.0
73,4,419,2009,65,69,350.0
73,3,410,912,74,67,350.0
73,3,407,1979,69,74,350.0
73,4,395,1894,75,74,350.0
73,16,404,1911,83,66,350.0
73,3,390,1890,74,71,350.0
73,15,388,1818,65,49,350.0
73,1,394,1871,73,53,350.0
73,6,375,1778,74,66,350.0
73,9,401,1931,73,75,350.0
73,25,386,1794,77,72,350.0
73,20,387,1803,81,73,450.0
73,-2,381,1769,72,40,350.0
73,6,406,1931,72,62,450.0
73,17,371,1741,69,74,650.0
73,2,399,1847,81,66,350.0
73,2,367,1694,55,42,350.0
73,37,413,1970,63,65,350.0
73,8,407,1923,83,67,350.0
73,14,406,1963,72,53,350.0
73,14,356,1608,57,33,6500.0
73,8,416,1949,59,66,350.0
73,-12,407,1863,70,71,350.0
73,4,396,1938,72,75,3100.0
73,0,389,1857,64,56,1300.0
73,0,378,1898,41,59,9700.0
73,0,379,1847,59,69,350.0
73,0,410,1132,74,73,350.0
73,1,398,1862,67,52,350.0
73,2,392,1868,64,53,350.0
73,5,374,1855,61,75,350.0
73,1,390,1931,44,63,350.0
73,1,417,1926,74,61,350.0
73,5,394,1908,77,75,450.0
73,3,409,1965,80,65,8000.0
73,9,316,1488,30,35,350.0
73,2,423,2012,85,70,350.0
73,-1,389,1878,64,50,1500.0
73,1,346,1597,54,34,350.0
73,5,371,1776,85,62,1900.0
73,20,393,1845,91,68,350.0
73,0,377,1778,71,74,350.0
73,5,418,1999,89,70,350.0
73,8,415,2029,54,71,350.0
73,4,366,1717,61,52,350.0
73,2,409,852,75,70,350.0
73,5,427,1973,75,61,1300.0
73,0,391,925,74,66,9700.0
73,21,395,1866,69,46,350.0
73,5,413,1957,79,60,3700.0
73,5,342,1581,54,40,350.0
73,7,395,1844,82,70,350.0
73,2,380,1773,76,72,350.0
73,1,404,1907,82,64,5000.0
73,3,389,736,72,72,350.0
73,17,400,1819,85,55,350.0
73,84,407,1935,73,62,350.0
73,4,392,1836,74,70,350.0
73,29,387,1817,75,72,4500.0
73,24,398,1887,83,69,350.0
73,17,393,1846,77,64,350.0
73,6,372,1754,89,65,1700.0
73,0,374,1726,66,42,350.0
73,5,401,1863,65,59,350.0
73,7,396,1832,69,50,350.0
73,3,405,1931,65,59,350.0
73,21,413,1917,84,56,350.0
73,2,385,1761,78,39,350.0
73,3,372,1754,89,65,350.0
73,1,395,1874,62,51,350.0
73,1,392,1865,66,75,350.0
73,0,382,1809,71,39,350.0
73,3,413,940,72,71,350.0
73,0,348,1722,31,75,350.0
73,12,356,1608,57,33,2000.0
73,21,413,1025,73,68,350.0
73,1,401,1852,82,41,350.0
73,0,393,1857,73,48,350.0
73,2,400,858,75,72,350.0
73,-3,378,1898,41,59,9700.0
73,10,440,2033,79,71,350.0
73,5,396,1929,68,51,300.0
73,4,415,954,71,69,350.0
73,10,387,1817,75,72,3800.0
73,4,403,925,77,66,350.0
73,2,393,1932,56,53,350.0
73,2,389,1830,73,73,350.0
73,3,405,1962,69,71,350.0
73,2,414,1946,69,60,2000.0
73,1,415,1992,68,64,350.0
73,5,427,2050,68,75,350.0
73,4,375,1727,70,49,650.0
73,-4,399,868,75,71,350.0
73,3,363,1687,66,36,350.0
73,1,356,1616,61,40,350.0
73,8,371,1730,81,62,350.0
73,0,398,1888,55,61,350.0
73,1,398,929,73,67,350.0
73,0,367,1707,83,74,350.0
73,2,391,1880,75,67,350.0
73,0,395,1926,74,74,350.0
73,6,400,1830,93,68,350.0
73,-2,362,1731,60,41,350.0
73,1,389,1863,87,68,9700.0
73,4,424,1979,85,63,350.0
73,2,396,1851,65,49,350.0
73,0,416,1969,83,72,350.0
73,4,405,1912,76,68,350.0
73,0,431,2077,73,67,350.0
73,1,359,1712,50,45,350.0
73,-1,419,2043,69,73,350.0
73,-1,388,1836,72,57,9700.0
73,0,360,1791,50,75,350.0
73,6,396,1938,72,75,350.0
73,4,386,1881,83,65,350.0
73,3,364,1742,70,73,350.0
73,0,422,1969,71,62,350.0
73,0,368,1686,58,47,350.0
73,1,414,1960,71,63,350.0
73,0,414,1942,69,62,350.0
73,0,383,1762,69,46,350.0
73,0,396,1780,81,41,9700.0
73,0,429,1980,88,58,9700.0
73,0,402,2014,52,70,9700.0
73,0,442,2126,82,65,9700.0
73,-1,382,1884,54,55,9700.0
73,1,358,1664,60,37,9700.0
73,0,331,1551,40,38,9700.0
73,0,395,1862,79,67,9700.0
73,-1,389,1863,87,68,9700.0
73,2,384,1857,55,55,9700.0
73,3,391,925,74,66,9700.0
73,1,417,1989,82,70,9700.0
73,0,382,1803,57,46,9700.0
73,-1,410,980,73,69,9700.0
73,0,388,741,71,73,9700.0
73,-1,378,1898,41,59,9700.0
73,-2,407,1940,75,72,9700.0
73,0,383,1808,91,65,9700.0
73,-1,388,1836,72,57,9700.0
73,1,408,1965,73,72,9700.0
73,6,379,1845,47,75,9700.0
73,0,408,1970,65,59,9700.0
73,3,403,1922,72,68,9700.0
72,10,399,917,71,70,350.0
72,28,362,1711,79,61,350.0
72,1,377,1817,64,74,350.0
72,9,392,840,72,70,350.0
72,4,400,1037,70,70,350.0
72,22,402,1970,52,65,350.0
72,2,401,1978,53,66,350.0
72,11,390,1940,63,72,350.0
72,9,372,684,67,71,500.0
72,221,376,1893,49,78,350.0
72,3,360,1801,64,69,350.0
72,0,395,756,73,72,600.0
72,4,362,1804,55,74,350.0
72,1,390,874,67,71,350.0
72,88,377,1844,74,68,6000.0
72,3,392,893,70,72,350.0
72,0,376,1845,36,65,10000.0
72,4,422,2098,66,72,6200.0
72,2,334,1648,35,39,350.0
72,9,372,1821,45,50,350.0
72,0,311,1509,33,32,350.0
72,0,401,884,69,71,350.0
72,14,343,1670,36,44,500.0
72,4,325,1578,35,37,350.0
72,7,400,862,72,71,800.0
72,3,419,2054,67,69,350.0
72,4,394,1943,64,55,9000.0
72,0,335,1667,35,51,450.0
72,17,389,1986,63,64,350.0
72,11,388,1874,65,73,350.0
72,1,406,1938,73,53,350.0
72,0,360,1686,46,49,400.0
72,6,389,1931,51,74,350.0
72,6,388,1877,67,73,350.0
72,2,385,1827,61,52,350.0
72,2,387,1858,68,73,350.0
72,6,399,1958,57,61,550.0
72,0,371,1783,69,71,350.0
72,-1,392,1917,46,62,9000.0
72,-2,415,2011,63,71,350.0
72,6,394,940,73,70,500.0
72,8,376,1793,64,41,350.0
72,6,402,1917,55,67,350.0
72,4,405,1977,74,73,350.0
72,1,408,1889,72,57,350.0
72,2,404,1899,73,56,350.0
72,2,407,1987,60,59,350.0
72,11,409,2020,65,70,350.0
72,3,406,1986,60,65,550.0
72,0,401,1947,68,62,500.0
72,5,405,916,70,70,350.0
72,3,373,1758,60,39,350.0
72,4,391,1858,73,72,3000.0
72,0,373,1815,66,72,350.0
72,3,336,1620,45,34,350.0
72,0,398,854,73,71,700.0
72,18,384,1844,59,73,350.0
72,0,397,1937,64,69,350.0
72,7,403,1999,55,68,350.0
72,1,362,1670,56,53,350.0
72,2,398,1968,52,61,400.0
72,3,393,847,74,66,9500.0
72,-1,396,932,73,70,450.0
72,8,412,1949,70,63,350.0
72,1,379,1816,66,42,550.0
72,1,407,1948,70,56,350.0
72,5,401,837,73,71,350.0
72,3,377,1775,69,41,400.0
72,3,413,1926,87,53,350.0
72,2,387,1854,68,65,350.0
72,3,403,986,73,71,10000.0
72,8,367,1894,37,69,350.0
72,4,353,1728,47,42,400.0
72,1,413,1956,80,62,500.0
72,-1,375,1807,75,67,1200.0
72,1,392,903,73,71,350.0
72,11,397,1934,90,73,350.0
72,2,339,1612,43,41,900.0
72,10,351,1642,60,33,350.0
72,-2,408,1996,63,68,10000.0
72,2,327,1568,54,31,350.0
72,4,402,1975,67,72,350.0
72,3,385,1777,71,47,600.0
72,3,321,1573,35,34,350.0
72,10,379,1780,77,55,350.0
72,3,409,1956,74,70,350.0
72,4,383,1836,73,65,350.0
72,2,429,2068,68,67,350.0
72,2,407,1970,69,63,350.0
72,8,422,2010,59,69,350.0
72,8,399,1915,62,53,350.0
72,-3,381,1790,68,50,500.0
72,22,382,1833,75,71,8500.0
72,0,402,1851,75,49,350.0
72,0,413,1995,64,65,4900.0
72,3,383,1850,67,50,350.0
72,5,370,1809,65,75,350.0
72,4,378,1822,73,68,1900.0
72,2,383,1834,72,66,400.0
72,-3,415,1994,67,60,350.0
72,5,325,1575,32,45,350.0
72,5,379,1856,56,68,350.0
72,5,416,2058,62,68,350.0
72,2,429,2010,77,73,3500.0
72,2,396,1950,66,73,350.0
72,3,397,1884,68,56,500.0
72,1,400,1874,88,69,350.0
72,2,410,1927,68,60,350.0
72,1,389,1826,74,69,350.0
72,1,416,2035,67,71,350.0
72,9,412,999,69,71,350.0
72,5,375,1874,47,51,350.0
72,-2,421,1978,65,67,350.0
72,0,411,2001,66,68,4000.0
72,8,364,1776,75,73,350.0
72,1,393,1886,57,56,350.0
72,-1,376,1782,70,40,350.0
72,4,374,1797,54,61,350.0
72,-1,377,1783,59,71,350.0
72,10,393,1838,76,52,500.0
72,6,415,2012,73,62,6900.0
72,24,384,1792,72,73,350.0
72,2,328,1538,41,28,4900.0
72,5,325,1517,41,32,350.0
72,2,385,1806,84,72,3800.0
72,6,412,1989,81,71,350.0
72,6,408,1941,67,60,350.0
72,4,394,1860,71,55,900.0
72,5,409,1975,72,57,350.0
72,5,405,836,75,68,1000.0
72,2,409,1905,80,53,300.0
72,6,402,1849,75,52,350.0
72,-5,397,1959,51,69,350.0
72,2,367,1786,48,53,650.0
72,4,403,1872,74,57,550.0
72,12,377,1783,75,74,350.0
72,2,397,922,71,67,500.0
72,1,391,1919,48,63,700.0
72,1,409,2021,67,72,350.0
72,0,410,1951,68,68,10000.0
72,4,395,1856,71,60,350.0
72,-2,366,1680,39,56,350.0
72,2,389,1790,64,51,350.0
72,5,416,2008,68,68,350.0
72,1,383,828,73,69,350.0
72,4,399,2020,71,72,350.0
72,4,404,1919,71,65,350.0
72,1,384,1800,52,58,350.0
72,6,410,1967,70,70,350.0
72,3,406,1991,54,70,2000.0
72,6,416,2020,66,69,350.0
72,3,401,1926,74,74,350.0
72,9,412,1961,89,68,350.0
72,3,408,1995,66,62,350.0
72,3,409,967,70,70,5000.0
72,10,396,834,74,69,350.0
72,2,427,2032,76,68,350.0
72,0,395,1820,79,46,350.0
72,-2,360,1673,55,37,350.0
72,11,380,1803,54,48,350.0
72,2,348,1670,51,49,400.0
72,9,419,2043,64,69,350.0
72,4,372,1720,51,71,350.0
72,-1,374,1756,57,48,350.0
72,10,430,2069,76,67,350.0
72,2,403,896,75,68,9000.0
72,40,381,1759,83,71,4500.0
72,3,367,1728,78,71,550.0
72,4,411,1916,77,62,350.0
72,279,414,1914,78,66,350.0
72,-1,404,2006,56,69,350.0
72,10,390,1919,60,77,350.0
72,8,371,1754,61,36,350.0
72,-3,405,1893,74,54,350.0
72,6,431,2027,79,65,350.0
72,1,340,1537,48,40,5100.0
72,1,408,1876,78,58,5000.0
72,-1,400,1895,88,63,350.0
72,0,386,1767,90,67,3000.0
72,7,403,1904,67,54,350.0
72,7,359,1709,58,41,350.0
72,-2,415,1952,78,60,8800.0
72,3,385,1870,73,67,350.0
72,4,417,1904,84,58,5000.0
72,0,355,1599,59,35,350.0
72,1,409,2001,54,66,10000.0
72,5,404,1039,73,69,350.0
72,2,405,1909,88,71,350.0
72,2,400,904,73,71,1500.0
72,0,393,1882,76,46,2800.0
72,1,398,812,72,68,1400.0
72,-16,327,1506,47,26,500.0
72,23,403,1938,77,72,350.0
72,3,352,1636,55,40,350.0
72,3,402,923,73,70,400.0
72,0,405,1966,55,69,350.0
72,3,337,1535,68,28,400.0
72,4,437,2083,75,69,350.0
72,7,389,1883,90,67,350.0
72,2,384,1809,75,72,350.0
72,0,409,1985,55,67,350.0
72,2,417,1999,71,68,550.0
72,1,388,1853,84,70,350.0
72,3,412,1954,70,59,350.0
72,-2,361,1693,52,46,500.0
72,9,391,1773,72,43,350.0
72,4,419,1968,73,64,600.0
72,0,351,1614,69,30,10000.0
72,-3,379,1765,79,71,350.0
72,0,408,1952,77,58,700.0
72,2,400,1918,64,63,850.0
72,-10,356,1667,72,26,450.0
72,6,345,1589,53,35,350.0
72,16,376,1776,71,73,350.0
72,6,409,1870,84,55,350.0
72,3,387,1864,85,66,350.0
72,2,359,1642,68,33,450.0
72,8,362,1666,72,38,7500.0
72,1,410,1957,67,67,400.0
72,-3,354,1664,52,37,450.0
72,8,373,1790,77,69,3300.0
72,10,403,1899,61,59,450.0
72,4,411,1927,82,68,500.0
72,3,410,1994,67,66,350.0
72,1,418,1922,86,60,10000.0
72,4,419,1961,77,70,350.0
72,0,412,973,72,70,350.0
72,4,385,1828,80,63,400.0
72,5,395,1897,63,56,550.0
72,6,394,1761,79,42,350.0
72,2,409,1941,73,69,350.0
72,2,414,1978,59,69,800.0
72,7,397,1879,76,47,800.0
72,1,406,1956,57,67,350.0
72,4,389,1865,53,64,350.0
72,0,380,1778,74,36,350.0
72,2,417,1965,74,65,350.0
72,3,355,1680,52,51,350.0
72,2,383,1813,80,68,350.0
72,1,398,1879,73,62,1500.0
72,0,331,1582,47,30,350.0
72,2,389,1875,52,58,350.0
72,-2,409,1927,75,57,350.0
72,16,388,1852,85,72,850.0
72,16,387,1751,86,63,400.0
72,26,379,1886,73,69,350.0
72,7,394,1907,64,57,350.0
72,3,417,1968,66,67,2800.0
72,-1,380,1782,64,44,3000.0
72,5,394,1890,85,69,750.0
72,-1,394,1913,76,69,300.0
72,3,410,1983,66,66,400.0
72,-1,393,1881,59,57,5000.0
72,6,408,1901,84,68,350.0
72,3,387,1766,79,44,300.0
72,5,336,1533,51,36,350.0
72,10,408,1953,68,58,400.0
72,4,415,1956,75,63,400.0
72,6,378,1795,66,71,7000.0
72,2,392,1819,81,64,550.0
72,10,400,1907,72,49,350.0
72,4,394,1845,75,70,350.0
72,3,391,1840,76,60,350.0
72,1,386,1790,57,51,850.0
72,4,416,1989,74,66,350.0
72,7,408,1839,85,50,350.0
72,1,303,1443,31,27,350.0
72,8,384,1865,49,58,950.0
72,9,410,1920,90,69,350.0
72,2,417,1986,80,72,350.0
72,2,410,1906,77,55,400.0
72,5,405,1979,70,65,350.0
72,-1,395,1859,68,72,350.0
72,3,367,1696,66,37,8900.0
72,3,332,1512,52,30,350.0
72,8,326,1519,43,32,500.0
72,1,394,1918,64,65,500.0
72,5,339,1545,58,29,350.0
72,17,385,1785,73,71,300.0
72,7,372,1676,80,67,700.0
72,15,406,1906,70,59,4000.0
72,44,324,1498,39,28,10000.0
72,2,372,1823,73,64,400.0
72,5,427,2020,78,64,350.0
72,-23,353,1608,64,36,10000.0
72,8,417,1993,66,66,2300.0
72,0,390,1856,62,63,400.0
72,1,366,1659,71,35,450.0
72,6,397,1911,75,68,350.0
72,8,400,1865,74,53,500.0
72,2,377,1728,77,41,350.0
72,6,389,1782,69,69,350.0
72,12,369,1768,75,72,550.0
72,0,415,1977,80,63,450.0
72,44,373,1753,86,66,8000.0
72,14,413,1904,83,60,350.0
72,11,419,1919,90,59,350.0
72,1,396,1857,76,54,300.0
72,3,385,1809,67,50,350.0
72,4,416,1934,81,59,300.0
72,-4,386,1812,70,73,350.0
72,1,410,1986,67,68,350.0
72,9,428,2034,71,65,350.0
72,5,370,1720,76,70,10000.0
72,4,410,1987,72,71,450.0
72,15,405,871,72,71,350.0
72,1,378,1747,64,40,400.0
72,3,370,1740,75,71,350.0
72,14,377,1713,87,68,350.0
72,1,365,1654,74,28,350.0
72,44,412,1886,84,54,350.0
72,37,424,1987,93,59,10000.0
72,4,404,1884,78,57,400.0
72,5,400,1936,64,58,350.0
72,1,389,865,74,67,350.0
72,-1,413,1987,76,57,350.0
72,-1,344,1636,52,41,350.0
72,2,393,1862,70,42,400.0
72,1,314,1465,37,28,350.0
72,6,389,736,73,70,350.0
72,3,397,1913,75,68,350.0
72,0,410,1922,67,66,1200.0
72,1,339,1594,49,41,350.0
72,36,382,1735,78,34,10000.0
72,2,401,1888,65,55,5100.0
72,9,403,1878,81,53,700.0
72,7,407,1882,76,65,350.0
72,2,385,1809,81,65,350.0
72,0,407,1919,68,52,10000.0
72,24,413,1890,85,51,350.0
72,4,405,1930,64,58,350.0
72,3,388,1861,76,68,550.0
72,6,364,1677,83,71,350.0
72,3,396,1906,66,70,350.0
72,6,381,1829,85,64,350.0
72,19,406,1898,78,65,350.0
72,7,413,1941,64,68,350.0
72,1,393,1842,83,65,350.0
72,2,326,1491,52,24,350.0
72,0,385,1813,74,67,5400.0
72,-2,416,1956,86,60,8900.0
72,1,368,1700,59,43,5100.0
72,3,387,1782,82,63,350.0
72,2,393,809,70,68,350.0
72,11,397,1862,79,64,350.0
72,6,404,1950,71,66,3400.0
72,4,403,1876,87,68,350.0
72,2,346,1572,62,39,350.0
72,16,373,1773,82,67,350.0
72,2,369,1729,65,39,9600.0
72,4,376,1784,76,39,750.0
72,6,410,1922,68,58,350.0
72,5,367,1756,72,61,7000.0
72,1,387,1793,78,44,3100.0
72,1,355,1604,64,37,350.0
72,3,374,1773,55,45,1500.0
72,1,371,1750,62,71,350.0
72,7,395,1852,82,70,350.0
72,0,419,1984,68,65,5000.0
72,5,395,1882,74,53,350.0
72,33,387,1812,75,71,4900.0
72,5,354,1605,64,32,800.0
72,0,339,1583,55,37,8000.0
72,6,397,894,72,68,350.0
72,7,405,1878,87,62,3600.0
72,3,383,1782,88,69,350.0
72,16,419,1970,80,62,350.0
72,3,408,1872,79,52,350.0
72,3,422,1969,63,72,350.0
72,3,399,1858,74,62,350.0
72,6,376,1779,79,64,800.0
72,4,385,1799,82,76,350.0
72,2,391,885,72,69,350.0
72,9,340,1547,60,27,5700.0
72,3,367,1699,80,30,350.0
72,4,417,1931,76,63,350.0
72,12,359,1676,65,32,350.0
72,4,390,1803,64,63,350.0
72,6,400,1846,88,72,350.0
72,59,409,1873,79,73,350.0
72,7,420,1942,75,58,500.0
72,1,379,1814,52,49,500.0
72,1,395,1874,75,72,350.0
72,5,367,1664,70,31,350.0
72,6,412,1991,73,67,350.0
72,5,419,2001,74,67,350.0
72,5,392,744,71,70,700.0
72,0,401,1912,66,66,10000.0
72,26,383,1793,75,72,6900.0
72,6,393,1856,72,70,400.0
72,-2,413,1905,80,62,350.0
72,24,394,784,71,69,1000.0
72,-2,364,1714,67,70,400.0
72,53,409,1935,91,73,350.0
72,52,407,1833,92,62,350.0
72,6,430,2035,76,65,350.0
72,14,413,1859,86,68,350.0
72,25,396,1825,93,66,350.0
72,-1,359,1642,65,37,6400.0
72,0,411,1936,71,63,400.0
72,1,405,1876,78,54,10000.0
72,5,393,1868,84,51,350.0
72,3,381,1803,73,43,400.0
72,12,439,2088,82,70,350.0
72,5,339,1524,68,24,350.0
72,1,392,1768,81,42,350.0
72,9,391,1827,74,46,4500.0
72,2,408,1940,68,60,350.0
72,12,389,789,66,72,350.0
72,35,372,1678,71,39,900.0
72,5,378,1739,69,36,350.0
72,8,417,1904,76,55,400.0
72,14,397,1840,91,70,350.0
72,29,384,1729,91,35,350.0
72,2,369,1760,69,71,350.0
72,3,421,1983,77,64,350.0
72,58,421,1961,79,57,350.0
72,2,417,1911,87,56,350.0
72,8,350,1652,62,30,1200.0
72,0,419,1948,75,66,350.0
72,30,367,1754,79,63,350.0
72,0,400,1901,70,55,9000.0
72,2,346,1587,70,35,350.0
72,-2,372,1730,69,43,10000.0
72,2,349,1602,59,34,350.0
72,1,377,1877,70,73,350.0
72,0,411,1934,82,68,2100.0
72,8,426,1993,88,60,350.0
72,8,395,1764,72,43,350.0
72,23,363,1700,72,72,10000.0
72,10,403,1885,74,48,3100.0
72,4,402,1886,64,63,300.0
72,41,409,1953,70,66,350.0
72,2,365,1689,61,44,350.0
72,4,394,1809,86,70,350.0
72,-1,375,1793,77,73,350.0
72,23,389,1855,86,69,8900.0
72,4,371,1811,73,65,350.0
72,1,398,1834,70,70,350.0
72,6,388,1832,85,66,400.0
72,1,369,1686,82,63,800.0
72,8,377,1730,87,41,350.0
72,9,410,1911,73,58,350.0
72,1,387,706,71,69,350.0
72,6,375,1828,70,72,350.0
72,13,423,1974,82,62,350.0
72,12,379,1788,82,68,350.0
72,0,411,1947,77,52,350.0
72,-4,360,1617,66,39,300.0
72,6,405,1898,88,73,350.0
72,52,395,1834,80,70,600.0
72,29,368,1749,85,63,350.0
72,10,352,1573,67,33,950.0
72,2,379,1775,66,55,700.0
72,11,359,1606,82,33,350.0
72,30,337,1586,65,33,9900.0
72,13,383,1844,79,63,350.0
72,6,415,1960,60,69,350.0
72,13,384,1728,66,41,350.0
72,0,379,601,70,73,350.0
72,3,365,1727,65,72,300.0
72,18,446,2124,83,69,350.0
72,5,414,2006,68,67,350.0
72,164,376,1783,89,67,350.0
72,0,386,1887,50,57,350.0
72,2,404,823,74,66,700.0
72,2,362,1665,69,30,300.0
72,8,396,1858,82,70,700.0
72,4,359,1750,82,65,350.0
72,75,420,1977,79,63,350.0
72,7,385,1788,88,60,350.0
72,-2,405,1918,64,63,1000.0
72,9,419,1884,88,57,350.0
72,2,390,1836,87,69,8000.0
72,4,380,1824,76,72,350.0
72,8,398,1855,76,71,350.0
72,3,387,665,74,71,350.0
72,11,409,1954,82,68,350.0
72,3,353,1573,67,35,350.0
72,21,418,2000,74,68,350.0
72,15,364,1731,72,70,2000.0
72,1,394,1847,75,69,300.0
72,3,408,1943,67,63,700.0
72,15,381,1867,61,55,500.0
72,10,393,1875,68,63,350.0
72,115,389,1812,73,47,400.0
72,2,389,1912,58,73,600.0
72,2,382,1803,37,65,350.0
72,17,362,1845,57,70,350.0
72,2,373,1744,76,63,10000.0
72,4,402,1942,66,59,350.0
72,2,423,1972,66,68,350.0
72,2,388,1909,49,58,450.0
72,0,391,1891,74,74,350.0
72,2,398,849,70,70,350.0
72,4,381,1834,74,63,300.0
72,0,358,1656,61,35,1000.0
72,4,382,1820,81,68,1000.0
72,4,389,1900,58,63,350.0
72,5,369,1718,78,71,900.0
72,3,403,1917,80,72,350.0
72,1,331,1596,50,44,10000.0
72,2,397,1836,79,45,350.0
72,2,377,1805,76,71,350.0
72,3,378,1788,81,62,2000.0
72,13,380,1796,76,73,350.0
72,23,442,2080,82,69,350.0
72,0,385,1861,75,65,10000.0
72,3,388,1841,77,72,350.0
72,2,370,1672,76,29,350.0
72,-1,386,1789,68,52,350.0
72,83,388,1843,71,53,350.0
72,18,416,1970,76,61,350.0
72,9,395,1934,68,54,400.0
72,-2,396,1874,80,66,6100.0
72,5,396,1803,87,69,5500.0
72,5,419,1953,84,59,350.0
72,1,408,1978,57,70,350.0
72,9,385,1778,76,67,300.0
72,19,362,1682,72,71,8900.0
72,-1,402,1909,69,71,550.0
72,2,393,1860,66,47,4900.0
72,7,369,1730,49,46,350.0
72,18,369,1683,86,68,350.0
72,17,408,1938,92,72,350.0
72,5,363,1684,72,68,850.0
72,-3,385,666,72,71,350.0
72,4,391,1858,74,54,500.0
72,1,407,1832,83,50,350.0
72,-65,398,1909,66,61,5000.0
72,1,403,1910,67,56,350.0
72,3,384,1820,58,51,500.0
72,0,384,1725,68,45,10000.0
72,1,408,1895,83,63,350.0
72,-1,402,1905,71,62,300.0
72,2,350,1637,75,71,350.0
72,2,392,1895,82,73,350.0
72,4,319,1536,43,29,350.0
72,-1,391,1846,71,51,350.0
72,3,410,1956,67,62,1600.0
72,17,396,1810,86,67,350.0
72,2,340,1547,60,27,350.0
72,1,362,1666,72,38,350.0
72,-1,357,1693,63,35,350.0
72,0,328,1538,41,28,350.0
72,0,380,1834,62,52,350.0
72,0,329,1518,48,37,450.0
72,4,379,1710,83,34,350.0
72,1,396,677,72,68,350.0
72,1,401,1842,78,52,350.0
72,-3,374,1787,55,53,5100.0
72,4,429,2010,77,73,350.0
72,1,316,1473,45,30,350.0
72,7,396,1909,60,69,350.0
72,22,406,1906,70,59,350.0
72,5,370,1778,71,73,350.0
72,-4,367,1696,66,37,300.0
72,0,359,1642,65,37,550.0
72,0,378,1788,80,64,350.0
72,1,406,1991,54,70,350.0
72,1,378,1746,79,39,350.0
72,2,405,1878,87,62,350.0
72,-1,393,1881,59,57,5100.0
72,3,396,1793,89,69,350.0
72,1,406,1970,58,64,1100.0
72,0,393,1860,66,47,350.0
72,2,408,1865,88,50,350.0
72,2,387,1791,84,62,3900.0
72,2,378,1798,76,68,1100.0
72,-1,360,1746,59,73,5100.0
72,1,413,1995,64,65,350.0
72,2,404,1937,68,57,350.0
72,15,324,1498,39,28,350.0
72,12,363,1700,72,72,500.0
72,1,403,1885,74,48,500.0
72,4,379,1789,77,66,350.0
72,0,388,1790,67,48,350.0
72,0,409,1900,73,60,500.0
72,2,416,1973,73,71,350.0
72,2,404,1950,71,66,350.0
72,6,435,2037,79,69,350.0
72,6,415,1945,76,66,4000.0
72,0,403,986,73,71,350.0
72,1,367,1756,72,61,350.0
72,13,399,1875,61,57,350.0
72,0,422,2098,66,72,350.0
72,0,351,1614,69,30,350.0
72,1,372,1788,67,72,3500.0
72,0,417,1993,66,66,350.0
72,4,389,1855,86,69,350.0
72,0,364,1725,69,72,700.0
72,1,401,1861,71,52,700.0
72,1,383,1793,75,72,350.0
72,0,423,1989,78,64,550.0
72,1,376,1804,61,46,400.0
72,-1,407,1919,68,52,500.0
72,2,415,2012,73,62,350.0
72,0,368,1700,59,43,5100.0
72,2,416,1956,86,60,350.0
72,-1,421,2015,74,63,450.0
72,5,382,1833,75,71,650.0
72,1,377,1805,88,66,350.0
72,1,368,1720,61,46,350.0
72,0,409,967,70,70,350.0
72,0,383,1837,73,72,4900.0
72,0,401,1888,65,55,5100.0
72,0,386,1790,57,51,5100.0
72,0,378,1795,66,71,5100.0
72,0,400,904,73,71,5100.0
72,0,417,1904,84,58,5100.0
72,0,340,1537,48,40,5100.0
72,0,419,1984,68,65,5100.0
71,18,392,1788,89,65,400.0
71,9,401,1850,78,50,350.0
71,39,380,1748,82,61,450.0
71,17,385,1827,91,65,300.0
71,2,370,1772,57,51,300.0
71,38,326,1618,33,74,350.0
71,4,389,1964,43,69,350.0
71,2,328,1614,31,43,350.0
71,2,388,1906,72,73,350.0
71,1,397,1942,53,67,600.0
71,18,391,912,66,71,500.0
71,6,387,929,70,69,650.0
71,5,347,1752,41,51,300.0
71,2,333,1602,34,31,700.0
71,17,375,1810,78,68,10000.0
71,0,390,839,72,72,300.0
71,1,397,1943,60,64,400.0
71,3,400,925,69,67,750.0
71,0,320,1533,37,33,10000.0
71,4,405,904,72,67,10000.0
71,2,399,1960,53,68,350.0
71,2,381,931,71,71,350.0
71,9,377,1848,62,76,350.0
71,13,336,1672,41,76,350.0
71,2,368,1716,72,46,350.0
71,2,333,1547,52,42,300.0
71,5,409,1023,70,69,400.0
71,0,409,1925,81,55,400.0
71,87,364,1838,46,72,350.0
71,11,375,1824,71,69,400.0
71,-1,408,1986,55,69,350.0
71,3,396,1951,54,68,1000.0
71,4,396,1904,62,56,300.0
71,1,391,1919,50,59,300.0
71,3,402,831,71,72,300.0
71,2,385,1844,73,71,550.0
71,3,406,1951,69,62,400.0
71,2,397,1962,64,61,300.0
71,18,366,1754,69,72,5300.0
71,0,332,1510,53,29,300.0
71,0,397,1916,58,61,600.0
71,0,395,1933,50,66,400.0
71,4,411,1992,63,66,300.0
71,2,409,1965,70,68,300.0
71,15,401,1995,64,66,350.0
71,3,405,915,73,69,300.0
71,2,397,892,72,68,550.0
71,-2,394,1910,55,61,300.0
71,2,396,1876,77,70,4200.0
71,4,412,1949,74,64,300.0
71,1,378,1823,83,67,4000.0
71,6,357,1653,50,47,1500.0
71,2,359,1680,67,35,600.0
71,0,390,1902,72,70,550.0
71,18,313,1486,35,32,350.0
71,1,381,839,72,67,300.0
71,0,354,1671,54,42,400.0
71,2,409,952,70,73,5700.0
71,8,378,1905,58,74,300.0
71,1,380,1790,87,60,400.0
71,5,404,857,72,70,950.0
71,2,368,1726,67,72,3500.0
71,2,395,1878,64,61,400.0
71,2,384,1793,66,45,500.0
71,4,365,1799,68,66,600.0
71,7,393,1848,69,52,600.0
71,3,415,2032,57,68,3600.0
71,1,343,1548,54,37,1000.0
71,1,396,1862,67,60,9900.0
71,-1,404,1908,72,63,300.0
71,1,402,926,71,68,500.0
71,15,419,2000,86,67,300.0
71,-2,329,1549,47,29,10000.0
71,1,414,1986,66,70,300.0
71,3,381,1814,59,58,450.0
71,-4,411,1977,63,68,8800.0
71,7,397,1940,74,70,300.0
71,8,411,1933,82,65,300.0
71,0,370,1719,58,53,5600.0
71,3,390,1861,68,48,400.0
71,-2,378,1816,66,74,350.0
71,-1,389,1873,80,71,500.0
71,1,394,900,70,68,350.0
71,5,401,1846,86,56,300.0
71,4,384,1785,81,65,800.0
71,-1,383,1831,66,52,450.0
71,3,404,1920,85,49,300.0
71,4,364,1769,64,73,300.0
71,1,376,1783,73,40,3700.0
71,6,409,1973,68,68,300.0
71,9,360,1809,46,72,450.0
71,2,399,1869,81,49,400.0
71,8,375,1779,53,57,500.0
71,6,345,1615,52,38,500.0
71,1,381,1921,35,66,500.0
71,3,356,1695,46,43,300.0
71,2,320,1513,51,27,900.0
71,-9,415,2012,62,68,350.0
71,3,401,871,72,69,300.0
71,0,396,1907,71,59,300.0
71,9,412,1900,72,56,300.0
71,13,377,1778,77,72,300.0
71,1,393,1817,76,47,700.0
71,3,378,1803,72,34,350.0
71,0,403,1984,74,67,750.0
71,2,413,1983,65,69,300.0
71,0,380,1797,68,44,600.0
71,0,368,1786,41,50,400.0
71,0,371,1787,76,68,400.0
71,1,397,1897,59,58,300.0
71,4,388,1840,70,69,3100.0
71,12,367,1770,62,71,350.0
71,-1,368,1736,54,53,1000.0
71,4,414,1886,67,67,350.0
71,5,363,1752,64,73,300.0
71,1,394,838,71,67,900.0
71,3,396,1846,81,69,300.0
71,4,382,1815,78,69,3600.0
71,2,320,1526,41,43,350.0
71,1,403,1946,63,60,400.0
71,0,383,1819,69,46,400.0
71,0,384,1782,67,46,550.0
71,6,354,1635,65,32,500.0
71,0,360,1755,65,72,800.0
71,0,409,1917,77,61,2600.0
71,0,381,1842,62,47,8000.0
71,3,354,1654,55,71,300.0
71,2,401,1958,64,72,350.0
71,1,368,1791,77,69,600.0
71,2,323,1602,46,33,300.0
71,3,406,1984,62,69,300.0
71,4,411,1966,67,65,350.0
71,3,391,1904,61,55,300.0
71,4,411,1909,83,72,300.0
71,16,384,1918,66,69,4500.0
71,-1,399,1928,58,64,4400.0
71,1,368,1745,69,70,700.0
71,3,343,1656,48,72,300.0
71,1,349,1612,64,32,500.0
71,8,382,1699,76,48,300.0
71,1,327,1509,55,26,400.0
71,-1,353,1623,58,29,450.0
71,6,357,1675,57,73,400.0
71,0,339,1593,55,36,550.0
71,2,383,1821,91,65,10000.0
71,0,356,1720,52,47,450.0
71,-6,364,1798,36,53,650.0
71,5,381,1749,79,36,1400.0
71,4,393,1875,80,69,1000.0
71,0,415,2021,69,69,8200.0
71,9,408,1889,92,70,300.0
71,4,370,1797,70,71,300.0
71,1,315,1469,39,32,300.0
71,23,400,1865,86,69,2100.0
71,5,390,1943,43,70,400.0
71,3,421,1938,81,68,300.0
71,3,402,1991,56,63,400.0
71,5,405,1918,76,60,1200.0
71,7,388,1877,69,74,500.0
71,31,401,1892,69,61,3400.0
71,1,396,820,71,70,4500.0
71,27,393,1811,83,70,6700.0
71,2,375,1722,66,44,850.0
71,10,375,1771,72,71,8000.0
71,1,370,1694,68,43,300.0
71,2,349,1608,60,39,400.0
71,5,380,1757,72,70,4600.0
71,6,398,1906,75,67,300.0
71,1,398,1918,86,69,350.0
71,2,402,1915,63,61,900.0
71,4,387,1833,83,40,300.0
71,-1,402,1875,81,64,400.0
71,12,328,1514,61,32,9000.0
71,2,381,915,67,72,400.0
71,3,385,1796,73,67,300.0
71,6,377,1836,50,56,300.0
71,2,415,1997,69,68,300.0
71,7,371,1730,67,72,300.0
71,1,392,1861,64,58,5000.0
71,0,367,1662,61,40,10000.0
71,1,362,1627,66,43,650.0
71,1,399,1913,56,66,300.0
71,4,404,1864,83,65,300.0
71,1,358,1674,57,48,10000.0
71,0,350,1636,65,41,6900.0
71,1,410,1948,75,58,3000.0
71,1,391,1827,70,51,6900.0
71,3,421,1995,81,69,300.0
71,2,412,1939,74,61,7500.0
71,3,407,1874,67,65,350.0
71,1,410,1044,71,69,9700.0
71,0,373,1728,47,49,300.0
71,8,417,1982,72,65,350.0
71,2,395,1990,54,69,400.0
71,2,396,1885,69,66,350.0
71,2,396,1885,69,59,350.0
71,6,368,1685,75,44,300.0
71,1,355,1723,32,55,350.0
71,2,402,1919,66,60,300.0
71,1,394,1839,59,60,300.0
71,5,414,1956,80,60,10000.0
71,7,346,1596,65,30,1000.0
71,1,384,1825,82,64,8800.0
71,8,385,1769,81,38,400.0
71,0,384,1842,69,70,300.0
71,7,387,833,78,66,300.0
71,2,413,1962,67,67,400.0
71,0,376,1781,56,59,1000.0
71,5,411,919,73,67,400.0
71,4,393,965,70,68,400.0
71,2,331,1492,62,31,400.0
71,7,414,1897,88,52,300.0
71,3,358,1684,73,65,3800.0
71,4,401,1860,81,50,450.0
71,1,412,1937,74,70,500.0
71,1,358,1670,57,42,300.0
71,9,379,1748,82,68,300.0
71,3,388,1844,79,73,300.0
71,0,400,1902,53,63,300.0
71,7,358,1636,67,69,5500.0
71,5,397,1845,66,57,300.0
71,7,364,1710,68,71,350.0
71,3,421,1996,82,63,300.0
71,4,376,1796,63,51,1000.0
71,4,381,1773,73,44,4900.0
71,4,384,1726,80,33,5300.0
71,11,403,965,72,67,450.0
71,4,380,1736,68,47,300.0
71,5,383,786,71,70,4000.0
71,1,407,1918,81,63,450.0
71,1,361,1796,38,52,750.0
71,1,360,1690,68,36,450.0
71,0,355,1714,48,47,300.0
71,-1,400,1932,68,59,10000.0
71,8,369,1684,82,29,300.0
71,3,366,1717,72,72,300.0
71,54,306,1437,39,33,500.0
71,2,396,1914,63,51,300.0
71,7,417,1961,69,67,300.0
71,0,396,1903,72,57,500.0
71,2,403,1876,77,63,450.0
71,1,396,1787,88,48,350.0
71,4,411,1910,89,66,300.0
71,1,377,1779,59,45,300.0
71,2,401,1866,85,64,5000.0
71,-3,386,1826,75,70,400.0
71,8,404,1811,89,49,450.0
71,6,408,1967,68,64,450.0
71,3,376,1785,80,67,800.0
71,0,372,1743,73,44,350.0
71,3,418,1997,76,59,350.0
71,4,421,1971,79,67,350.0
71,1,372,1820,50,46,1000.0
71,3,401,1923,67,60,350.0
71,5,367,1790,64,68,600.0
71,4,394,1851,81,66,2400.0
71,2,397,1807,72,53,4400.0
71,8,416,1926,76,58,500.0
71,3,390,1829,63,50,300.0
71,1,359,1679,62,41,10000.0
71,6,407,1893,78,70,2000.0
71,2,366,1712,66,34,1000.0
71,0,393,872,72,71,300.0
71,0,361,1666,64,43,300.0
71,7,386,1889,51,61,3600.0
71,0,397,1859,78,50,200.0
71,2,365,1764,70,65,350.0
71,1,399,906,75,68,10000.0
71,1,382,1796,71,42,550.0
71,7,362,1692,76,70,1000.0
71,2,385,1727,81,33,350.0
71,7,420,2003,74,71,300.0
71,4,378,1728,65,48,300.0
71,8,412,1902,85,57,550.0
71,0,388,1799,86,68,4900.0
71,1,407,1968,62,68,350.0
71,0,405,1924,71,58,300.0
71,9,385,1865,65,56,700.0
71,4,382,1866,58,73,350.0
71,2,407,1895,84,52,300.0
71,2,413,964,71,66,300.0
71,5,417,1990,70,67,1000.0
71,1,339,1542,59,37,1200.0
71,4,385,1829,76,69,300.0
71,2,399,1916,63,61,300.0
71,3,367,1775,88,60,300.0
71,1,402,1954,58,68,350.0
71,3,378,1864,68,66,1000.0
71,5,392,1818,92,68,300.0
71,5,387,1807,76,69,300.0
71,0,373,1746,69,38,450.0
71,1,354,1618,63,32,400.0
71,0,370,1718,77,67,10000.0
71,8,404,1838,86,64,300.0
71,6,390,1839,84,70,300.0
71,-2,387,1796,64,54,10000.0
71,-1,357,1665,58,43,8200.0
71,5,380,1717,77,34,300.0
71,2,390,1821,68,41,300.0
71,4,365,1642,72,39,350.0
71,3,397,1895,71,53,300.0
71,0,394,1895,75,70,3500.0
71,1,387,1899,76,67,950.0
71,1,354,1657,58,37,700.0
71,6,364,1680,66,71,500.0
71,5,379,1753,74,41,450.0
71,14,427,2010,79,69,300.0
71,16,380,1845,75,69,350.0
71,1,388,1905,60,65,10000.0
71,0,405,1914,79,72,350.0
71,7,376,1690,76,41,300.0
71,0,381,1808,74,49,300.0
71,7,412,1930,76,58,400.0
71,6,350,1614,61,34,350.0
71,2,385,1816,75,69,400.0
71,3,363,1710,69,71,350.0
71,1,365,1690,62,56,400.0
71,2,387,1815,65,45,350.0
71,0,400,1844,71,54,500.0
71,30,403,1820,87,69,300.0
71,0,405,1845,65,56,300.0
71,2,343,1572,66,29,450.0
71,6,373,1691,64,37,350.0
71,2,385,1746,75,42,350.0
71,5,381,1851,43,60,1500.0
71,7,367,1730,76,70,400.0
71,1,432,2052,72,71,300.0
71,2,348,1613,61,33,450.0
71,5,376,793,70,69,300.0
71,1,418,1935,86,65,300.0
71,4,396,1908,63,61,300.0
71,3,416,1954,65,68,300.0
71,5,402,1897,70,64,300.0
71,4,397,1881,60,63,300.0
71,2,360,1740,68,72,700.0
71,9,399,1861,89,71,300.0
71,11,408,1947,67,66,500.0
71,2,386,1817,77,68,450.0
71,3,371,1725,64,70,300.0
71,4,357,1643,69,28,350.0
71,8,391,1829,84,70,350.0
71,30,396,1786,89,37,500.0
71,3,403,902,71,70,700.0
71,18,398,1913,83,69,300.0
71,6,370,1689,71,39,300.0
71,2,405,1931,68,61,600.0
71,0,355,1715,74,65,9000.0
71,14,399,1870,76,69,300.0
71,1,329,1502,55,30,300.0
71,17,361,1726,75,66,350.0
71,7,395,1809,67,55,350.0
71,-1,406,1913,67,61,500.0
71,5,313,1504,35,30,300.0
71,3,387,1872,61,55,350.0
71,5,405,1864,71,54,8400.0
71,-1,395,1885,72,53,350.0
71,0,349,1590,69,41,3000.0
71,8,378,1745,61,50,500.0
71,3,385,1739,87,66,300.0
71,7,426,1985,76,71,300.0
71,14,366,1744,77,72,10000.0
71,15,410,1908,88,68,300.0
71,4,401,1923,68,61,300.0
71,2,375,1749,82,69,10000.0
71,26,418,1988,78,68,350.0
71,0,359,1656,66,33,6000.0
71,29,410,1911,75,59,2000.0
71,19,398,1873,67,65,600.0
71,8,401,1935,68,59,300.0
71,21,374,684,71,69,350.0
71,5,393,1830,89,66,300.0
71,2,341,1587,70,28,400.0
71,2,412,1952,72,63,400.0
71,11,389,1871,73,70,300.0
71,0,374,1750,55,64,400.0
71,27,354,1541,76,33,350.0
71,3,417,1917,84,60,9900.0
71,9,383,1821,89,63,300.0
71,0,392,870,71,70,400.0
71,1,408,1906,73,65,350.0
71,0,401,1913,62,63,500.0
71,1,401,1819,72,50,300.0
71,3,409,1921,72,61,450.0
71,3,393,1814,85,56,350.0
71,0,323,1516,37,34,650.0
71,5,404,1920,68,58,350.0
71,3,381,797,70,69,300.0
71,2,408,1938,73,57,350.0
71,12,402,1866,77,58,3600.0
71,22,401,1773,84,46,300.0
71,3,410,1911,77,60,350.0
71,8,405,844,73,67,300.0
71,0,383,1786,77,63,1200.0
71,3,360,1637,57,51,350.0
71,16,380,1767,73,45,650.0
71,15,386,1754,76,43,900.0
71,19,378,1766,87,64,350.0
71,0,397,1899,58,67,10000.0
71,3,381,1780,77,72,400.0
71,10,388,1831,84,47,300.0
71,8,368,1729,83,64,550.0
71,10,397,1812,77,49,350.0
71,5,352,1575,73,26,350.0
71,11,378,1809,81,67,3100.0
71,8,403,1847,89,56,300.0
71,1,396,1865,73,57,300.0
71,2,384,1829,74,65,450.0
71,0,365,1746,51,53,450.0
71,2,347,1629,52,41,500.0
71,6,348,1613,53,70,300.0
71,6,367,1694,76,70,350.0
71,0,316,1451,44,30,2700.0
71,19,390,1819,90,71,300.0
71,-1,351,1567,71,35,450.0
71,3,368,1734,72,71,300.0
71,-1,367,1750,71,73,300.0
71,7,391,1838,81,68,1200.0
71,3,375,1726,75,33,500.0
71,1,321,1494,54,26,400.0
71,3,347,1596,85,70,300.0
71,8,396,1814,79,46,350.0
71,2,387,1816,59,56,600.0
71,4,401,883,71,69,400.0
71,8,385,1837,72,68,350.0
71,2,380,1732,77,39,350.0
71,9,413,1918,82,56,500.0
71,10,381,1834,63,71,350.0
71,5,392,808,71,66,300.0
71,-1,366,625,71,66,300.0
71,3,393,1799,81,35,300.0
71,9,377,1751,86,64,300.0
71,9,391,1826,82,68,300.0
71,46,384,1771,85,43,6000.0
71,35,423,1946,81,60,400.0
71,7,347,1668,69,73,300.0
71,2,345,1560,69,29,400.0
71,8,400,1820,85,48,300.0
71,2,356,1643,78,61,500.0
71,0,396,1824,62,62,350.0
71,0,384,818,72,72,300.0
71,9,381,1801,72,71,400.0
71,2,375,1718,66,40,350.0
71,21,410,1932,71,66,200.0
71,4,357,1644,53,40,300.0
71,0,400,1911,68,62,350.0
71,22,409,1867,81,47,8000.0
71,2,359,1659,66,39,500.0
71,45,362,1705,77,68,400.0
71,8,353,1665,50,47,700.0
71,0,339,1594,53,33,350.0
71,2,382,1838,80,67,10000.0
71,-3,366,1741,65,72,300.0
71,4,417,1918,86,60,300.0
71,10,382,1811,70,68,1000.0
71,22,385,1726,89,29,650.0
71,4,386,1853,68,51,400.0
71,0,347,1629,58,72,9900.0
71,7,375,1728,77,67,700.0
71,5,372,1745,72,34,350.0
71,4,356,619,72,74,300.0
71,4,331,1591,41,44,300.0
71,9,407,1855,89,46,300.0
71,26,349,1557,68,71,300.0
71,1,340,1548,57,27,2000.0
71,6,396,1848,74,65,4400.0
71,2,367,1708,77,63,300.0
71,2,392,1813,66,54,300.0
71,5,386,1814,84,55,300.0
71,13,366,1701,65,31,550.0
71,2,334,1529,69,27,350.0
71,12,393,1831,67,52,350.0
71,1,363,625,70,70,350.0
71,-1,370,1668,73,38,350.0
71,4,369,1629,67,47,2100.0
71,2,387,1848,74,73,400.0
71,6,386,1831,81,69,500.0
71,6,366,1728,60,45,400.0
71,7,398,1867,82,56,400.0
71,5,406,1914,67,59,550.0
71,0,408,1918,72,58,700.0
71,28,401,1880,67,63,5400.0
71,6,411,1907,87,65,9900.0
71,2,370,1782,75,69,550.0
71,3,337,1536,61,33,550.0
71,1,389,1839,84,69,400.0
71,5,345,1592,71,35,3700.0
71,3,355,1829,46,68,300.0
71,6,382,1772,79,70,400.0
71,7,357,1676,62,49,450.0
71,8,340,1607,58,73,300.0
71,8,343,1601,54,32,300.0
71,11,380,1801,62,69,300.0
71,7,397,1818,78,46,300.0
71,3,423,1965,83,68,600.0
71,8,387,1789,75,44,200.0
71,5,391,1818,69,52,350.0
71,3,389,1843,70,50,400.0
71,3,396,830,73,67,350.0
71,6,402,1898,68,60,300.0
71,0,404,1911,66,60,300.0
71,13,364,1677,60,34,1000.0
71,7,361,1658,58,44,450.0
71,0,396,1794,82,44,900.0
71,10,383,1743,79,69,350.0
71,4,394,1833,64,54,400.0
71,7,383,1787,75,70,400.0
71,9,360,1717,82,66,300.0
71,3,331,1534,46,33,300.0
71,15,408,1862,76,60,300.0
71,2,373,1783,79,72,400.0
71,0,402,1896,68,59,300.0
71,5,340,1698,36,74,8800.0
71,-6,343,1647,38,48,400.0
71,1,361,1779,36,52,300.0
71,-1,400,1949,55,65,300.0
71,-1,399,854,70,70,400.0
71,6,375,1831,53,73,300.0
71,1,348,1602,57,32,600.0
71,4,355,1638,52,33,450.0
71,4,354,1637,63,33,350.0
71,2,409,1896,81,57,400.0
71,0,416,1999,71,70,300.0
71,1,386,1868,72,68,350.0
71,6,376,1802,79,72,450.0
71,-1,404,1972,61,67,300.0
71,4,412,1923,88,64,300.0
71,2,384,1805,73,45,450.0
71,1,364,1700,73,44,350.0
71,1,410,1976,72,66,450.0
71,0,402,1903,70,61,10000.0
71,0,335,1617,31,60,10000.0
71,5,417,1903,75,64,350.0
71,13,397,1955,63,61,300.0
71,0,401,905,72,67,600.0
71,1,374,1716,69,68,10000.0
71,1,379,1737,80,64,450.0
71,2,300,1439,34,27,350.0
71,4,325,1486,51,28,450.0
71,-3,405,1918,67,64,300.0
71,3,384,1827,79,64,300.0
71,1,387,1875,53,60,450.0
71,-2,396,1885,75,57,350.0
71,0,399,1847,77,66,9100.0
71,3,372,1712,82,69,300.0
71,5,360,1706,54,51,450.0
71,0,414,1973,74,66,300.0
71,2,387,1832,71,46,700.0
71,4,392,1855,80,63,450.0
71,2,384,1797,71,43,300.0
71,0,381,1816,76,70,1000.0
71,6,385,694,73,69,400.0
71,0,385,1836,48,62,300.0
71,12,361,1631,88,60,400.0
71,0,376,1712,75,41,300.0
71,4,391,1855,75,62,300.0
71,5,348,1597,72,28,350.0
71,3,375,1801,87,73,350.0
71,26,370,1743,77,70,400.0
71,17,378,1756,74,43,350.0
71,6,332,1521,54,30,1000.0
71,1,373,711,72,68,500.0
71,5,378,1801,72,69,300.0
71,-2,378,705,71,70,10000.0
71,159,368,1695,65,37,6400.0
71,4,424,2052,71,72,350.0
71,1,411,1919,80,56,600.0
71,11,402,1898,70,58,450.0
71,-1,369,1752,75,71,500.0
71,15,387,1752,74,46,300.0
71,2,371,1784,63,72,400.0
71,13,340,1610,60,36,500.0
71,3,377,1806,71,72,300.0
71,-1,389,1911,70,73,300.0
71,13,375,1771,72,71,500.0
71,0,345,1607,48,38,400.0
71,3,373,1785,70,73,300.0
71,8,393,1811,83,70,300.0
71,1,415,2021,69,69,350.0
71,1,320,1533,37,33,5000.0
71,2,374,1747,80,66,1600.0
71,0,395,1849,76,51,300.0
71,1,398,1856,65,58,1000.0
71,1,383,1821,91,65,300.0
71,2,401,1937,65,73,400.0
71,3,410,1825,85,59,400.0
71,12,384,1771,85,43,300.0
71,1,418,2022,67,68,350.0
71,50,368,1695,65,37,300.0
71,19,405,1920,84,67,1600.0
71,4,409,1867,81,47,300.0
71,1,362,1655,61,44,600.0
71,-2,364,1761,54,57,700.0
71,1,392,1833,67,52,850.0
71,0,399,1847,77,66,350.0
71,2,332,1573,51,35,500.0
71,0,375,1749,82,69,300.0
71,1,381,1842,62,47,400.0
71,6,400,1865,86,69,400.0
71,1,417,1917,84,60,300.0
71,3,398,1962,47,75,350.0
71,1,394,1858,59,57,300.0
71,3,341,1656,32,53,400.0
71,5,404,1942,80,69,300.0
71,1,381,1773,73,44,400.0
71,22,401,1892,69,61,1100.0
71,5,328,1514,61,32,450.0
71,13,409,1916,73,58,700.0
71,8,389,1794,88,68,300.0
71,1,382,1815,78,69,500.0
71,0,359,1702,70,71,350.0
71,1,365,1721,77,67,400.0
71,1,414,1956,80,60,300.0
71,-1,384,1794,72,70,550.0
71,2,391,1811,80,36,700.0
71,1,404,1988,52,72,300.0
71,0,386,1889,51,61,400.0
71,2,411,1907,87,65,350.0
71,1,399,1928,58,64,350.0
71,0,347,1629,58,72,350.0
71,0,366,1754,69,72,350.0
71,0,379,1759,83,64,500.0
71,1,321,1493,41,48,350.0
71,-2,370,1719,58,53,550.0
71,0,353,1694,76,58,450.0
71,2,415,2032,57,68,300.0
71,0,419,1949,86,61,300.0
71,3,398,990,72,65,300.0
71,3,368,1748,73,70,700.0
71,1,353,1655,72,72,400.0
71,0,411,1977,63,68,300.0
71,0,395,1850,80,71,400.0
71,1,409,1917,77,61,300.0
71,2,384,1726,80,33,300.0
71,0,391,1827,70,51,1600.0
71,0,359,1679,62,41,1600.0
71,0,412,1918,81,62,1600.0
71,-1,400,1884,68,61,1600.0
71,0,393,1885,76,70,1600.0
71,-1,410,1948,75,58,1600.0
71,1,394,1895,75,70,1600.0
71,0,358,1674,57,48,1600.0
71,0,388,1840,70,69,450.0
71,0,405,1866,82,63,1000.0
70,52,367,1683,94,63,2600.0
70,3,367,1784,63,74,300.0
70,1,379,842,68,68,350.0
70,1,375,1882,32,68,300.0
70,8,390,930,68,70,700.0
70,1,374,870,68,69,1300.0
70,1,390,880,70,69,400.0
70,3,383,1858,69,58,300.0
70,10,370,1802,37,60,350.0
70,9,402,1973,61,65,300.0
70,7,378,1900,36,67,550.0
70,5,389,796,70,66,700.0
70,5,316,1511,43,36,550.0
70,25,402,1018,70,68,300.0
70,2,368,1749,62,40,300.0
70,3,318,1487,34,37,300.0
70,1,370,1837,44,54,300.0
70,4,363,1837,50,75,300.0
70,1,371,1804,58,68,9500.0
70,14,413,2043,66,74,300.0
70,1,414,1964,70,70,300.0
70,54,363,841,72,65,400.0
70,2,385,1874,63,65,8800.0
70,18,365,1810,58,71,400.0
70,3,392,869,69,68,950.0
70,7,378,871,70,66,8000.0
70,5,389,893,73,69,350.0
70,18,383,1813,58,53,350.0
70,2,322,1519,39,41,2800.0
70,-1,414,1988,67,68,3500.0
70,2,393,1883,59,63,300.0
70,3,389,1914,50,67,850.0
70,1,377,804,71,65,300.0
70,-19,369,1765,50,53,350.0
70,0,378,1800,58,52,300.0
70,2,352,1755,58,72,450.0
70,0,399,983,70,71,300.0
70,1,393,1827,74,69,700.0
70,2,384,1871,54,72,300.0
70,0,397,1889,75,58,300.0
70,-1,393,785,70,68,550.0
70,10,379,1758,75,40,1000.0
70,3,387,1856,80,69,300.0
70,0,413,1965,77,60,400.0
70,2,389,903,71,69,400.0
70,0,407,1965,67,65,350.0
70,8,400,1847,78,69,500.0
70,4,397,1865,72,49,300.0
70,4,390,1866,68,56,650.0
70,3,383,885,71,65,300.0
70,5,396,1905,70,59,450.0
70,-2,403,1894,73,59,300.0
70,2,351,1717,30,48,350.0
70,17,366,1758,53,72,300.0
70,2,341,1632,53,69,450.0
70,5,384,935,71,62,450.0
70,3,393,833,70,69,500.0
70,4,352,1639,54,36,400.0
70,10,380,1809,57,55,300.0
70,0,409,1960,72,65,650.0
70,18,402,1921,63,64,10000.0
70,3,376,1816,66,71,400.0
70,4,398,954,69,69,350.0
70,2,378,1824,68,72,500.0
70,2,345,1601,51,41,500.0
70,3,412,1984,71,65,300.0
70,0,395,1844,79,44,500.0
70,5,371,1841,42,68,300.0
70,0,354,1669,35,54,7000.0
70,4,388,1882,60,52,650.0
70,34,421,2001,90,69,300.0
70,3,343,1679,37,48,550.0
70,1,398,1943,65,60,300.0
70,5,371,1794,54,43,300.0
70,0,404,1925,64,65,8800.0
70,5,389,1847,78,66,450.0
70,5,383,1830,69,62,800.0
70,4,412,1967,72,62,300.0
70,2,382,1837,53,59,300.0
70,1,382,1876,50,56,500.0
70,2,407,1929,77,64,300.0
70,9,409,1938,70,62,350.0
70,2,399,1938,67,58,300.0
70,1,330,1632,48,70,450.0
70,0,377,1847,43,64,450.0
70,1,397,966,67,70,300.0
70,-3,377,1776,63,50,5000.0
70,1,386,809,74,62,350.0
70,39,375,1829,73,70,300.0
70,0,421,1971,79,65,300.0
70,1,385,777,71,67,300.0
70,4,368,1662,82,34,300.0
70,2,362,1736,67,68,9500.0
70,2,306,1515,32,34,950.0
70,1,364,1763,71,73,300.0
70,7,388,1802,73,42,350.0
70,5,407,1986,70,60,600.0
70,1,370,1832,49,72,300.0
70,-1,336,1565,54,69,300.0
70,1,322,1548,35,40,1000.0
70,4,377,1795,68,71,300.0
70,0,383,1911,48,62,500.0
70,-2,410,1928,71,64,350.0
70,0,385,1816,73,43,300.0
70,4,382,1770,85,60,400.0
70,5,386,1763,86,64,500.0
70,4,378,1966,38,63,300.0
70,5,390,1822,83,66,400.0
70,3,408,1937,77,63,500.0
70,2,393,877,71,69,300.0
70,1,374,777,72,67,1000.0
70,4,370,1762,80,65,350.0
70,0,398,1827,83,50,350.0
70,-1,371,1714,74,41,300.0
70,3,328,1487,54,31,300.0
70,0,343,1653,37,50,500.0
70,2,369,1689,68,42,300.0
70,-2,409,1933,73,66,300.0
70,2,390,884,71,68,450.0
70,0,370,1761,79,62,1900.0
70,12,384,813,71,68,2500.0
70,5,409,1977,63,66,400.0
70,1,381,1907,51,68,500.0
70,0,376,1795,83,67,900.0
70,0,385,1825,74,51,10000.0
70,10,354,1749,83,59,1000.0
70,1,370,1799,82,67,500.0
70,3,371,1844,69,67,1300.0
70,2,392,916,70,68,1300.0
70,1,385,806,72,65,300.0
70,2,423,2013,83,64,350.0
70,4855,362,1739,77,66,8500.0
70,0,346,1564,62,40,400.0
70,0,409,1948,65,64,300.0
70,1,384,708,69,69,500.0
70,-2,367,1755,74,39,350.0
70,3,356,1724,43,44,300.0
70,2,373,1766,67,41,500.0
70,4,381,1750,77,49,450.0
70,136,426,1951,79,62,400.0
70,2,350,1625,55,43,300.0
70,4,362,1707,65,69,450.0
70,2,406,1880,78,56,300.0
70,3,383,1822,66,52,300.0
70,3,383,1769,74,43,300.0
70,1,378,1802,74,71,10000.0
70,1,393,1902,54,64,400.0
70,2,348,1646,50,36,2000.0
70,7,365,1784,53,70,3900.0
70,0,358,1599,77,35,350.0
70,4,351,1591,74,24,300.0
70,4,406,1921,65,70,400.0
70,1,330,1519,58,34,300.0
70,3,396,1895,62,69,300.0
70,0,343,1615,63,35,1000.0
70,3,395,885,75,65,300.0
70,6,412,1960,81,65,300.0
70,6,385,952,61,72,300.0
70,2,364,1777,68,71,400.0
70,3,386,1832,72,68,6200.0
70,13,386,830,71,68,300.0
70,0,395,1828,83,63,700.0
70,0,383,1872,58,59,300.0
70,2,402,1904,77,68,750.0
70,1,407,1920,79,66,500.0
70,1,385,1825,65,49,8400.0
70,2,363,1666,66,36,550.0
70,24,410,1946,65,67,4300.0
70,2,369,1793,56,71,450.0
70,0,399,1897,63,61,300.0
70,3,383,1862,76,73,300.0
70,3,391,1829,81,60,1000.0
70,4,354,1662,53,35,350.0
70,3,374,1842,54,72,300.0
70,80,398,1837,76,49,300.0
70,2,409,1956,68,64,1300.0
70,4,384,1801,70,69,600.0
70,1,300,1384,42,26,9900.0
70,0,328,1508,53,35,1900.0
70,1,376,1735,70,40,450.0
70,-1,400,1890,66,63,400.0
70,-2,386,1790,68,59,300.0
70,2,389,1861,83,62,350.0
70,2,326,1569,54,32,300.0
70,2,368,1758,63,40,450.0
70,2,356,1686,64,70,10000.0
70,0,381,815,67,69,3800.0
70,0,388,1850,76,52,9800.0
70,1,402,1951,80,66,10000.0
70,0,385,1856,59,50,500.0
70,0,386,835,69,68,3100.0
70,1,372,1786,65,69,350.0
70,2,364,1639,79,26,500.0
70,0,387,1841,69,53,500.0
70,0,354,1707,41,49,300.0
70,4,379,1699,86,68,8000.0
70,0,389,1901,55,73,350.0
70,-2,406,1901,80,60,300.0
70,-5,407,1994,68,69,300.0
70,1,389,992,69,69,300.0
70,16,361,1675,83,64,550.0
70,6,417,1923,77,60,300.0
70,5,379,1739,82,64,350.0
70,4,375,1780,77,65,10000.0
70,5,403,1930,74,67,450.0
70,-2,365,1699,81,66,8900.0
70,0,387,855,71,66,400.0
70,6,373,1767,66,45,350.0
70,16,405,1828,86,50,8000.0
70,3,377,1814,61,68,300.0
70,1,356,1697,54,69,350.0
70,9,425,1985,76,67,400.0
70,7,370,1739,79,65,2400.0
70,-9,382,884,72,66,1700.0
70,0,380,917,67,70,400.0
70,2,363,1693,59,40,300.0
70,8,382,1797,77,68,9000.0
70,1,387,816,71,64,450.0
70,3,366,1667,55,46,300.0
70,1,409,1967,70,66,1000.0
70,11,399,1898,64,66,750.0
70,20,373,1765,74,70,400.0
70,3,403,1918,77,57,300.0
70,3,352,1704,65,63,300.0
70,3,392,1819,84,66,700.0
70,-1,386,1803,62,55,350.0
70,-1,387,867,70,68,600.0
70,1,394,1808,75,49,300.0
70,-1,301,1415,41,29,10000.0
70,1,370,1783,85,71,300.0
70,-1,382,1826,81,63,1100.0
70,4,403,1940,71,58,350.0
70,0,402,1892,78,57,350.0
70,3,395,864,71,68,300.0
70,-1,415,1983,86,67,6500.0
70,0,378,1792,70,45,450.0
70,4,354,1659,68,66,6900.0
70,6,393,1884,79,64,300.0
70,2,392,1884,68,60,400.0
70,0,387,1855,65,52,350.0
70,1,402,1897,69,62,400.0
70,29,385,1784,75,45,700.0
70,1,417,2003,74,67,500.0
70,-1,387,1786,77,40,9700.0
70,2,382,1799,80,71,300.0
70,6,343,1546,62,32,400.0
70,5,385,1731,87,40,350.0
70,5,384,1829,60,56,900.0
70,8,387,1856,82,69,9500.0
70,29,310,1397,54,18,300.0
70,2,402,1879,76,63,300.0
70,2,380,1815,75,69,300.0
70,4,414,1983,72,64,10000.0
70,-19,362,1708,57,35,500.0
70,2,364,1672,85,64,700.0
70,1,379,1739,87,43,550.0
70,4,406,1919,77,58,300.0
70,-2,392,825,71,69,300.0
70,0,403,1888,77,52,300.0
70,0,407,1932,69,73,300.0
70,1,394,1794,78,60,300.0
70,0,367,1641,75,35,650.0
70,19,391,1796,91,62,300.0
70,0,364,1756,71,64,1400.0
70,4,414,1958,78,61,300.0
70,3,337,1631,40,42,850.0
70,13,422,2000,70,69,300.0
70,3,368,1721,48,46,300.0
70,2,385,829,70,67,9500.0
70,19,355,1581,73,68,300.0
70,2,361,1655,78,67,1500.0
70,2,385,1811,76,59,300.0
70,0,388,1848,68,63,700.0
70,17,410,1968,69,62,350.0
70,2,398,1861,78,67,1000.0
70,1,410,1910,75,68,7500.0
70,11,413,1893,80,54,300.0
70,2,376,1829,73,60,300.0
70,1,396,1894,68,55,350.0
70,1,388,1807,72,68,400.0
70,0,305,1425,52,24,300.0
70,-1,388,1780,73,53,600.0
70,4,385,1793,71,42,300.0
70,2,323,1455,63,30,10000.0
70,2,373,1736,80,69,300.0
70,4,392,1750,84,43,300.0
70,0,379,1782,71,31,300.0
70,5,405,1803,91,49,300.0
70,1,349,1604,67,35,400.0
70,5,411,1915,73,63,300.0
70,14,383,881,74,63,300.0
70,7,355,1607,71,36,300.0
70,4,351,1604,56,32,400.0
70,5,370,1767,79,68,400.0
70,8,363,1705,68,69,900.0
70,2,384,1857,83,70,350.0
70,3,404,1928,69,63,600.0
70,6,364,1658,83,60,300.0
70,0,392,1829,78,46,1000.0
70,-1,381,727,70,69,400.0
70,0,357,1702,71,70,1400.0
70,2,368,1694,79,71,2000.0
70,4,332,1500,45,38,350.0
70,7,380,1766,85,32,300.0
70,2,359,1644,61,71,300.0
70,-2,401,1896,86,60,300.0
70,-1,369,1736,78,63,10000.0
70,15,386,1835,74,65,300.0
70,3,381,1800,85,40,350.0
70,3,392,1831,75,52,300.0
70,3,381,841,69,69,4200.0
70,0,401,1853,79,55,300.0
70,5,370,1618,80,36,300.0
70,2,407,1921,81,65,300.0
70,1,387,1834,86,70,350.0
70,6,347,1621,33,48,400.0
70,1,391,1832,70,51,550.0
70,4,377,1811,71,64,300.0
70,1,389,1828,65,53,300.0
70,1,409,1880,79,61,350.0
70,7,376,1754,56,55,300.0
70,-1,368,1692,71,36,400.0
70,4,361,1672,87,61,350.0
70,2,419,1974,75,63,300.0
70,7,387,1800,70,55,900.0
70,5,399,1869,66,56,300.0
70,2,360,1622,70,37,400.0
70,1,407,1949,74,59,300.0
70,4,370,1813,52,55,300.0
70,-3,376,1791,79,68,450.0
70,7,399,789,68,69,750.0
70,2,378,1822,70,68,350.0
70,2,338,1535,61,67,350.0
70,13,381,910,69,67,300.0
70,4,390,1845,66,59,7400.0
70,1,388,765,70,69,4000.0
70,8,393,1857,64,68,300.0
70,0,333,1595,45,43,350.0
70,9,414,1954,76,65,300.0
70,3,335,1565,54,37,500.0
70,4,364,1703,75,70,450.0
70,4,353,1625,57,41,1000.0
70,1,392,1836,79,67,300.0
70,11,375,1685,78,40,300.0
70,3,395,1781,89,46,300.0
70,48,394,1714,88,33,350.0
70,0,363,1684,76,50,300.0
70,1,414,1993,66,74,300.0
70,1,390,869,70,66,650.0
70,10,395,1866,75,69,400.0
70,1,376,1793,76,65,450.0
70,16,380,814,74,67,300.0
70,2,375,1806,57,59,350.0
70,0,391,1871,59,54,300.0
70,0,319,1501,50,30,450.0
70,2,410,1987,67,62,300.0
70,2,329,1541,54,40,1000.0
70,6,382,1767,89,67,1600.0
70,17,413,1940,86,61,9000.0
70,1,392,1894,59,61,700.0
70,0,328,1520,55,31,400.0
70,0,360,1689,68,64,450.0
70,2,401,1883,67,62,550.0
70,2,412,1930,77,66,500.0
70,4,353,1618,60,33,450.0
70,2,358,1709,66,71,700.0
70,2,390,1880,73,68,400.0
70,3,388,1810,82,64,350.0
70,1,380,1811,53,52,300.0
70,1,388,1830,87,68,350.0
70,1,389,1800,79,67,300.0
70,1,384,795,73,73,300.0
70,8,390,1766,88,69,300.0
70,3,385,1756,80,40,450.0
70,1,380,1764,73,41,8800.0
70,4,392,1816,79,63,900.0
70,4,366,721,70,66,4200.0
70,2,325,1486,54,31,9800.0
70,9,342,661,72,65,9200.0
70,3,366,1736,49,51,300.0
70,0,329,1573,50,37,300.0
70,14,355,1625,85,56,500.0
70,4,384,1837,70,54,300.0
70,5,369,1722,68,68,350.0
70,2,400,1855,83,53,300.0
70,0,300,1418,39,30,600.0
70,16,300,1423,34,27,300.0
70,3,389,794,73,63,350.0
70,13,364,1711,79,64,500.0
70,10,392,1829,81,50,350.0
70,4,402,1872,76,56,600.0
70,9,361,1789,75,65,300.0
70,5,433,2040,82,68,300.0
70,4,349,1647,85,61,300.0
70,5,403,1869,84,54,300.0
70,3,405,1914,70,60,600.0
70,15,390,1831,66,53,400.0
70,1,413,1898,79,57,300.0
70,4,374,1782,72,67,550.0
70,11,333,1570,52,33,500.0
70,11,364,1722,77,69,300.0
70,14,372,1740,75,41,400.0
70,10,381,1765,82,69,350.0
70,1,392,1882,62,57,400.0
70,5,367,1678,70,35,450.0
70,9,404,1893,81,53,350.0
70,9,377,1690,85,67,9800.0
70,3,357,1730,80,65,500.0
70,3,387,1816,68,55,350.0
70,0,364,1674,75,65,350.0
70,-1,359,1685,78,55,300.0
70,1,391,1840,88,62,350.0
70,1,370,1768,35,62,400.0
70,2,335,1575,52,36,350.0
70,2,407,1906,76,59,500.0
70,2,336,1508,58,32,300.0
70,4,404,1879,81,64,350.0
70,2,396,1864,77,54,300.0
70,19,364,1717,81,69,10000.0
70,10,429,2056,72,68,300.0
70,1,374,1737,83,63,300.0
70,3,341,1535,60,35,300.0
70,4,366,1669,81,64,450.0
70,15,384,770,73,70,300.0
70,40,359,1648,93,58,300.0
70,4,414,1964,76,66,300.0
70,2,373,690,72,69,350.0
70,8,366,1675,73,67,700.0
70,-1,402,1882,74,58,300.0
70,22,396,830,70,68,350.0
70,1,326,1578,35,35,300.0
70,-1,325,1516,52,30,700.0
70,1,367,1696,73,72,300.0
70,5,376,1731,82,67,500.0
70,3,379,1737,59,50,300.0
70,1,315,1468,41,29,2900.0
70,-5,392,1803,66,58,300.0
70,0,363,1577,66,35,300.0
70,1,370,720,71,67,350.0
70,15,370,1706,75,69,300.0
70,5,361,1668,71,67,2700.0
70,3,408,1944,75,59,500.0
70,2,414,1956,78,60,300.0
70,0,378,1774,67,44,300.0
70,-1,376,1761,68,49,300.0
70,3,379,802,71,65,10000.0
70,0,383,1787,72,49,1000.0
70,2,396,1876,70,65,400.0
70,4,374,1736,82,34,400.0
70,4,367,1769,71,70,8900.0
70,-2,396,1859,77,50,400.0
70,3,371,1696,80,63,1000.0
70,1,334,1526,59,24,7300.0
70,9,382,1795,81,64,300.0
70,9,403,1903,70,55,500.0
70,1,376,1763,79,70,350.0
70,0,369,1701,64,43,300.0
70,5,399,1856,80,56,1000.0
70,11,407,1843,83,54,300.0
70,1,366,1749,57,69,300.0
70,3,408,1869,87,61,500.0
70,1,369,1749,69,70,10000.0
70,2,379,680,72,68,300.0
70,68,385,1799,68,45,300.0
70,32,387,1763,87,43,550.0
70,0,365,1734,75,61,900.0
70,3,376,1775,57,56,350.0
70,0,399,1868,78,70,550.0
70,10,423,1982,90,65,300.0
70,4,399,1892,77,56,4800.0
70,8,363,1719,67,69,300.0
70,2,363,1642,76,62,10000.0
70,1,376,1755,73,36,300.0
70,0,351,1604,73,28,450.0
70,35,377,1733,80,33,9600.0
70,4,391,1827,83,64,300.0
70,2,360,1654,74,38,300.0
70,-1,384,1777,73,57,350.0
70,2,370,1828,38,55,350.0
70,0,393,1888,66,58,400.0
70,18,391,1847,82,52,350.0
70,35,379,1769,86,67,350.0
70,0,326,1479,64,28,400.0
70,3,349,1593,71,32,900.0
70,4,374,1730,88,62,300.0
70,1,367,1726,74,71,550.0
70,1,318,1454,54,32,10000.0
70,4,389,1839,67,54,400.0
70,0,412,1970,70,66,1000.0
70,0,344,1601,64,35,300.0
70,3,420,1999,73,60,300.0
70,3,364,1705,83,69,950.0
70,0,391,1788,74,66,500.0
70,13,379,1752,92,67,6600.0
70,6,406,1887,74,60,350.0
70,1,385,1795,63,53,400.0
70,4,363,1762,76,59,300.0
70,9,376,1729,68,42,350.0
70,5,383,1836,71,66,1000.0
70,2,396,1876,66,67,500.0
70,2,384,1859,57,64,400.0
70,8,364,1712,82,71,350.0
70,9,344,1557,66,33,6400.0
70,12,351,1676,69,56,300.0
70,-2,382,1794,78,56,9000.0
70,0,397,1872,70,61,6000.0
70,2,372,1760,75,65,800.0
70,0,406,1914,70,67,9800.0
70,0,349,1653,59,42,300.0
70,0,355,1663,61,44,300.0
70,42,375,1776,82,64,1300.0
70,4,381,1679,80,37,5600.0
70,3,365,1683,78,34,300.0
70,0,373,746,70,65,1200.0
70,0,388,1816,68,64,350.0
70,1,393,1826,81,67,350.0
70,11,368,1702,86,68,300.0
70,0,375,1735,79,70,9000.0
70,4,379,1841,75,66,700.0
70,3,407,1929,74,66,350.0
70,1,389,1887,66,56,400.0
70,79,409,1929,73,61,350.0
70,15,405,1886,79,51,9600.0
70,14,367,1668,81,68,300.0
70,5,425,1961,77,66,300.0
70,8,371,1761,82,60,750.0
70,56,398,1806,87,49,750.0
70,2,342,1572,82,70,350.0
70,4,371,1715,77,63,500.0
70,5,356,1678,69,70,9900.0
70,3,320,1472,54,30,1000.0
70,1,393,1833,75,67,850.0
70,15,398,1835,80,48,450.0
70,4,360,1672,74,70,800.0
70,1,404,1880,77,61,550.0
70,5,353,1683,77,69,300.0
70,3,356,1645,63,41,1300.0
70,17,367,1660,75,42,300.0
70,0,350,1658,74,65,300.0
70,12,371,1684,82,39,800.0
70,2,386,1780,80,40,350.0
70,1,389,1791,78,70,350.0
70,1,344,1609,67,72,2000.0
70,-5,347,1638,61,37,350.0
70,0,369,1752,79,71,4000.0
70,8,400,1878,69,59,300.0
70,4,398,1835,84,67,350.0
70,16,383,1781,81,67,850.0
70,1,395,1910,70,59,800.0
70,4,331,1494,58,29,300.0
70,22,365,1690,69,34,1000.0
70,3,374,786,68,66,350.0
70,5,390,758,74,66,300.0
70,1,387,1778,75,51,7000.0
70,1,361,1656,78,69,450.0
70,-1,330,1651,41,45,500.0
70,1,406,1922,83,56,300.0
70,2,374,1725,60,40,350.0
70,4,397,1864,75,55,700.0
70,-1,407,1957,75,61,7900.0
70,3,405,1912,76,69,7600.0
70,-4,412,1921,67,70,300.0
70,1,399,1907,65,64,1000.0
70,-1,383,809,72,69,450.0
70,3,386,1876,67,71,550.0
70,26,388,1787,80,64,700.0
70,4,355,1650,66,26,500.0
70,12,377,1707,79,36,300.0
70,2,362,1707,85,64,400.0
70,29,402,1882,76,59,350.0
70,3,350,1592,59,38,300.0
70,2,338,1503,66,35,2000.0
70,3,405,1922,74,63,350.0
70,5,363,1671,64,71,300.0
70,2,399,1891,58,66,450.0
70,1,393,1853,70,57,1200.0
70,2,368,1706,70,67,10000.0
70,22,353,1656,71,70,400.0
70,1,388,1798,67,55,8800.0
70,3,410,1919,83,63,400.0
70,0,394,1850,61,62,400.0
70,21,319,1603,32,45,350.0
70,28,385,899,70,70,300.0
70,1,399,1970,62,72,300.0
70,-3,314,1504,51,26,750.0
70,2,411,1905,76,64,450.0
70,-1,403,1953,73,58,350.0
70,1,392,1865,68,51,300.0
70,6,374,1731,65,46,10000.0
70,3,414,1982,64,64,300.0
70,17,398,1914,70,57,400.0
70,3,395,1891,70,61,500.0
70,1,372,1724,66,72,3000.0
70,10,381,1841,52,55,400.0
70,5,370,799,72,70,400.0
70,1,376,1789,77,64,550.0
70,6,399,1973,63,69,300.0
70,1,333,1508,68,30,2400.0
70,2,336,1600,53,37,300.0
70,1,390,1856,76,46,700.0
70,1,415,1975,74,66,550.0
70,13,396,1850,92,69,300.0
70,1,397,1889,69,63,350.0
70,4,391,1834,84,65,300.0
70,2,394,921,70,69,350.0
70,3,345,1643,52,42,900.0
70,1,366,1692,68,32,350.0
70,5,350,1634,51,74,300.0
70,2,393,976,71,68,10000.0
70,0,392,977,70,66,500.0
70,2,404,879,74,72,300.0
70,1,370,1668,70,38,300.0
70,1,412,1948,81,67,10000.0
70,1,376,1778,54,58,300.0
70,1,351,1671,67,70,9900.0
70,4,355,1689,54,37,500.0
70,2,391,1827,71,51,800.0
70,-1,386,856,67,70,2500.0
70,5,349,1768,44,72,300.0
70,3,391,1820,69,54,9000.0
70,1,317,1495,50,30,400.0
70,4,399,1882,69,66,300.0
70,2,298,1366,42,24,300.0
70,0,395,1881,82,60,300.0
70,0,384,1807,78,71,350.0
70,0,406,1877,89,63,300.0
70,0,375,1718,85,65,1100.0
70,-1,370,1768,61,47,300.0
70,1,362,1746,73,65,10000.0
70,-1,368,1796,41,64,900.0
70,-1,388,888,71,68,300.0
70,1,369,1752,77,69,7000.0
70,-2,364,1678,81,69,5000.0
70,115,355,1670,68,72,9800.0
70,3,364,608,71,70,350.0
70,2,388,1824,66,54,300.0
70,0,396,1895,76,63,300.0
70,3,401,1838,86,70,7500.0
70,4,383,1796,63,51,300.0
70,-1,336,1637,46,48,300.0
70,10,361,1690,77,70,950.0
70,2,373,1705,85,66,2400.0
70,-1,400,986,67,71,300.0
70,1,328,1538,58,30,1400.0
70,0,331,1495,59,28,350.0
70,1,357,1653,83,64,450.0
70,32,390,1825,72,61,950.0
70,3,393,1806,82,45,10000.0
70,23,355,1684,72,70,3000.0
70,2,340,1618,68,73,300.0
70,-1,415,1973,72,68,300.0
70,1,398,1895,64,62,10000.0
70,2,350,1580,66,32,2900.0
70,11,387,1835,69,62,400.0
70,42,377,1737,74,70,1900.0
70,1,379,711,72,65,9000.0
70,9,340,1569,71,37,300.0
70,1,340,1602,58,70,7000.0
70,5,375,1766,69,49,350.0
70,-3,381,798,73,67,550.0
70,-4,332,1523,67,28,350.0
70,7,375,1791,75,68,400.0
70,0,343,1539,67,30,300.0
70,1,387,745,71,69,700.0
70,4,377,1748,76,39,9500.0
70,3,370,1757,70,66,500.0
70,4,370,1745,70,70,300.0
70,5,371,1728,79,45,300.0
70,25,319,1488,55,29,1200.0
70,1,319,1498,58,30,350.0
70,4,381,1815,77,45,350.0
70,1,323,1525,59,25,350.0
70,2,394,1850,77,56,300.0
70,2,369,1786,81,71,1900.0
70,-1,388,1802,74,49,1000.0
70,31,381,1749,62,54,10000.0
70,76,393,1856,72,53,1000.0
70,3,373,1745,82,65,350.0
70,-1,376,745,68,69,8500.0
70,11,372,1816,67,67,350.0
70,0,400,1927,80,57,300.0
70,61,344,1641,67,63,700.0
70,2,386,1786,83,46,300.0
70,9,345,1654,75,64,400.0
70,2,367,1773,67,69,700.0
70,5,380,1741,77,69,2000.0
70,1,378,1784,84,66,300.0
70,58,352,1610,80,61,300.0
70,16,386,1802,89,70,300.0
70,30,397,1808,76,51,350.0
70,0,384,1844,63,55,8700.0
70,1,377,1748,76,39,350.0
70,9,405,1886,79,51,350.0
70,3,378,1792,87,64,300.0
70,1,419,1994,72,66,400.0
70,1,409,1958,66,66,300.0
70,5,390,1796,81,47,400.0
70,8,413,1940,86,61,350.0
70,0,387,1856,82,69,300.0
70,0,401,1838,86,70,300.0
70,9,398,1882,81,53,300.0
70,3,382,944,73,65,300.0
70,1,301,1415,41,29,300.0
70,-2,380,1763,82,62,300.0
70,0,407,1901,79,62,500.0
70,0,386,1794,68,60,300.0
70,0,406,1920,74,59,350.0
70,0,373,1805,67,45,5000.0
70,-1,400,1943,72,71,300.0
70,-1,386,856,67,70,300.0
70,7,343,1714,48,73,300.0
70,2,414,1983,72,64,350.0
70,21,367,1683,94,63,400.0
70,6,379,1752,92,67,350.0
70,3,344,1557,66,33,400.0
70,0,415,1983,86,67,300.0
70,2,359,1716,63,70,500.0
70,13,359,1693,77,69,300.0
70,2,403,1905,67,68,750.0
70,0,390,1806,76,46,300.0
70,4,378,1802,74,71,1000.0
70,1,368,1680,73,39,300.0
70,1,399,1915,75,55,300.0
70,5,370,1690,72,40,350.0
70,0,362,1736,67,68,300.0
70,0,325,1486,54,31,300.0
70,0,400,1925,60,64,950.0
70,1,385,1825,74,51,400.0
70,0,362,1746,73,65,400.0
70,0,355,1645,60,70,300.0
70,1,385,1874,63,65,300.0
70,1,419,1975,83,58,400.0
70,0,407,1952,74,65,450.0
70,0,386,1832,72,68,350.0
70,1,375,1718,85,65,600.0
70,3,388,765,70,69,800.0
70,22,381,1749,62,54,600.0
70,12,383,1827,57,61,1100.0
70,5,358,1684,74,70,3000.0
70,0,350,1645,62,69,400.0
70,8,377,1690,85,67,350.0
70,0,400,1829,74,62,400.0
70,9,412,1991,68,62,350.0
70,-1,387,1778,75,51,600.0
70,5,364,1717,81,69,400.0
70,6,373,1760,65,42,300.0
70,1,400,1846,73,56,300.0
70,2,385,801,71,66,400.0
70,1,376,1731,82,67,300.0
70,2,370,1739,79,65,700.0
70,3,379,1699,86,68,300.0
70,4,376,1764,82,63,350.0
70,0,339,1570,56,28,900.0
70,0,382,1820,74,65,350.0
70,0,383,1832,67,68,500.0
70,1,405,1912,76,69,800.0
70,0,407,1957,75,61,400.0
70,2,381,1829,71,69,300.0
70,1,389,1852,73,50,600.0
70,1,377,1734,70,46,400.0
70,1,369,1752,79,71,700.0
70,4,342,661,72,65,300.0
70,0,386,1802,66,63,450.0
70,1,358,1739,54,72,300.0
70,0,410,1910,75,68,400.0
70,0,387,1786,77,40,300.0
70,1,384,1847,56,63,300.0
70,37,377,1733,80,33,2700.0
70,8,405,1828,86,50,300.0
70,0,376,1750,66,48,300.0
70,1,394,1867,68,54,300.0
70,0,351,1671,67,70,400.0
70,0,315,1468,41,29,500.0
70,1,382,1797,77,68,1600.0
70,1,378,1801,68,69,550.0
70,0,406,1914,70,67,300.0
70,0,381,815,67,69,300.0
70,0,381,841,69,69,300.0
70,0,369,1749,69,70,300.0
70,0,397,1872,70,61,300.0
70,1,379,1728,83,37,300.0
70,0,384,1803,82,67,300.0
70,0,379,711,72,65,300.0
70,0,339,1593,60,32,300.0
70,0,385,1825,65,49,500.0
70,0,399,1910,71,69,500.0
70,2,374,1657,80,25,350.0
69,53,385,1780,76,47,400.0
69,24,378,1677,94,30,300.0
69,0,399,920,66,73,300.0
69,3,385,874,67,70,1200.0
69,2,378,1865,55,53,350.0
69,2,302,1458,31,40,450.0
69,1,383,929,68,67,350.0
69,4,346,1696,48,71,400.0
69,2,387,1876,69,65,650.0
69,2,352,662,70,63,400.0
69,6,394,844,68,70,300.0
69,6,380,811,66,67,350.0
69,2,354,1650,68,33,300.0
69,1,348,1698,35,46,300.0
69,3,369,1743,57,48,400.0
69,1,369,1765,42,54,8000.0
69,4,356,1787,39,52,500.0
69,3,363,1714,61,44,300.0
69,3,402,1931,66,69,300.0
69,0,338,1571,43,44,400.0
69,2,325,1605,31,45,500.0
69,9,382,1785,70,45,1100.0
69,2,385,1886,48,63,700.0
69,5,413,1942,76,68,7600.0
69,1,371,1841,63,68,450.0
69,5,392,1943,53,66,300.0
69,1,354,1718,49,45,950.0
69,158,343,1680,47,44,10000.0
69,3,372,797,70,64,700.0
69,-1,387,1887,52,62,5400.0
69,4,391,1862,75,54,600.0
69,2,412,2002,77,67,300.0
69,0,375,869,66,66,350.0
69,-1,319,1499,51,31,10000.0
69,5,399,1880,72,65,600.0
69,1,399,944,69,64,350.0
69,3,349,1677,52,71,450.0
69,-1,389,847,71,66,400.0
69,-1,311,1460,37,27,450.0
69,1,310,1513,41,38,7000.0
69,1,341,1644,51,33,450.0
69,2,324,1584,31,47,300.0
69,32,392,1884,70,64,600.0
69,12,368,1709,71,68,650.0
69,3,375,1834,47,62,350.0
69,4,350,1691,53,67,350.0
69,0,385,1839,75,69,10000.0
69,0,393,1893,69,56,750.0
69,1,336,1615,34,55,300.0
69,1,322,1503,53,35,350.0
69,2,372,1721,70,38,350.0
69,3,386,1709,83,39,2500.0
69,3,432,2044,82,67,300.0
69,3,373,836,69,61,10000.0
69,0,361,1742,70,69,950.0
69,3,394,1877,69,63,550.0
69,0,338,1581,46,49,700.0
69,5,375,1816,56,57,700.0
69,6,380,1793,55,56,850.0
69,-1,369,1764,53,53,350.0
69,-2,394,862,70,66,350.0
69,2,417,1969,85,66,350.0
69,0,286,1337,31,23,350.0
69,-3,386,1857,64,67,400.0
69,1,376,813,66,67,350.0
69,6,386,1893,50,60,450.0
69,1,345,1551,56,35,450.0
69,0,374,1795,58,48,500.0
69,2,386,1852,69,69,350.0
69,1,342,1625,70,57,300.0
69,6,374,1878,35,66,400.0
69,4,362,1735,58,40,450.0
69,1,389,1818,63,54,2600.0
69,6,374,1783,73,69,350.0
69,10,363,1715,78,68,500.0
69,23,407,1947,69,64,350.0
69,10,345,1700,55,69,300.0
69,-69,363,1727,59,41,300.0
69,2,395,1915,67,58,800.0
69,-1,385,882,67,69,300.0
69,4,376,1780,67,45,300.0
69,1,385,892,67,68,1000.0
69,7,403,1816,88,50,300.0
69,2,370,1770,77,65,5000.0
69,30,308,1432,43,28,300.0
69,1,385,888,70,62,1000.0
69,3,390,1870,80,64,550.0
69,5,402,1922,80,67,300.0
69,-1,385,1826,67,69,350.0
69,4,369,1751,71,69,6000.0
69,4,360,1700,56,42,300.0
69,2,388,1864,66,66,3000.0
69,3,388,1827,76,62,650.0
69,3,386,1796,76,68,300.0
69,1,376,821,69,67,500.0
69,2,360,1709,63,43,300.0
69,2,336,1523,51,28,350.0
69,-2,354,1648,57,35,450.0
69,2,389,1860,58,56,350.0
69,-1,377,1741,66,46,10000.0
69,4,379,916,70,68,650.0
69,1,393,1831,78,63,750.0
69,-1,368,1738,87,58,550.0
69,2,379,1798,69,51,300.0
69,2,367,1758,71,72,500.0
69,2,393,1842,72,57,350.0
69,2,380,1808,70,48,350.0
69,2,392,1830,80,63,300.0
69,1,352,1609,68,36,1000.0
69,3,368,1747,65,37,550.0
69,0,390,1896,67,54,400.0
69,3,365,1731,68,71,10000.0
69,1,405,1886,74,56,650.0
69,3,384,788,68,67,500.0
69,0,404,1886,71,63,5000.0
69,21,327,1600,46,72,500.0
69,8,362,1663,71,33,9500.0
69,3,398,1871,64,61,300.0
69,2,382,1753,64,53,450.0
69,2,389,1848,86,69,300.0
69,2,348,1691,40,74,300.0
69,4,413,1972,68,64,300.0
69,4,388,908,69,68,1000.0
69,4,387,1842,71,64,400.0
69,0,401,1896,77,59,300.0
69,2,392,894,69,63,350.0
69,0,361,1686,62,43,350.0
69,1,393,1903,54,67,400.0
69,9,394,1830,77,69,400.0
69,3,381,1802,88,61,350.0
69,1,338,1564,63,29,450.0
69,0,396,1857,76,60,600.0
69,3,406,1942,76,57,300.0
69,0,387,831,70,67,1500.0
69,1,348,1605,59,45,350.0
69,1,340,1565,50,27,500.0
69,3,389,1824,75,53,500.0
69,10,384,1837,80,70,400.0
69,-1,389,1843,64,56,300.0
69,2,376,718,70,71,350.0
69,57,377,891,74,64,10000.0
69,2,342,1536,64,26,300.0
69,1,336,1510,64,29,800.0
69,3,386,1815,81,64,300.0
69,-2,355,1690,76,67,3300.0
69,0,386,1852,62,61,300.0
69,0,404,1915,75,57,300.0
69,5,386,1787,81,70,350.0
69,2,400,1911,68,61,400.0
69,1,374,1782,61,46,300.0
69,1,395,1923,74,57,300.0
69,5,400,1873,80,67,300.0
69,6,369,1783,70,67,300.0
69,-1,334,1521,59,30,700.0
69,2,367,1809,51,50,400.0
69,7,407,1881,92,63,300.0
69,3,367,1700,68,39,350.0
69,3,399,1847,75,48,450.0
69,2,403,1888,68,62,800.0
69,1,389,1790,63,51,300.0
69,27,396,1868,90,51,350.0
69,6,377,1799,64,44,450.0
69,2,408,1929,76,58,300.0
69,0,388,820,69,70,500.0
69,4,372,1828,43,63,300.0
69,2,377,1799,54,50,300.0
69,3,392,1888,60,69,300.0
69,3,375,1730,80,67,800.0
69,2,350,1610,73,68,950.0
69,4,397,1911,79,58,350.0
69,-1,389,1869,65,56,300.0
69,0,337,1550,53,47,10000.0
69,1,401,1886,76,63,400.0
69,1,382,1797,59,58,10000.0
69,-1,403,1882,70,60,4700.0
69,1,411,1944,84,56,9600.0
69,1,387,1862,72,61,5900.0
69,-3,393,1897,74,68,650.0
69,2,346,1667,61,39,450.0
69,0,355,1655,80,65,400.0
69,0,370,1738,72,32,450.0
69,2,357,1633,63,32,10000.0
69,0,385,1849,69,53,1200.0
69,1,363,1711,65,68,300.0
69,1,317,1452,47,21,2000.0
69,3,372,1749,60,46,2400.0
69,2,371,1751,80,61,400.0
69,2,393,1885,83,63,400.0
69,1,371,1732,67,50,500.0
69,2,384,1795,71,61,1500.0
69,7,390,1909,65,68,1000.0
69,5,377,1753,71,44,350.0
69,1,374,885,71,65,10000.0
69,1,424,1993,78,64,350.0
69,218,383,893,68,66,300.0
69,2,401,1847,80,59,1000.0
69,19,409,1932,66,69,450.0
69,-1,396,1895,67,65,300.0
69,3,394,1915,61,64,500.0
69,2,329,1522,36,40,450.0
69,3,315,1457,45,27,450.0
69,1,381,1839,75,66,450.0
69,0,380,1749,66,52,1000.0
69,1,381,848,70,65,400.0
69,5,362,1622,77,36,300.0
69,1,396,1854,84,47,300.0
69,22,379,1770,87,68,300.0
69,3,395,912,71,67,300.0
69,3,390,870,71,69,4400.0
69,-2,373,1759,65,67,6100.0
69,-2,373,1768,78,69,450.0
69,5,375,1804,85,67,1800.0
69,0,314,1502,34,31,300.0
69,1,323,1499,54,35,400.0
69,5,361,1642,74,29,450.0
69,1,387,1863,71,53,500.0
69,7,376,1766,89,59,350.0
69,0,404,1926,85,63,1900.0
69,4,346,1665,76,63,300.0
69,1,352,1617,72,31,300.0
69,1,383,748,70,66,500.0
69,2,352,1668,64,65,500.0
69,2,407,1945,75,67,10000.0
69,1,365,1680,75,37,500.0
69,4,373,1726,81,66,400.0
69,0,411,2004,74,67,300.0
69,3,392,1842,72,50,700.0
69,5,373,679,71,68,400.0
69,3,388,1818,78,48,1400.0
69,2,413,1981,84,62,300.0
69,0,375,1798,54,59,700.0
69,3,401,1905,81,61,300.0
69,1,390,1823,69,53,300.0
69,9,392,882,70,67,350.0
69,2,386,890,70,66,300.0
69,1,384,1872,82,68,300.0
69,2,348,1634,46,43,400.0
69,3,380,1728,61,55,300.0
69,0,353,1657,74,69,5400.0
69,0,395,1894,60,63,300.0
69,1,305,1472,33,34,10000.0
69,11,396,1786,90,47,300.0
69,5,367,1754,84,66,950.0
69,-1,403,1901,67,66,1000.0
69,18,372,1776,75,69,300.0
69,1,399,1948,64,65,300.0
69,2,376,1817,67,71,350.0
69,-1,399,1889,76,57,300.0
69,3,380,899,69,65,400.0
69,4,376,1754,68,49,300.0
69,0,362,1673,64,42,300.0
69,0,371,1732,76,66,2900.0
69,9,379,884,74,68,300.0
69,5,369,1732,73,67,500.0
69,-1,323,1540,52,32,350.0
69,10,352,1543,76,69,6000.0
69,1,387,1814,70,50,400.0
69,1,399,1868,69,63,300.0
69,2,339,1618,74,63,350.0
69,20,374,1668,90,63,300.0
69,6,366,1676,67,39,600.0
69,2,380,1838,65,61,1400.0
69,4,354,1665,54,42,9000.0
69,0,382,1780,82,67,550.0
69,6,392,1829,83,63,300.0
69,2,389,1863,69,55,500.0
69,0,311,1408,53,26,300.0
69,6,322,1495,47,34,400.0
69,0,345,1604,47,37,300.0
69,9,419,1947,81,56,300.0
69,1,365,1618,77,37,300.0
69,1,365,1740,47,49,1200.0
69,2,372,1684,76,39,400.0
69,1,356,1651,62,68,700.0
69,-1,351,1661,60,33,300.0
69,2,337,1590,47,41,550.0
69,2,381,722,71,69,300.0
69,3,348,1652,56,31,250.0
69,0,381,1822,52,59,300.0
69,4,371,1785,68,65,400.0
69,1,401,1884,80,55,1900.0
69,2,403,1867,73,63,350.0
69,3,374,1748,76,69,350.0
69,6,395,1826,69,58,700.0
69,6,404,1831,83,62,300.0
69,0,341,1546,65,33,400.0
69,7,395,986,72,65,350.0
69,-2,395,1794,80,52,5000.0
69,1,374,1792,87,65,2800.0
69,30,410,1861,91,58,300.0
69,1,396,1932,73,65,10000.0
69,2,364,1675,68,33,850.0
69,1,385,1846,65,55,700.0
69,1,343,1646,45,36,300.0
69,0,353,1682,59,38,400.0
69,0,355,1646,70,29,400.0
69,2,340,1527,55,33,350.0
69,-1,381,1841,70,64,500.0
69,3,389,1872,68,51,700.0
69,0,305,1452,43,33,800.0
69,0,394,1793,80,63,400.0
69,2,387,1762,80,51,550.0
69,0,370,1723,70,42,350.0
69,1,375,1755,82,65,1500.0
69,1,392,1870,64,59,500.0
69,6,393,1841,72,57,1000.0
69,5,401,1955,69,61,2000.0
69,1,385,1829,65,57,300.0
69,5,372,1756,67,70,500.0
69,8,401,1783,88,57,500.0
69,7,382,1713,90,55,300.0
69,2,367,1730,85,56,400.0
69,5,393,1838,88,59,10000.0
69,-2,390,1777,76,53,350.0
69,2,388,1855,65,53,350.0
69,6,368,1685,84,64,850.0
69,3,326,1511,69,25,2000.0
69,2,391,1785,87,64,300.0
69,0,392,1836,73,65,500.0
69,1,359,1663,65,36,500.0
69,1,370,1749,76,55,10000.0
69,2,384,1831,65,52,300.0
69,9,404,1855,77,53,300.0
69,3,385,638,73,65,800.0
69,3,372,1693,72,68,600.0
69,1,374,1760,65,46,300.0
69,8,394,1858,80,64,350.0
69,-1,371,1728,56,54,7000.0
69,3,350,1644,64,68,500.0
69,5,376,1848,54,67,300.0
69,-1,377,755,70,68,450.0
69,2,337,1568,57,38,8900.0
69,-395,347,1541,68,35,400.0
69,2,379,1811,60,69,300.0
69,1,402,1887,76,63,300.0
69,1,397,1925,67,61,350.0
69,-1,373,1711,49,58,300.0
69,1,388,1880,65,55,400.0
69,10,388,1824,74,51,1200.0
69,0,355,1638,64,31,350.0
69,2,376,1769,57,49,300.0
69,1,402,1874,80,55,400.0
69,2,366,1701,77,66,450.0
69,0,354,1653,66,35,550.0
69,1,345,1639,63,35,300.0
69,1,340,1648,57,37,300.0
69,0,349,1653,58,40,300.0
69,2,346,1621,60,30,300.0
69,6,334,1487,62,32,300.0
69,1,359,1694,74,68,400.0
69,4,368,719,69,65,500.0
69,0,325,1499,59,32,500.0
69,9,375,722,72,64,350.0
69,2,395,1868,75,57,9900.0
69,0,355,1627,65,29,350.0
69,1,400,1914,71,59,400.0
69,5,391,1815,67,59,750.0
69,1,388,1791,80,50,400.0
69,3,373,1742,71,42,1500.0
69,4,369,1709,90,63,350.0
69,14,333,1518,56,32,1500.0
69,2,339,1543,61,30,400.0
69,3,349,1648,75,69,5000.0
69,17,367,1596,86,68,300.0
69,6,362,661,71,66,300.0
69,9,321,1507,50,31,500.0
69,1,383,1791,86,58,300.0
69,1,403,1912,74,57,450.0
69,2,375,1733,69,45,300.0
69,2,373,1704,80,39,10000.0
69,13,405,1928,78,64,300.0
69,6,394,1843,85,63,800.0
69,10,385,1823,81,67,400.0
69,11,398,1826,74,49,700.0
69,0,346,1581,55,37,400.0
69,16,357,1685,79,71,700.0
69,5,372,1741,64,43,550.0
69,2,374,1811,81,63,300.0
69,10,326,1464,53,26,300.0
69,6,338,1593,65,67,600.0
69,26,354,1652,71,67,400.0
69,4,361,1678,66,39,400.0
69,-3,399,1859,71,60,450.0
69,4,380,1769,76,68,400.0
69,-1,370,1736,78,57,400.0
69,58,379,1762,89,67,6000.0
69,13,379,1691,91,60,300.0
69,2,351,1641,69,39,300.0
69,3,360,1717,70,71,8900.0
69,4,376,1707,92,60,9000.0
69,3,389,1854,91,48,300.0
69,3,322,1503,51,42,950.0
69,1,398,1862,67,57,300.0
69,5,376,686,70,69,9100.0
69,5,397,1873,79,63,550.0
69,0,402,1884,68,64,350.0
69,2,377,1825,51,54,400.0
69,4,397,1900,69,60,350.0
69,-1,382,1777,66,58,300.0
69,5,383,1789,82,65,400.0
69,11,405,1877,72,58,1100.0
69,-1,363,1691,74,69,600.0
69,311,375,1739,84,68,300.0
69,-1,399,1938,65,65,550.0
69,-1,382,1757,79,62,3500.0
69,2,391,864,69,69,1000.0
69,1,376,1733,78,36,300.0
69,7,405,1861,71,60,300.0
69,1,362,1693,72,40,700.0
69,-1,331,1471,54,25,600.0
69,1,406,1950,70,62,9400.0
69,5,364,1679,68,42,1900.0
69,-1,398,1841,73,59,700.0
69,4,378,681,70,66,300.0
69,2,361,1602,77,36,300.0
69,2,361,775,68,70,400.0
69,4,361,1715,58,72,300.0
69,2,386,1841,60,54,500.0
69,2,329,1506,56,36,1200.0
69,6,378,1712,92,68,300.0
69,7,340,1555,70,30,700.0
69,2,363,1683,61,46,300.0
69,7,374,1679,79,39,8500.0
69,1,365,1679,77,33,900.0
69,2,387,1877,64,58,600.0
69,1,396,1861,69,57,2900.0
69,13,398,1878,74,61,300.0
69,1,339,1535,55,34,350.0
69,0,365,663,68,63,300.0
69,0,376,1782,71,45,400.0
69,3,368,1719,68,71,300.0
69,1,332,1616,60,73,400.0
69,4,386,1773,81,68,1000.0
69,1,393,1782,83,51,350.0
69,10,372,653,69,69,350.0
69,6,372,1805,82,63,550.0
69,3,380,1791,67,48,350.0
69,1,378,1792,81,62,700.0
69,2,330,1481,55,33,300.0
69,3,371,1733,78,64,300.0
69,3,407,1903,79,60,300.0
69,2,330,1544,54,35,1700.0
69,4,341,1560,67,26,400.0
69,3,361,1604,72,40,300.0
69,9,394,1825,88,48,300.0
69,2,382,1770,83,62,550.0
69,8,378,1765,71,52,300.0
69,0,393,1794,83,54,8100.0
69,4,352,1662,75,72,400.0
69,-2,371,1686,73,40,300.0
69,3,337,1528,59,29,400.0
69,18,398,1872,79,54,350.0
69,4,396,1783,84,59,300.0
69,7,386,1808,68,57,10000.0
69,0,379,1756,74,42,450.0
69,1,374,1711,74,43,300.0
69,1,390,848,72,66,300.0
69,4,372,1772,60,43,850.0
69,2,368,1715,75,69,450.0
69,-1,378,1802,74,47,300.0
69,0,385,1778,82,48,300.0
69,17,374,1702,87,59,300.0
69,4,355,1661,65,38,650.0
69,1,338,1551,64,34,9700.0
69,2,363,1695,78,69,5000.0
69,12,382,1756,86,66,300.0
69,0,386,1805,64,56,450.0
69,5,324,1446,71,22,300.0
69,0,380,1734,73,46,500.0
69,1,376,1725,75,66,300.0
69,3,409,1891,88,63,300.0
69,1,378,1799,62,55,450.0
69,1,376,1733,89,62,400.0
69,5,400,1865,77,57,300.0
69,2,389,1844,67,53,350.0
69,2,339,1557,61,36,300.0
69,0,352,1587,70,31,900.0
69,5,394,1816,74,50,1000.0
69,2,342,1536,63,45,300.0
69,1,376,709,69,66,300.0
69,5,379,847,70,64,650.0
69,6,376,1703,64,48,300.0
69,3,363,670,69,64,1000.0
69,1,392,1846,73,68,350.0
69,4,377,1729,80,68,600.0
69,0,370,678,71,67,300.0
69,12,378,1727,79,59,1000.0
69,1,365,1694,66,43,300.0
69,0,394,1824,81,55,7000.0
69,3,371,719,69,65,700.0
69,1,359,1648,75,38,300.0
69,120,360,1657,88,64,400.0
69,1,375,1727,54,58,6000.0
69,1,347,1601,56,37,10000.0
69,0,378,1757,75,67,300.0
69,44,364,1737,75,65,350.0
69,4,401,1887,68,63,550.0
69,8,355,1657,65,36,9200.0
69,3,389,1787,72,51,400.0
69,2,391,1794,83,50,300.0
69,17,395,1819,93,70,300.0
69,-1,410,1959,75,62,10000.0
69,1,366,1651,71,42,10000.0
69,-1,385,1840,81,68,9800.0
69,1,367,1710,82,65,1500.0
69,4,402,1919,66,60,300.0
69,-1,370,819,65,67,300.0
69,-4,384,1821,69,67,300.0
69,21,390,1870,79,71,300.0
69,24,356,1593,59,43,450.0
69,4,395,1832,67,59,300.0
69,1,375,1782,73,70,500.0
69,0,380,1789,66,48,450.0
69,4,398,1831,78,60,300.0
69,3,378,1742,74,59,850.0
69,1,386,1808,66,57,1000.0
69,3,354,1632,68,28,400.0
69,2,314,1490,59,25,300.0
69,1,306,1441,52,22,5000.0
69,2,385,1781,78,50,10000.0
69,2,372,1746,64,48,400.0
69,2,373,1685,77,38,450.0
69,2,393,1782,66,57,300.0
69,2,387,1794,86,64,3500.0
69,2,351,1588,63,40,400.0
69,3,397,1835,86,65,350.0
69,27,367,1703,74,68,400.0
69,3,382,1726,74,49,450.0
69,7,378,1735,74,47,300.0
69,2,398,1889,74,66,350.0
69,8,367,1658,80,65,700.0
69,3,398,1830,84,49,300.0
69,2,383,1798,71,57,350.0
69,0,370,1773,80,63,350.0
69,5,372,651,70,70,350.0
69,5,399,1834,75,56,700.0
69,3,356,1664,75,67,700.0
69,3,386,1777,78,47,1000.0
69,17,360,1716,82,69,300.0
69,3,372,1735,79,64,400.0
69,3,357,1626,71,70,500.0
69,14,405,1888,80,58,400.0
69,4,374,1749,70,41,350.0
69,2,348,1592,88,55,9600.0
69,4,344,1516,81,29,300.0
69,2,375,1735,66,44,450.0
69,8,372,1754,65,43,700.0
69,1,392,1840,64,64,350.0
69,3,374,759,72,67,7500.0
69,1,390,1832,63,59,300.0
69,4,346,1560,55,38,600.0
69,3,369,1742,61,49,400.0
69,10,402,1844,75,61,300.0
69,12,350,1643,75,69,5000.0
69,10,391,1825,75,51,3600.0
69,0,371,1716,75,42,4000.0
69,1,391,1817,65,53,300.0
69,0,359,1683,70,29,9900.0
69,1,408,1976,68,65,350.0
69,0,364,702,67,65,1000.0
69,4,381,1756,87,65,300.0
69,-1,349,1599,77,58,2500.0
69,0,393,1828,66,59,500.0
69,1,370,1686,76,42,450.0
69,10,401,1900,74,62,350.0
69,-1,391,1809,77,49,350.0
69,0,373,1750,74,69,300.0
69,2,389,1827,67,55,400.0
69,1,338,1552,60,33,1700.0
69,4,364,1765,70,67,300.0
69,7,361,1732,60,42,5900.0
69,1,387,864,67,65,300.0
69,15,363,1712,68,67,700.0
69,1,363,1710,70,34,700.0
69,0,388,1812,75,46,600.0
69,-3,356,1690,71,69,700.0
69,3,388,1842,75,53,850.0
69,8,331,1575,55,26,1200.0
69,9,397,1894,69,62,350.0
69,2,400,1890,66,53,450.0
69,1,376,1798,79,70,450.0
69,4,354,1597,79,54,400.0
69,4,372,1708,84,67,350.0
69,-2,345,1625,57,70,400.0
69,0,352,1673,79,64,600.0
69,11,373,1724,86,64,300.0
69,17,359,1695,71,67,350.0
69,52,352,1680,81,63,550.0
69,3,396,1784,83,48,400.0
69,212,384,1755,86,66,350.0
69,6,395,1803,74,53,450.0
69,36,352,1736,63,67,450.0
69,4,409,2021,68,61,700.0
69,6,379,1827,71,70,300.0
69,0,391,1872,77,52,400.0
69,2,379,1823,72,53,600.0
69,1,305,1475,33,37,1800.0
69,2,317,1480,40,33,4000.0
69,1,379,881,66,65,300.0
69,-3,385,1813,65,58,350.0
69,4,422,2011,79,69,300.0
69,1,403,1969,65,65,300.0
69,4,328,1532,38,36,350.0
69,2,395,1881,77,55,900.0
69,1,366,1743,53,50,1000.0
69,1,388,1816,83,70,9600.0
69,0,356,1746,43,72,400.0
69,9,395,1932,69,65,600.0
69,1,406,1997,60,70,350.0
69,1,374,1857,45,54,900.0
69,3,385,838,71,69,350.0
69,2,392,799,67,71,300.0
69,3,390,1855,72,63,550.0
69,-1,364,1787,73,69,450.0
69,1,394,1896,67,63,500.0
69,2,319,1454,52,33,300.0
69,1,414,1933,80,66,6000.0
69,3,402,1925,67,60,500.0
69,1,371,1699,71,42,700.0
69,1,361,1717,65,44,850.0
69,0,373,1727,75,37,450.0
69,0,366,1749,75,66,10000.0
69,1,324,1448,55,28,400.0
69,4,387,866,71,67,10000.0
69,1,397,1843,73,55,900.0
69,0,394,1859,75,66,600.0
69,-1,370,1681,72,44,5200.0
69,2,394,1856,67,58,350.0
69,7,348,1628,63,36,450.0
69,3,353,1655,73,65,350.0
69,2,325,1541,57,69,600.0
69,1,393,1873,74,62,6500.0
69,0,379,791,72,68,800.0
69,2,386,1800,70,49,300.0
69,-1,381,1832,65,68,350.0
69,3,375,1757,87,70,350.0
69,3,389,1823,73,59,650.0
69,1,402,1905,71,59,450.0
69,4,355,1697,58,40,1500.0
69,0,368,1673,63,39,300.0
69,3,376,1743,64,55,450.0
69,5,367,1698,86,69,300.0
69,1,385,1827,68,68,400.0
69,3,337,1531,65,30,6000.0
69,-1,393,1874,76,51,400.0
69,-3,371,1781,75,58,300.0
69,-2,388,1761,87,52,10000.0
69,0,370,1789,68,62,400.0
69,2,383,619,71,67,300.0
69,2,390,1835,78,62,300.0
69,2,360,1665,71,68,400.0
69,7,378,1821,50,64,4900.0
69,0,391,1829,82,56,300.0
69,0,398,1862,73,60,700.0
69,1,393,1868,74,56,700.0
69,2,391,1789,81,46,600.0
69,1,394,1888,64,59,400.0
69,2,336,1579,59,70,400.0
69,1,403,1891,68,59,9900.0
69,-2,359,1685,75,63,400.0
69,0,366,1702,76,69,350.0
69,1,387,1909,67,62,400.0
69,7,399,1898,74,66,300.0
69,1,383,1817,70,62,300.0
69,7,401,1896,77,65,300.0
69,1,359,1702,69,68,400.0
69,5,365,1704,81,68,500.0
69,-1,342,1590,67,34,600.0
69,5,372,1696,76,41,1500.0
69,6,382,1771,84,67,300.0
69,1,395,1849,84,50,300.0
69,7,355,1682,68,70,500.0
69,2,391,1862,69,68,300.0
69,42,368,1668,80,63,400.0
69,5,384,1805,69,53,350.0
69,3,334,1534,61,30,700.0
69,0,390,1829,61,58,1000.0
69,15,373,1704,86,62,400.0
69,2,315,1465,64,29,1000.0
69,3,357,1665,63,40,350.0
69,4,325,1493,65,29,750.0
69,2,396,1910,62,66,300.0
69,54,381,1715,80,43,500.0
69,6,384,1814,72,68,300.0
69,1,363,1724,73,70,300.0
69,110,357,1701,73,68,300.0
69,1,349,1639,81,71,9500.0
69,2,336,1638,64,70,400.0
69,4,338,1551,68,28,400.0
69,0,369,1705,75,46,300.0
69,2,356,1661,73,37,300.0
69,4,379,1777,70,68,300.0
69,5,366,1731,73,67,700.0
69,3,377,1832,80,72,300.0
69,1,375,1743,83,42,300.0
69,16,333,1553,62,31,950.0
69,2,382,1788,67,60,400.0
69,1,378,1743,84,67,500.0
69,1,381,1850,67,61,400.0
69,16,370,1714,81,68,300.0
69,0,337,1554,64,32,350.0
69,1,371,629,70,70,400.0
69,1,376,1701,78,41,450.0
69,3,363,1678,69,36,5000.0
69,3,369,1695,78,42,450.0
69,4,417,1905,86,64,300.0
69,3,370,1688,80,60,900.0
69,1,373,1719,70,33,300.0
69,3,352,1755,38,68,350.0
69,2,356,1600,72,30,300.0
69,2,374,1792,87,65,350.0
69,1,354,1665,54,42,300.0
69,0,338,1544,65,28,700.0
69,0,377,1741,66,46,300.0
69,0,387,1828,60,59,5000.0
69,3,383,1783,80,67,1000.0
69,0,388,1827,77,44,400.0
69,1,387,1794,86,64,300.0
69,0,370,1716,67,41,300.0
69,0,389,906,72,66,400.0
69,1,387,1862,72,61,350.0
69,0,376,686,70,69,350.0
69,1,366,1708,68,48,400.0
69,0,385,1839,75,69,450.0
69,-2,395,1845,69,53,4800.0
69,2,388,1910,61,55,2200.0
69,0,409,1914,73,62,350.0
69,0,395,1897,71,64,500.0
69,1,390,870,71,69,350.0
69,8,391,1825,75,51,2000.0
69,6,337,1531,65,30,550.0
69,2,374,1679,79,39,400.0
69,0,376,1707,92,60,450.0
69,2,375,1856,69,52,650.0
69,2,382,1814,73,58,300.0
69,2,386,1709,83,39,350.0
69,4,418,1956,86,66,300.0
69,4,349,1648,75,69,500.0
69,0,397,1917,75,57,500.0
69,5,344,1555,65,29,1500.0
69,1,360,1697,91,60,300.0
69,2,366,1680,81,41,350.0
69,1,364,682,70,67,500.0
69,0,378,1719,80,64,900.0
69,0,388,1851,79,70,550.0
69,0,373,1743,73,46,900.0
69,2,384,1774,81,62,350.0
69,1,393,1859,75,65,300.0
69,1,390,1840,83,68,300.0
69,2,332,1504,55,34,950.0
69,7,376,1711,79,42,350.0
69,1,352,1644,72,68,400.0
69,1,383,1738,80,66,350.0
69,1,364,1740,74,71,450.0
69,2,379,1762,89,67,300.0
69,2,388,1833,72,48,350.0
69,2,344,1612,77,60,1900.0
69,0,344,1592,59,69,350.0
69,1,397,1870,65,65,500.0
69,3,350,1643,75,69,2400.0
69,2,373,1759,65,67,300.0
69,2,364,1651,68,40,1000.0
69,0,373,1704,80,39,300.0
69,0,363,1695,78,69,400.0
69,0,394,1824,81,55,400.0
69,-1,380,1712,71,49,500.0
69,1,404,1886,71,63,300.0
69,2,393,1838,88,59,300.0
69,0,373,705,68,69,350.0
69,2,352,1543,76,69,300.0
69,0,393,1873,74,62,350.0
69,3,360,1717,70,71,400.0
69,0,310,1513,41,38,600.0
69,0,357,1633,63,32,300.0
69,1,367,1690,87,40,350.0
69,-10,360,1649,77,72,450.0
69,0,381,1793,60,53,1000.0
69,0,374,759,72,67,1600.0
69,0,334,1509,70,30,700.0
69,2,378,1821,50,64,350.0
69,1,396,1861,69,57,800.0
69,0,407,1945,75,67,400.0
69,0,352,1628,75,68,400.0
69,1,358,1693,63,38,450.0
69,0,364,1650,85,31,300.0
69,0,324,1507,51,29,1000.0
69,0,347,1601,56,37,300.0
69,0,375,1727,54,58,300.0
69,0,390,1836,73,48,300.0
69,0,386,1874,69,72,7100.0
69,0,385,1840,81,68,300.0
69,0,385,1781,78,50,400.0
69,0,380,1789,66,48,300.0
68,5,385,912,67,66,800.0
68,2,379,862,65,66,300.0
68,2,390,1906,59,61,400.0
68,2,383,1909,48,66,750.0
68,8,376,1885,41,65,450.0
68,0,352,1778,38,54,300.0
68,6,362,1777,63,70,300.0
68,16,365,1777,52,71,300.0
68,0,382,900,68,66,1000.0
68,0,387,927,69,67,400.0
68,-4,389,874,70,67,700.0
68,1,367,1709,55,50,350.0
68,1,369,1857,46,55,400.0
68,-1,321,1572,33,46,300.0
68,1,373,1854,41,62,300.0
68,8,357,1760,43,71,300.0
68,2,384,1886,63,59,300.0
68,0,398,1851,77,56,600.0
68,5,383,1868,65,63,450.0
68,6,385,1795,82,67,300.0
68,2,369,852,68,66,600.0
68,0,343,1637,52,50,500.0
68,3,364,762,71,66,700.0
68,4,383,1920,51,59,350.0
68,2,383,933,66,68,500.0
68,2,359,1723,52,49,450.0
68,5,337,1650,42,67,400.0
68,9,346,1686,62,70,400.0
68,1,388,966,69,64,300.0
68,0,376,751,68,62,3400.0
68,1,320,1419,59,28,400.0
68,0,340,1655,52,34,400.0
68,1,361,1749,44,54,350.0
68,2,397,1957,50,67,300.0
68,4,370,762,70,66,400.0
68,0,359,1758,55,68,450.0
68,2,370,1769,53,55,700.0
68,2,379,1779,81,64,300.0
68,1,321,1523,56,34,350.0
68,0,372,1836,49,52,9500.0
68,4,390,1804,77,66,300.0
68,0,380,1742,81,49,700.0
68,2,396,1873,66,55,500.0
68,0,360,1680,70,68,7100.0
68,3,400,1881,73,66,600.0
68,2,371,850,65,67,400.0
68,0,345,1602,51,68,300.0
68,2,320,1486,50,28,600.0
68,0,364,1767,53,68,550.0
68,-1,363,1743,59,47,650.0
68,1,325,1516,53,33,300.0
68,-1,361,1725,43,51,300.0
68,2,402,1893,73,57,300.0
68,1,382,861,69,70,500.0
68,2,394,1958,52,67,500.0
68,1,398,1930,64,66,300.0
68,2,379,1814,65,50,500.0
68,5,363,1719,74,66,300.0
68,1,328,1592,56,68,300.0
68,4,393,1800,74,49,300.0
68,-1,396,1848,76,60,400.0
68,0,393,1865,70,54,350.0
68,-1,342,1570,47,39,300.0
68,1,360,1630,58,40,8000.0
68,3,368,1767,60,67,300.0
68,1,357,1730,66,70,300.0
68,1,338,1587,59,30,350.0
68,-1,351,1682,62,68,2500.0
68,7,383,942,69,66,550.0
68,5,377,1839,58,64,650.0
68,0,377,1819,53,61,550.0
68,0,374,1776,63,53,400.0
68,5,393,1907,61,63,400.0
68,0,359,1758,52,50,300.0
68,4,312,1501,39,39,450.0
68,16,368,771,67,66,1200.0
68,-3,389,1908,56,65,500.0
68,0,326,1607,33,44,900.0
68,4,392,1925,63,64,650.0
68,6,380,912,70,68,900.0
68,8,400,1937,56,65,400.0
68,0,386,894,67,64,650.0
68,23,394,1907,65,61,300.0
68,-2,357,1633,66,33,300.0
68,2,394,1904,67,58,350.0
68,1,359,1657,68,36,2900.0
68,-1,368,1760,67,63,300.0
68,7,399,1835,93,62,450.0
68,0,371,713,70,66,300.0
68,3,365,1800,65,70,300.0
68,4,376,1782,66,51,1000.0
68,1,362,1712,68,69,500.0
68,1,340,1667,70,65,10000.0
68,2,380,851,68,66,300.0
68,10,377,1844,73,68,400.0
68,0,364,1726,69,41,300.0
68,0,393,1871,81,66,650.0
68,5,321,1410,59,31,950.0
68,1,385,1811,73,62,600.0
68,0,370,862,64,68,300.0
68,0,353,1712,65,67,10000.0
68,10,396,1841,85,55,300.0
68,1,321,1507,35,47,350.0
68,1,393,1783,76,58,300.0
68,1,382,1865,60,58,350.0
68,3,365,1803,81,63,400.0
68,2,357,1723,55,69,500.0
68,4,370,1772,85,62,350.0
68,0,395,1848,71,69,300.0
68,0,392,886,67,64,300.0
68,-1,376,1757,67,45,900.0
68,1,400,1901,72,61,400.0
68,1,321,1562,44,32,700.0
68,0,401,1880,77,55,4700.0
68,-3,361,1721,75,69,4000.0
68,-4,356,1619,68,45,300.0
68,5,371,789,70,68,550.0
68,4,406,1864,72,64,300.0
68,1,341,1655,40,47,300.0
68,3,290,1375,34,24,500.0
68,0,349,1767,40,57,500.0
68,9,366,1741,68,69,400.0
68,1,394,1873,66,63,350.0
68,4,358,1722,64,53,300.0
68,1,397,1874,73,69,10000.0
68,2,387,1872,68,56,700.0
68,1,324,1503,51,37,300.0
68,2,377,1801,74,65,300.0
68,2,326,1502,51,36,400.0
68,-1,380,822,69,66,600.0
68,1,363,1746,72,68,450.0
68,8,335,1537,62,29,300.0
68,6,383,1849,66,54,350.0
68,1,402,1924,71,64,350.0
68,4,356,1728,50,68,350.0
68,0,353,1676,34,57,300.0
68,0,408,1936,74,66,6900.0
68,1,372,1735,79,64,350.0
68,11,328,1664,29,46,600.0
68,0,383,1798,64,47,700.0
68,7,343,1637,64,66,8000.0
68,5,384,850,71,63,300.0
68,2,383,776,68,67,700.0
68,4,374,1782,76,51,350.0
68,0,376,1797,72,65,650.0
68,1,370,1770,51,58,300.0
68,4,365,1809,60,72,400.0
68,1,326,1510,51,33,2000.0
68,1,405,1902,74,66,500.0
68,-1,354,1668,50,44,300.0
68,2,385,1767,81,47,400.0
68,4,383,1777,72,54,350.0
68,0,352,1634,59,47,700.0
68,1,392,1899,71,67,3100.0
68,14,379,1744,87,63,2400.0
68,1,391,1933,61,66,3500.0
68,1,378,1749,78,47,400.0
68,3,371,1722,86,67,300.0
68,0,363,1724,45,57,350.0
68,7,370,1697,90,68,9800.0
68,7,361,1657,75,66,1000.0
68,2,383,1804,61,51,300.0
68,5,378,1780,56,59,350.0
68,1,378,1817,62,52,300.0
68,3,399,1925,78,53,400.0
68,2,374,1788,67,48,500.0
68,-4,345,1650,50,67,300.0
68,3,393,1815,75,52,300.0
68,1,397,1836,76,51,7400.0
68,7,357,1692,65,67,300.0
68,1,375,825,67,65,500.0
68,5,399,1787,92,61,10000.0
68,1,411,1935,76,69,3000.0
68,1,408,1892,70,62,300.0
68,0,334,1567,46,42,300.0
68,1,345,1675,56,70,10000.0
68,0,397,1871,63,64,300.0
68,3,385,1819,70,56,400.0
68,3,366,1741,69,42,300.0
68,3,366,1689,70,67,4900.0
68,1,376,1782,82,71,300.0
68,1,365,1710,72,35,400.0
68,2,385,1763,65,51,300.0
68,8,401,1869,81,57,1200.0
68,1,352,1770,33,55,400.0
68,14,363,1733,70,69,700.0
68,1,360,1667,70,68,550.0
68,2,334,1685,39,72,350.0
68,9,361,1729,46,57,10000.0
68,1,402,1945,72,63,1000.0
68,10,376,1790,70,41,600.0
68,0,387,1860,70,68,400.0
68,1,396,1920,69,63,650.0
68,19,384,1825,87,67,350.0
68,0,368,739,70,65,400.0
68,32,364,1752,71,68,9000.0
68,1,360,1712,49,66,300.0
68,2,357,1668,76,62,350.0
68,-1,342,1547,63,30,300.0
68,0,307,1429,36,25,700.0
68,6,327,1559,40,43,350.0
68,0,318,1455,50,32,7900.0
68,1,380,887,67,66,500.0
68,0,404,1956,61,66,300.0
68,1,392,1779,81,55,300.0
68,3,374,1769,63,50,400.0
68,0,395,1900,73,60,2000.0
68,8,388,1753,87,62,300.0
68,0,357,1689,56,37,500.0
68,0,351,1583,68,36,500.0
68,6,390,1811,69,54,700.0
68,15,380,1833,74,67,550.0
68,-1,396,1908,76,57,10000.0
68,1,360,1744,78,65,3900.0
68,3,379,1752,68,46,300.0
68,1,384,866,69,68,1700.0
68,2,322,1518,42,36,300.0
68,2,371,1661,73,34,9000.0
68,3,383,1767,91,62,300.0
68,0,328,1521,68,27,400.0
68,-2,374,1745,58,56,300.0
68,2,360,1667,60,44,350.0
68,0,380,1785,67,50,350.0
68,2,345,1572,69,35,300.0
68,3,421,1956,83,59,350.0
68,7,361,1696,66,35,300.0
68,0,333,1547,67,28,2500.0
68,1,387,994,69,65,10000.0
68,4,389,1833,65,55,350.0
68,0,352,1685,78,62,7500.0
68,2,397,1895,68,64,400.0
68,-1,327,1519,43,32,1300.0
68,1,395,1872,72,56,300.0
68,1,398,1952,50,68,400.0
68,1,361,1681,64,42,350.0
68,5,390,1837,86,69,4000.0
68,8,371,749,70,66,300.0
68,4,361,1674,80,61,350.0
68,1,373,830,65,68,400.0
68,2,397,1895,64,67,350.0
68,3,394,1768,77,55,9400.0
68,4,338,1592,64,32,450.0
68,23,359,1644,78,61,700.0
68,3,362,1668,69,39,750.0
68,0,373,1755,73,45,400.0
68,3,330,1552,61,33,4900.0
68,5,386,881,69,67,350.0
68,0,362,1753,67,65,650.0
68,1,373,1776,78,63,400.0
68,5,399,1888,59,67,300.0
68,0,341,1581,43,47,350.0
68,0,360,1660,69,35,1400.0
68,4,387,1842,75,44,10000.0
68,0,385,989,66,67,350.0
68,1,324,1521,52,27,1000.0
68,20,385,1759,73,43,300.0
68,2,369,1712,73,65,900.0
68,3,396,1837,70,55,300.0
68,1,359,1696,62,41,400.0
68,1,377,1824,72,69,8000.0
68,0,390,1821,68,56,300.0
68,0,365,1746,71,70,350.0
68,1,318,1509,49,30,1100.0
68,4,379,1820,71,63,1000.0
68,3,369,1717,76,67,300.0
68,5,376,1809,55,54,350.0
68,9,406,1897,74,61,450.0
68,1,384,907,69,69,600.0
68,0,400,1902,79,59,300.0
68,4,387,942,69,65,350.0
68,2,385,1771,79,49,750.0
68,0,376,1777,67,50,6500.0
68,11,368,1747,78,68,700.0
68,1,402,1942,65,66,400.0
68,7,379,828,67,66,3700.0
68,2,377,1775,83,67,300.0
68,2,378,1759,90,64,350.0
68,0,401,1853,84,59,450.0
68,1,358,1695,46,48,300.0
68,3,347,1637,55,41,450.0
68,-2,391,1920,65,64,1100.0
68,0,389,1863,75,60,500.0
68,0,388,1778,75,48,700.0
68,3,402,1900,81,52,3100.0
68,1,380,804,68,65,300.0
68,2,363,1741,81,69,2900.0
68,5,373,1677,75,40,300.0
68,4,380,1785,62,60,400.0
68,0,390,1898,64,64,500.0
68,1,382,1794,64,59,6700.0
68,6,390,840,68,66,500.0
68,0,330,1563,59,33,300.0
68,2,335,1540,62,32,550.0
68,0,394,1840,76,55,4400.0
68,5,363,1695,90,64,300.0
68,3,377,1733,80,65,350.0
68,8,399,1828,79,60,400.0
68,3,363,1728,71,67,1100.0
68,2,406,1895,80,61,300.0
68,1,334,1552,54,45,350.0
68,2,384,1875,57,62,1500.0
68,0,378,1708,78,36,10000.0
68,4,364,1682,79,64,300.0
68,1,314,1528,42,38,400.0
68,4,381,1758,78,46,1000.0
68,4,395,1818,86,61,400.0
68,1,366,1776,58,66,400.0
68,2,383,827,69,68,950.0
68,1,400,1924,70,63,600.0
68,1,376,1807,65,53,350.0
68,2,357,610,69,67,700.0
68,5,364,1688,76,65,700.0
68,2,395,1851,76,61,350.0
68,12,386,1876,61,71,300.0
68,-1,341,1643,59,68,10000.0
68,3,363,1670,83,34,300.0
68,-1,380,1762,67,45,400.0
68,1,378,763,72,61,450.0
68,3,370,1787,68,38,300.0
68,0,362,1708,78,67,10000.0
68,0,377,788,71,62,400.0
68,2,365,1655,76,34,9700.0
68,1,347,1651,83,66,4500.0
68,-1,381,1809,75,44,450.0
68,-1,369,1733,74,54,1000.0
68,3,414,1910,80,66,550.0
68,1,378,1797,68,47,400.0
68,0,361,1712,80,61,5200.0
68,5,391,1788,85,46,300.0
68,2,352,1696,70,71,300.0
68,1,385,1856,61,60,10000.0
68,1,341,1626,53,38,300.0
68,0,345,1576,59,39,300.0
68,1,368,1709,72,43,350.0
68,1,316,1456,51,32,10000.0
68,5,372,1719,74,43,300.0
68,1,374,1743,70,68,400.0
68,4,384,1799,86,69,300.0
68,4,400,1856,73,65,400.0
68,3,367,1772,77,49,300.0
68,-1,375,1794,59,54,500.0
68,2,399,1892,72,65,3300.0
68,3,359,1707,68,39,550.0
68,3,384,1774,88,61,300.0
68,2,378,1717,82,67,900.0
68,0,324,1527,44,36,350.0
68,0,344,1578,53,37,350.0
68,2,387,1802,71,61,300.0
68,3,409,1935,74,59,350.0
68,0,380,1732,81,47,350.0
68,5,372,1783,58,67,350.0
68,1,398,952,71,60,300.0
68,-1,341,1640,50,37,450.0
68,4,379,1746,90,66,8900.0
68,3,348,1627,61,68,850.0
68,-1,381,1836,58,69,300.0
68,1,381,921,68,66,500.0
68,2,411,1919,77,64,400.0
68,8,351,1625,80,65,850.0
68,3,341,1518,75,27,300.0
68,2,385,1816,72,47,400.0
68,6,416,1923,82,60,300.0
68,2,344,1578,46,45,300.0
68,2,379,704,69,66,350.0
68,2,388,771,69,68,700.0
68,2,381,1802,57,57,400.0
68,0,395,1876,70,67,10000.0
68,-1,398,1841,69,56,300.0
68,-1,363,1709,79,67,9300.0
68,0,378,1726,77,52,6000.0
68,2,374,1705,62,50,350.0
68,4,370,1657,82,65,300.0
68,6,405,1865,80,53,400.0
68,2,371,1707,69,45,400.0
68,2,330,1626,50,69,900.0
68,3,371,1739,86,59,300.0
68,7,351,1633,68,66,400.0
68,3,374,1731,83,67,400.0
68,3,372,789,68,66,600.0
68,-24,404,1863,82,61,300.0
68,7,399,1856,76,53,10000.0
68,3,368,1757,42,55,300.0
68,2,364,1774,64,66,800.0
68,1,374,1744,74,60,400.0
68,0,393,1863,68,63,350.0
68,12,394,1839,87,67,300.0
68,0,399,1912,73,62,300.0
68,4,384,1841,77,67,1000.0
68,2,366,1712,75,66,700.0
68,2,398,1833,76,64,300.0
68,3,320,1442,44,36,300.0
68,5,344,1596,71,69,650.0
68,12,400,1847,90,54,300.0
68,7,382,1749,84,65,300.0
68,25,359,1654,57,67,300.0
68,1,366,1708,74,40,300.0
68,10,359,1622,77,68,300.0
68,0,367,1709,75,36,3900.0
68,3,400,1869,85,70,300.0
68,1,384,1733,69,44,300.0
68,0,401,1941,64,67,10000.0
68,19,370,1666,88,62,300.0
68,2,354,1603,79,66,300.0
68,2,390,1738,88,63,300.0
68,3,322,1506,53,31,300.0
68,3,354,1684,61,69,3000.0
68,2,392,1870,67,67,700.0
68,3,346,1571,81,32,750.0
68,1,374,1716,78,41,500.0
68,1,367,1684,62,46,300.0
68,8,395,1847,73,55,800.0
68,-2,392,1883,67,56,700.0
68,3,378,1737,73,45,300.0
68,1,310,1477,32,37,8400.0
68,2,349,1649,66,66,350.0
68,2,355,1704,76,64,500.0
68,-1,355,1653,65,42,700.0
68,1,358,695,70,65,1400.0
68,2,331,1608,40,70,300.0
68,1,373,724,71,63,600.0
68,15,393,1836,77,58,350.0
68,3,356,1613,69,31,500.0
68,1,385,854,69,67,700.0
68,1,357,1615,67,34,450.0
68,2,357,1704,69,61,400.0
68,0,361,1681,79,65,1500.0
68,1,367,1699,74,43,550.0
68,-3,382,1759,78,64,1000.0
68,0,334,1541,37,42,300.0
68,3,375,1785,59,55,1000.0
68,-1,375,1738,72,64,800.0
68,2,369,1718,69,67,400.0
68,9,363,756,66,67,8400.0
68,4,378,1767,56,53,350.0
68,1,363,731,70,63,2000.0
68,3,399,1819,86,54,350.0
68,-1,373,1758,77,46,500.0
68,11,359,1693,74,69,300.0
68,4,373,1755,83,62,10000.0
68,28,350,1584,64,33,300.0
68,2,325,1484,51,34,600.0
68,4,396,1858,78,53,400.0
68,-1,393,1817,86,64,300.0
68,0,365,1717,73,33,1000.0
68,0,395,1876,68,59,600.0
68,11,397,1870,73,68,700.0
68,4,351,1614,73,68,350.0
68,-1,342,1583,73,24,10000.0
68,8,384,1766,63,55,400.0
68,1,355,1633,71,38,300.0
68,1,346,1681,57,69,400.0
68,4,397,1855,70,57,400.0
68,4,337,1549,66,29,300.0
68,14,396,1766,88,42,300.0
68,2,349,1629,88,59,300.0
68,2,386,1805,66,55,600.0
68,1,352,1638,62,36,500.0
68,2,368,1685,77,67,950.0
68,7,352,1653,77,62,500.0
68,11,372,1765,76,66,550.0
68,5,403,1903,84,58,350.0
68,2,376,1739,78,47,350.0
68,3,365,1792,59,68,300.0
68,0,365,1680,76,38,350.0
68,2,376,824,67,66,500.0
68,7,353,1672,59,44,400.0
68,4,374,1682,78,39,300.0
68,1,369,1714,80,63,300.0
68,3,370,1746,75,65,400.0
68,1,330,1536,64,30,400.0
68,6,376,1680,79,63,700.0
68,1,344,1606,70,30,400.0
68,-2,364,1690,79,38,350.0
68,23,353,1700,71,56,500.0
68,5,399,1812,76,55,300.0
68,-1,398,1829,65,54,750.0
68,0,381,1808,68,45,700.0
68,0,359,1731,72,66,300.0
68,7,373,1798,49,57,700.0
68,8,347,1600,77,68,550.0
68,0,376,1735,66,50,300.0
68,3,391,1836,81,64,9800.0
68,0,372,1789,79,61,550.0
68,4,374,1742,75,40,350.0
68,3,382,1761,83,40,350.0
68,6,396,1870,69,56,1000.0
68,0,372,1698,82,45,4200.0
68,0,391,1792,86,54,300.0
68,0,356,719,68,70,300.0
68,0,362,1626,79,39,6500.0
68,6,357,1611,64,32,500.0
68,0,376,1735,75,44,400.0
68,1,380,1789,62,54,500.0
68,3,383,1856,70,64,550.0
68,0,389,1823,68,58,6600.0
68,0,345,1632,69,68,350.0
68,0,353,1587,73,36,300.0
68,0,378,1810,73,67,300.0
68,4,377,1796,72,68,500.0
68,5,341,1569,56,29,1200.0
68,1,384,1824,63,65,400.0
68,0,374,1772,58,55,450.0
68,4,367,1713,83,57,350.0
68,2,331,1525,57,28,700.0
68,2,367,1720,54,50,350.0
68,1,406,1981,71,64,350.0
68,1,366,824,71,68,300.0
68,-1,373,1829,52,53,400.0
68,3,330,1527,60,29,300.0
68,15,366,1728,67,54,550.0
68,3,406,1888,78,64,400.0
68,1,391,1764,81,52,450.0
68,3,364,595,74,67,300.0
68,-1,370,1747,59,50,400.0
68,0,380,1812,53,59,10000.0
68,0,351,1604,82,58,300.0
68,0,377,1820,70,61,1500.0
68,1,375,1692,79,44,550.0
68,4,395,1819,72,59,450.0
68,1,331,1478,64,32,500.0
68,2,367,1635,78,34,10000.0
68,20,333,1485,68,31,350.0
68,1,391,1825,77,66,350.0
68,2,388,1814,86,63,400.0
68,4,364,1643,85,29,300.0
68,-1,372,647,68,70,600.0
68,0,371,1760,79,65,700.0
68,9,367,1711,63,48,500.0
68,4,386,1865,73,60,400.0
68,4,371,1675,61,49,7400.0
68,2,363,1683,58,44,350.0
68,1,328,1537,32,45,300.0
68,0,410,1952,75,69,300.0
68,2,361,1670,61,43,1000.0
68,-1,392,1811,79,65,450.0
68,-2,359,1680,74,31,9000.0
68,1,380,1795,59,50,500.0
68,1,383,1835,63,59,900.0
68,0,385,1740,82,64,300.0
68,4,357,1664,74,68,2200.0
68,7,387,1802,85,64,300.0
68,-1,385,1781,68,52,450.0
68,0,333,1473,74,29,300.0
68,9,394,1849,86,67,300.0
68,1,333,1557,58,34,400.0
68,5,345,1629,64,65,400.0
68,-1,401,1852,81,64,600.0
68,1,371,1724,74,40,500.0
68,3,375,688,69,63,350.0
68,2,359,1637,76,34,300.0
68,-1,356,1637,67,36,300.0
68,-2,321,1485,58,29,300.0
68,1,360,1622,82,69,10000.0
68,9,339,1487,66,34,300.0
68,1,356,1668,72,36,300.0
68,1,342,1601,64,70,800.0
68,0,335,1587,64,40,900.0
68,3,349,1604,72,32,500.0
68,7,386,1772,64,60,700.0
68,1,364,1679,76,44,300.0
68,0,372,1750,74,44,450.0
68,5,342,1627,67,69,400.0
68,1,331,1515,61,27,300.0
68,-2,394,1849,80,56,3000.0
68,2,387,1729,77,48,9900.0
68,-1,347,1628,59,33,8000.0
68,2,369,1641,80,34,10000.0
68,4,372,1651,76,40,300.0
68,2,366,1664,78,35,8800.0
68,-2,408,1931,84,66,9800.0
68,0,373,1702,56,61,400.0
68,0,372,1716,62,50,3500.0
68,1,382,1750,79,47,550.0
68,-2,366,1694,75,43,10000.0
68,3,374,1755,74,68,750.0
68,2,389,1821,69,55,500.0
68,0,323,1464,62,26,1000.0
68,1,392,1792,89,61,300.0
68,42,379,1779,65,56,1000.0
68,1,335,1529,69,27,350.0
68,16,345,1641,61,63,450.0
68,-2,366,716,70,65,300.0
68,1,361,1688,77,61,550.0
68,2,387,1825,70,65,500.0
68,14,393,1850,68,55,10000.0
68,4,345,1590,82,67,350.0
68,3,381,1851,61,59,4800.0
68,1,346,1594,62,42,650.0
68,3,359,1693,80,67,350.0
68,5,396,1834,70,58,450.0
68,6,337,1612,61,37,300.0
68,-4,338,1542,53,33,700.0
68,49,310,1408,53,28,1000.0
68,0,355,1626,61,45,300.0
68,1,372,1729,79,65,450.0
68,5,379,1821,75,43,1000.0
68,4,368,1697,66,67,450.0
68,1,375,1767,63,68,500.0
68,0,370,1757,80,63,550.0
68,0,342,1643,61,69,300.0
68,-1,365,1713,73,60,8000.0
68,2,376,1749,77,39,300.0
68,3,376,1803,68,47,450.0
68,2,350,1603,78,27,6800.0
68,6,344,1614,62,67,350.0
68,6,312,1434,62,31,450.0
68,0,358,1668,73,41,350.0
68,1,359,1663,82,62,300.0
68,17,341,1494,72,27,300.0
68,4,353,1665,70,70,600.0
68,11,368,1694,72,47,400.0
68,5,342,1537,68,43,650.0
68,4,361,1681,86,62,350.0
68,2,358,1630,69,31,4500.0
68,0,381,1798,68,61,500.0
68,3,376,1727,79,42,2200.0
68,1,369,1822,67,51,1000.0
68,2,353,1669,83,40,3500.0
68,6,387,1814,71,71,450.0
68,2,404,1890,71,61,400.0
68,0,375,647,69,67,850.0
68,1,354,1654,62,65,700.0
68,2,398,1867,73,60,10000.0
68,3,342,1607,63,38,950.0
68,285,361,1617,79,41,2200.0
68,2,367,1691,77,43,850.0
68,2,370,718,64,66,400.0
68,1,402,1902,73,64,350.0
68,3,377,1810,72,64,500.0
68,0,363,1701,67,41,300.0
68,-1,373,1784,78,69,350.0
68,2,377,1820,81,65,800.0
68,3,372,1750,78,65,2900.0
68,3,356,1733,54,55,400.0
68,1,357,1702,66,68,900.0
68,4,399,1917,67,71,300.0
68,2,382,1815,80,68,500.0
68,13,371,1665,86,68,400.0
68,2,379,1704,76,48,850.0
68,0,399,1899,67,63,400.0
68,1,410,1822,83,61,300.0
68,1,364,1720,75,63,7800.0
68,2,375,1783,50,59,350.0
68,4,365,1627,77,33,350.0
68,4,405,1901,69,65,500.0
68,0,340,1604,51,69,500.0
68,2,391,1891,63,68,1500.0
68,3,394,1857,73,58,300.0
68,3,352,1630,67,67,400.0
68,4,366,1720,69,48,300.0
68,0,359,1727,65,62,450.0
68,2,357,1678,71,70,450.0
68,4,379,1782,73,67,300.0
68,11,370,1684,70,45,700.0
68,27,374,1773,82,66,700.0
68,3,372,1757,75,59,350.0
68,7,385,907,65,69,550.0
68,0,361,802,69,66,400.0
68,1,369,1782,52,64,10000.0
68,2,367,1806,68,64,500.0
68,0,358,1770,33,61,300.0
68,2,315,1516,53,70,750.0
68,0,382,1895,53,66,300.0
68,19,403,1848,83,69,500.0
68,7,404,1909,79,63,300.0
68,1,391,1832,73,56,300.0
68,1,347,1620,50,50,450.0
68,2,358,1701,79,64,3500.0
68,3,368,1687,83,58,900.0
68,0,362,1723,62,41,300.0
68,3,348,1721,65,64,4500.0
68,1,357,756,70,62,400.0
68,4,385,1812,76,66,300.0
68,0,376,1730,75,46,300.0
68,1,390,1823,68,61,10000.0
68,0,364,1818,66,62,1000.0
68,1,362,1750,51,50,300.0
68,139,361,794,70,67,400.0
68,2,351,1637,62,32,350.0
68,1,394,1876,72,61,800.0
68,-2,397,1877,71,56,450.0
68,2,344,1598,51,34,400.0
68,1,374,1759,69,69,300.0
68,0,377,1733,77,46,350.0
68,1,341,1633,52,35,7000.0
68,1,376,1722,83,66,9900.0
68,1,377,1759,74,43,10000.0
68,1,407,1896,82,61,300.0
68,3,376,1715,65,48,700.0
68,1,350,1698,65,66,7500.0
68,0,350,1635,39,45,4000.0
68,0,364,1716,81,35,500.0
68,2,391,1882,70,70,300.0
68,4,336,1499,73,26,7500.0
68,1,373,810,68,67,650.0
68,2,374,1722,79,66,2700.0
68,29,363,1747,74,66,10000.0
68,1,347,1588,75,68,500.0
68,2,410,1936,74,65,550.0
68,4,362,1718,72,67,400.0
68,1,377,1772,54,56,300.0
68,9,376,851,68,67,600.0
68,0,353,1630,68,30,7500.0
68,2,368,1689,63,43,300.0
68,4,407,1897,85,55,300.0
68,6,367,1793,55,72,2000.0
68,1,388,1807,82,66,9700.0
68,6,344,1622,63,66,700.0
68,0,367,1691,84,67,300.0
68,2,379,1726,86,40,300.0
68,2,335,1583,60,68,450.0
68,3,413,1920,73,64,300.0
68,2,391,1889,70,63,350.0
68,1,333,1507,68,25,450.0
68,3,395,1860,87,66,300.0
68,1,350,1592,65,38,1000.0
68,1,355,1623,69,66,5800.0
68,1,360,1710,68,52,400.0
68,0,384,1826,59,62,350.0
68,1,400,763,70,65,6600.0
68,0,370,1663,87,64,10000.0
68,-1,364,1630,92,49,300.0
68,1,399,1862,68,64,500.0
68,0,358,1614,86,68,300.0
68,0,307,1382,63,25,700.0
68,0,348,1675,54,69,550.0
68,0,337,1548,61,38,6500.0
68,0,343,1586,56,44,750.0
68,4,373,1684,78,60,700.0
68,1,387,1806,68,54,300.0
68,2,382,1783,64,62,500.0
68,2,351,1623,69,36,9900.0
68,10,379,1758,71,46,800.0
68,1,361,719,68,68,300.0
68,9,364,717,67,65,800.0
68,0,345,1581,76,69,10000.0
68,-1,368,1684,65,46,350.0
68,2,376,1791,66,61,350.0
68,0,386,1792,70,53,350.0
68,6,371,1735,86,55,300.0
68,1,366,720,67,67,10000.0
68,0,363,1721,69,67,300.0
68,1,406,1886,72,63,750.0
68,0,358,1620,82,39,10000.0
68,2,365,1724,65,44,6100.0
68,-1,359,1671,64,36,10000.0
68,3,342,1615,76,60,500.0
68,1,364,700,66,65,9900.0
68,-1,357,1660,80,64,400.0
68,-213,386,1792,74,61,300.0
68,3,400,1881,78,64,10000.0
68,2,371,701,67,65,300.0
68,-1,365,1676,62,53,450.0
68,-1,365,1660,77,69,10000.0
68,1,369,1735,60,50,300.0
68,4,342,1575,71,33,2000.0
68,50,387,1799,85,47,300.0
68,3,360,1738,62,46,400.0
68,-2,373,1796,61,66,1500.0
68,0,348,1635,68,39,400.0
68,0,361,1751,67,47,500.0
68,0,370,1723,67,47,2000.0
68,2,367,1696,72,38,300.0
68,2,356,1737,73,61,1100.0
68,0,358,1663,69,65,300.0
68,1,375,1768,77,53,400.0
68,3,345,1533,73,27,300.0
68,1,375,1779,79,72,10000.0
68,0,341,1621,71,68,450.0
68,10,334,1538,66,32,10000.0
68,-2,341,1585,62,31,6600.0
68,14,364,1672,86,61,350.0
68,37,354,1692,76,63,800.0
68,2,391,1759,78,53,300.0
68,0,372,1748,69,58,950.0
68,0,348,1588,65,34,400.0
68,4,357,1668,77,69,300.0
68,54,366,1772,74,57,7400.0
68,0,357,1626,84,63,350.0
68,22,327,1501,64,33,350.0
68,21,402,1873,71,61,1100.0
68,0,342,1591,68,68,1200.0
68,2,378,1747,86,63,4400.0
68,2,406,1900,74,64,400.0
68,6,366,1698,83,66,3000.0
68,2,342,1555,68,34,600.0
68,0,340,1560,64,36,2400.0
68,2,358,1630,69,31,2300.0
68,12,357,1664,74,68,650.0
68,2,368,1731,66,46,300.0
68,1,375,1744,81,61,550.0
68,2,353,1712,65,67,500.0
68,2,376,1832,64,60,1500.0
68,3,384,1893,47,63,300.0
68,2,344,1637,53,32,400.0
68,1,392,1854,78,69,1400.0
68,0,348,1643,78,70,1200.0
68,0,356,1681,72,65,5000.0
68,0,367,1709,75,36,400.0
68,1,372,863,65,71,450.0
68,3,371,1675,61,49,300.0
68,3,360,1692,66,68,700.0
68,0,334,1538,66,32,450.0
68,0,339,1535,73,67,400.0
68,4,389,1774,86,57,400.0
68,0,362,1626,79,39,300.0
68,1,338,1593,61,34,300.0
68,5,368,1696,93,62,300.0
68,0,367,1774,50,67,750.0
68,2,371,1678,76,65,900.0
68,0,402,1900,81,52,300.0
68,0,367,1728,81,52,450.0
68,4,364,1752,71,68,10000.0
68,1,373,1042,67,66,400.0
68,5,353,1669,83,40,600.0
68,-1,398,1924,69,59,600.0
68,3,388,1823,73,58,400.0
68,2,318,1508,45,34,700.0
68,1,374,1722,79,66,300.0
68,0,372,785,69,65,1900.0
68,0,399,1892,72,65,1000.0
68,0,340,1617,67,72,6200.0
68,1,375,1718,71,47,700.0
68,11,393,1808,82,64,400.0
68,0,376,1710,74,52,350.0
68,0,390,1823,68,61,900.0
68,-1,382,1794,64,59,650.0
68,4,362,1708,78,67,800.0
68,1,323,1497,62,28,450.0
68,0,318,1455,50,32,750.0
68,0,368,789,68,66,400.0
68,1,377,1824,72,69,350.0
68,1,386,1788,83,63,300.0
68,2,355,1623,69,66,400.0
68,0,389,1823,68,58,350.0
68,0,352,1624,84,67,300.0
68,1,340,1619,78,59,400.0
68,-1,360,1630,58,40,300.0
68,2,304,1414,33,32,400.0
68,1,367,1790,63,69,3900.0
68,11,355,1659,84,60,300.0
68,1,389,1836,66,61,300.0
68,0,380,1709,84,67,400.0
68,1,380,1795,59,50,500.0
68,1,356,1661,70,45,300.0
68,-2,387,1791,76,61,550.0
68,1,364,700,66,65,550.0
68,2,336,1499,73,26,300.0
68,2,361,1712,80,61,300.0
68,-1,362,1682,82,65,300.0
68,-1,379,1857,69,61,350.0
68,1,408,1936,74,66,300.0
68,1,364,1720,75,63,400.0
68,1,366,1664,78,35,350.0
68,1,374,711,68,66,550.0
68,2,376,1762,81,67,350.0
68,2,388,1761,88,64,300.0
68,0,359,1657,68,36,300.0
68,4,361,1687,63,67,300.0
68,0,384,1837,81,49,950.0
68,0,390,1789,81,49,500.0
68,2,397,1836,76,51,300.0
68,0,397,1846,68,66,400.0
68,6,379,1744,87,63,300.0
68,2,335,1574,52,38,400.0
68,1,365,1747,69,66,3000.0
68,0,329,1527,55,42,350.0
68,0,394,1840,76,55,350.0
68,1,354,1714,70,58,300.0
68,0,360,1622,82,69,300.0
68,0,383,1848,72,65,1000.0
68,1,368,1667,76,36,350.0
68,0,378,1747,86,63,300.0
68,0,372,1836,49,52,350.0
68,1,360,1726,52,48,950.0
68,-1,358,1701,79,64,350.0
68,0,377,1769,85,67,450.0
68,-1,381,1724,78,47,300.0
68,1,360,1744,78,65,500.0
68,2,341,1643,59,68,300.0
68,0,336,1548,62,68,450.0
68,-2,401,1941,64,67,300.0
68,-1,344,1598,79,69,400.0
68,1,377,1811,69,64,300.0
68,0,379,1746,90,66,300.0
68,1,397,1874,73,69,350.0
68,1,359,1699,81,68,400.0
68,-1,352,1685,78,62,4700.0
68,0,352,1702,42,51,350.0
68,3,378,1708,78,36,300.0
68,4,374,1773,82,66,300.0
68,2,401,1880,77,55,400.0
68,2,371,1713,69,55,500.0
68,0,413,1939,79,59,300.0
68,0,343,1723,34,71,500.0
68,1,391,1861,74,60,450.0
68,1,357,1637,84,63,350.0
68,1,403,1871,73,58,400.0
68,2,391,1933,61,66,700.0
68,1,360,1701,55,44,550.0
68,-1,390,1837,86,69,500.0
68,1,411,1935,76,69,300.0
68,0,363,1678,49,50,400.0
68,0,395,1876,70,67,350.0
68,0,387,1842,75,44,650.0
68,0,389,1887,57,65,900.0
68,0,360,1660,69,35,300.0
68,0,366,1689,70,67,600.0
68,-1,398,1870,73,67,300.0
68,-1,370,1758,76,61,350.0
68,1,372,1698,82,45,300.0
68,2,307,1412,42,38,300.0
68,0,316,1456,51,32,550.0
68,3,339,1624,68,32,500.0
68,1,362,1687,68,41,400.0
68,2,357,1700,67,66,300.0
68,1,380,1812,53,59,300.0
68,1,347,1628,59,33,650.0
68,0,367,1635,78,34,350.0
68,0,397,1906,69,66,350.0
68,0,376,1722,83,66,300.0
67,224,371,1813,64,68,300.0
67,2,360,770,63,71,400.0
67,1,384,915,67,68,400.0
67,2,361,780,67,67,500.0
67,2,363,1744,54,47,650.0
67,0,354,1746,50,57,300.0
67,2,359,1710,54,57,3000.0
67,1,324,1561,35,31,350.0
67,17,369,1818,60,66,550.0
67,2,383,1873,50,64,400.0
67,1,328,1547,46,31,300.0
67,6,400,1901,79,59,600.0
67,4,368,876,65,68,350.0
67,4,368,1821,62,69,400.0
67,-2,358,1730,49,51,500.0
67,2,375,898,68,62,300.0
67,0,377,1792,70,65,400.0
67,4,354,758,64,65,300.0
67,1,346,1547,63,38,1000.0
67,0,400,1911,64,67,9900.0
67,7,383,877,67,64,700.0
67,1,374,1784,82,66,300.0
67,0,372,1814,63,46,400.0
67,4,354,1739,52,66,350.0
67,1,388,1859,69,55,300.0
67,0,339,1626,39,48,300.0
67,0,322,1485,50,41,450.0
67,-1,369,904,67,64,500.0
67,1,288,1370,40,24,300.0
67,0,374,1783,67,48,900.0
67,3,376,863,65,64,400.0
67,0,367,725,68,65,8900.0
67,-1,372,1790,69,65,6900.0
67,0,316,1504,48,32,1200.0
67,2,384,1882,52,66,400.0
67,-1,376,1856,52,64,550.0
67,1,376,1777,64,59,350.0
67,0,396,1865,69,57,450.0
67,2,391,1812,76,60,300.0
67,0,370,795,65,69,400.0
67,6,381,1842,55,61,3900.0
67,0,381,1780,71,45,400.0
67,8,330,1584,32,67,300.0
67,1,348,1644,57,36,550.0
67,2,390,1922,61,68,750.0
67,25,398,1879,76,67,350.0
67,1,363,853,68,65,600.0
67,6,352,1683,64,67,300.0
67,2,393,1896,72,57,5000.0
67,3,331,1604,45,70,550.0
67,0,357,1766,44,57,300.0
67,3,397,1978,55,67,300.0
67,0,390,1886,70,53,1800.0
67,2,308,1425,33,39,300.0
67,1,344,1656,60,67,500.0
67,2,380,1813,65,61,5400.0
67,1,399,1902,69,65,300.0
67,0,382,1856,64,49,400.0
67,1,390,1870,68,58,500.0
67,1,384,1845,71,54,500.0
67,3,350,1696,56,44,800.0
67,0,384,1869,66,59,400.0
67,5,384,1840,71,56,2500.0
67,3,353,715,67,65,300.0
67,3,375,806,68,62,300.0
67,25,383,876,67,65,400.0
67,-1,350,1659,59,38,1000.0
67,9,391,1877,65,63,450.0
67,-2,368,1788,44,58,300.0
67,4,378,1849,55,60,500.0
67,3,372,1824,59,47,200.0
67,2,381,1816,66,51,350.0
67,1,363,1702,72,63,350.0
67,0,372,1747,81,67,6500.0
67,4,314,1408,33,37,300.0
67,1,376,1778,65,52,700.0
67,14,380,1816,64,69,2000.0
67,13,384,1838,51,59,10000.0
67,2,384,1811,82,60,400.0
67,4,368,841,68,65,500.0
67,2,370,1668,70,43,300.0
67,2,385,1016,68,62,300.0
67,0,354,1734,52,46,300.0
67,1,329,1563,57,33,1000.0
67,0,375,1823,65,67,500.0
67,1,361,1715,77,34,300.0
67,1,395,1849,74,62,450.0
67,5,365,815,67,64,400.0
67,2,380,915,67,63,800.0
67,-1,387,939,69,67,400.0
67,-4,351,1732,41,67,300.0
67,8,369,1792,73,70,500.0
67,0,381,1819,71,48,400.0
67,13,360,1737,50,55,400.0
67,6,386,1816,70,54,400.0
67,2,380,1815,78,64,600.0
67,2,384,1816,79,64,1100.0
67,2,334,1586,51,35,400.0
67,0,385,1823,81,60,350.0
67,0,375,1782,70,69,300.0
67,2,336,1618,56,68,800.0
67,3,322,1503,48,41,1400.0
67,0,401,1886,75,64,4800.0
67,1,370,1748,54,67,600.0
67,0,360,1705,57,46,500.0
67,-1,372,1736,66,51,300.0
67,0,376,1745,67,67,500.0
67,1,382,1849,54,56,450.0
67,2,370,842,69,65,500.0
67,2,378,1853,57,55,300.0
67,3,318,1483,53,22,4800.0
67,3,361,1665,64,43,650.0
67,3,360,1664,67,38,550.0
67,2,366,1761,54,54,400.0
67,0,341,1585,64,34,400.0
67,1,345,1713,61,61,400.0
67,2,402,1926,69,63,550.0
67,1,373,1774,54,59,600.0
67,3,376,970,67,66,300.0
67,2,370,1746,74,64,400.0
67,1,375,747,72,65,500.0
67,1,353,1728,36,56,10000.0
67,3,324,1519,56,39,500.0
67,1,392,1863,82,59,950.0
67,-1,367,1750,53,56,500.0
67,4,355,1574,77,38,9200.0
67,5,393,1892,60,61,350.0
67,0,365,1662,74,41,300.0
67,4,374,1764,65,49,450.0
67,-2,387,1859,69,60,400.0
67,-1,365,806,68,64,650.0
67,3,356,1657,84,65,400.0
67,2,406,1912,74,61,950.0
67,4,381,1823,68,49,450.0
67,1,383,942,67,68,750.0
67,2,318,1512,44,36,350.0
67,1,380,1847,49,64,2400.0
67,1,326,1536,49,38,400.0
67,0,373,1742,79,62,450.0
67,6,407,1879,91,57,300.0
67,1,385,1799,76,49,1000.0
67,0,400,1929,66,64,1400.0
67,1,328,1713,32,66,400.0
67,0,347,1709,52,54,400.0
67,3,365,798,68,66,400.0
67,4,356,1631,81,65,450.0
67,-1,339,1547,64,33,5900.0
67,8,351,1574,74,33,300.0
67,0,386,1879,60,60,450.0
67,2,308,1492,40,27,350.0
67,1,335,1530,59,32,300.0
67,2,403,1932,72,67,700.0
67,3,378,1858,55,64,400.0
67,0,315,1509,37,35,3000.0
67,0,383,1739,82,49,10000.0
67,1,348,1604,59,67,350.0
67,2,382,1877,52,65,400.0
67,0,383,957,67,65,400.0
67,7,400,1917,81,65,500.0
67,0,355,1697,64,44,500.0
67,0,353,1621,70,55,1400.0
67,1,373,1806,46,62,350.0
67,3,384,1830,76,52,700.0
67,1,374,1750,76,40,600.0
67,2,384,1831,76,52,1000.0
67,2,367,806,67,63,350.0
67,8,358,1750,63,69,350.0
67,2,386,1823,64,63,1000.0
67,-1,373,1772,69,48,300.0
67,4,397,1909,74,67,300.0
67,9,354,1549,68,39,300.0
67,1,355,1686,73,66,650.0
67,-2,363,911,64,67,350.0
67,2,366,1722,90,60,300.0
67,1,372,805,67,64,950.0
67,2,380,837,68,65,300.0
67,6,365,1723,69,64,450.0
67,0,348,1714,37,52,1700.0
67,1,373,1774,48,62,350.0
67,1,393,1920,73,57,700.0
67,7,332,1562,57,34,650.0
67,1,381,1811,79,59,550.0
67,1,373,1793,59,51,350.0
67,2,350,1724,77,70,500.0
67,2,380,1829,65,58,450.0
67,2,376,1800,66,50,3000.0
67,-1,360,1718,81,63,10000.0
67,97,375,1787,75,68,750.0
67,-2,358,1696,51,45,1000.0
67,1,374,1745,56,55,400.0
67,0,394,1875,72,66,300.0
67,1,375,815,70,63,500.0
67,1,359,1672,71,66,9800.0
67,0,315,1488,41,34,500.0
67,10,400,1906,75,58,400.0
67,1,348,1683,54,70,300.0
67,2,336,1691,55,69,600.0
67,2,366,1671,72,37,300.0
67,5,314,1478,41,32,300.0
67,4,389,1816,80,59,450.0
67,8,345,1604,58,65,300.0
67,1,342,1597,59,34,600.0
67,1,373,1749,71,47,2800.0
67,3,324,1431,55,41,300.0
67,1,405,1930,71,61,10000.0
67,6,344,1595,58,67,300.0
67,1,395,1884,68,61,300.0
67,-1,299,1381,48,29,300.0
67,0,376,768,67,67,600.0
67,0,380,835,68,66,700.0
67,1,365,1674,77,34,750.0
67,0,364,828,66,64,350.0
67,7,348,1632,52,45,300.0
67,3,379,1758,76,69,400.0
67,12,369,1575,80,40,350.0
67,-1,328,1568,44,32,600.0
67,2,405,1896,85,57,8400.0
67,1,313,1445,53,27,1500.0
67,1,370,838,66,65,400.0
67,0,392,1816,73,61,7400.0
67,3,384,1857,63,57,4500.0
67,2,367,747,69,61,10000.0
67,2,357,1665,84,63,350.0
67,9,389,1844,80,65,450.0
67,0,367,1763,67,51,300.0
67,8,376,819,68,66,7000.0
67,3,363,1779,71,47,300.0
67,6,358,1673,70,64,350.0
67,-1,379,797,71,65,4400.0
67,7,342,1568,54,39,750.0
67,2,373,912,67,65,500.0
67,-2,386,1853,75,63,700.0
67,4,359,634,68,65,600.0
67,1,387,1865,72,64,400.0
67,2,393,1843,72,58,500.0
67,1,389,1829,80,52,700.0
67,4,375,1752,67,43,700.0
67,-1,340,1644,51,41,9500.0
67,0,376,1790,76,62,1500.0
67,2,393,1900,77,63,600.0
67,5,383,1755,91,62,300.0
67,0,370,1791,51,61,350.0
67,2,358,1743,57,72,300.0
67,1,395,1862,71,56,450.0
67,0,390,1872,62,64,300.0
67,3,345,1687,51,67,400.0
67,-1,355,1664,45,44,400.0
67,5,380,1768,78,52,450.0
67,1,382,1764,80,62,350.0
67,11,361,1627,71,38,1000.0
67,2,375,850,71,65,300.0
67,3,367,1655,69,41,350.0
67,2,379,819,68,63,800.0
67,2,388,1879,69,64,350.0
67,1,340,1647,62,69,450.0
67,1,363,1712,74,66,2900.0
67,1,391,1905,55,71,400.0
67,2,312,1437,46,29,400.0
67,2,343,1592,55,37,7000.0
67,2,361,1671,87,63,300.0
67,0,370,1722,68,50,500.0
67,5,372,1813,74,64,800.0
67,5,392,1888,75,59,3500.0
67,4,369,802,67,64,1500.0
67,-2,383,1771,83,60,400.0
67,0,383,1882,56,61,300.0
67,2,403,1915,67,62,400.0
67,0,384,881,68,67,400.0
67,2,360,1645,70,35,700.0
67,9,377,1696,91,45,350.0
67,1,369,1762,73,66,400.0
67,0,363,1745,77,64,550.0
67,2,401,1918,67,60,1000.0
67,4,370,859,68,65,400.0
67,0,366,1730,80,64,300.0
67,2,374,1732,72,38,300.0
67,10,364,1782,80,65,350.0
67,1,394,1817,84,55,300.0
67,1,394,1791,91,60,400.0
67,0,379,1778,79,47,750.0
67,4,373,1776,69,47,800.0
67,9,370,1768,84,68,300.0
67,8,350,1613,86,64,300.0
67,0,376,1766,58,57,400.0
67,0,370,1776,68,64,3500.0
67,4,345,1677,55,69,300.0
67,4,380,1729,84,64,10000.0
67,-3,394,1852,75,61,450.0
67,1,385,1868,65,58,10000.0
67,5,366,1741,67,70,400.0
67,2,389,1832,76,57,650.0
67,-1,392,1827,87,52,300.0
67,3,363,1674,65,46,350.0
67,4,383,1777,89,35,400.0
67,2,352,1718,68,67,10000.0
67,1,398,1856,73,61,6500.0
67,2,376,1754,83,54,300.0
67,0,329,1532,53,32,10000.0
67,3,374,1754,61,48,450.0
67,1,311,1431,46,28,400.0
67,14,387,997,69,67,1200.0
67,0,389,1840,68,60,300.0
67,1,370,1688,88,56,7500.0
67,4,389,1882,69,63,400.0
67,1,376,1784,75,45,450.0
67,1,397,1925,75,64,500.0
67,0,363,1665,74,43,450.0
67,18,387,1780,69,54,10000.0
67,2,378,1766,76,43,5500.0
67,5,373,1751,91,63,300.0
67,1,340,1617,67,64,1000.0
67,0,386,1782,57,64,550.0
67,0,307,1450,46,37,3500.0
67,1,390,1803,80,58,350.0
67,2,402,1807,77,60,300.0
67,3,350,1665,76,63,300.0
67,3,369,1734,77,41,500.0
67,8,372,1760,91,67,350.0
67,2,386,1826,71,54,500.0
67,4,357,1632,75,38,1700.0
67,1,334,1507,73,26,450.0
67,3,394,1855,76,58,300.0
67,4,382,1739,85,65,300.0
67,0,346,1580,70,29,2000.0
67,1,362,1706,60,43,400.0
67,1,381,1823,64,58,350.0
67,3,347,1599,73,64,500.0
67,25,385,1829,67,63,700.0
67,5,354,1601,81,25,300.0
67,1,378,1782,78,69,500.0
67,0,398,1815,83,56,350.0
67,14,359,1718,69,62,500.0
67,1,402,1839,78,59,300.0
67,2,343,1648,77,64,1500.0
67,1,383,1853,52,62,550.0
67,1,362,751,69,64,1800.0
67,4,374,1812,66,64,400.0
67,0,368,1754,57,54,700.0
67,5,390,1835,68,61,7700.0
67,3,318,1470,56,28,650.0
67,0,376,1788,70,49,300.0
67,-2,357,1667,85,66,300.0
67,1,367,1766,52,51,400.0
67,3,354,1612,72,37,450.0
67,2,395,1861,78,65,500.0
67,1,342,1600,67,66,500.0
67,1,391,1876,79,62,500.0
67,23,357,1639,76,65,300.0
67,2,394,1855,73,59,3400.0
67,2,380,1743,77,52,9500.0
67,0,366,1695,77,36,600.0
67,2,400,1889,67,67,350.0
67,1,363,1702,52,50,10000.0
67,0,321,1484,66,24,600.0
67,0,395,1859,84,63,700.0
67,1,360,1662,87,63,350.0
67,2,380,1850,68,63,1500.0
67,0,340,1545,68,36,450.0
67,0,367,812,69,64,1000.0
67,1,370,1707,82,59,700.0
67,2,372,1718,75,43,1200.0
67,4,348,1660,63,66,300.0
67,-1,359,631,67,66,400.0
67,1,382,1840,72,61,400.0
67,2,359,1756,52,51,400.0
67,1,345,1608,81,61,400.0
67,-1,357,1688,60,48,600.0
67,6,379,1765,82,63,1300.0
67,2,373,1692,77,40,300.0
67,4,357,1611,81,66,400.0
67,1,320,1457,67,25,6600.0
67,3,376,1723,80,46,300.0
67,0,360,1737,48,47,300.0
67,1,392,1813,86,52,300.0
67,1,366,1658,73,38,750.0
67,2,337,1533,54,37,350.0
67,0,363,718,67,64,550.0
67,1,377,1771,81,43,300.0
67,0,394,1844,70,65,800.0
67,2,354,722,66,65,300.0
67,6,344,1636,75,63,2400.0
67,2,373,1737,80,66,10000.0
67,4,369,1726,64,51,1700.0
67,1,367,1764,68,44,7000.0
67,3,336,1586,61,41,450.0
67,1,344,1627,72,63,4100.0
67,0,382,1796,78,62,300.0
67,5,350,1628,77,66,400.0
67,0,394,1845,65,64,550.0
67,4,342,1551,66,63,300.0
67,2,396,1833,75,55,10000.0
67,1,347,1625,58,34,350.0
67,1,367,1708,57,52,350.0
67,3,389,1805,82,54,300.0
67,13,352,1617,82,58,3300.0
67,3,382,1832,57,58,8800.0
67,5,353,1654,67,68,400.0
67,7,354,1706,79,63,1100.0
67,0,375,1723,72,41,500.0
67,1013,351,1633,84,57,700.0
67,2,365,1686,76,42,800.0
67,3,385,730,69,66,3300.0
67,-1,362,1690,63,43,700.0
67,9,383,1774,83,63,300.0
67,15,376,1840,65,62,500.0
67,5,334,1540,52,40,300.0
67,1,394,1892,76,62,250.0
67,3,331,1521,55,29,500.0
67,5,374,1674,86,62,300.0
67,0,365,1691,61,43,300.0
67,94,372,872,67,66,800.0
67,3,401,1891,75,59,500.0
67,2,398,1859,77,58,300.0
67,2,354,1592,82,54,400.0
67,0,342,1564,43,57,350.0
67,5,396,1896,72,67,300.0
67,2,362,1619,89,32,300.0
67,1,396,1795,81,57,350.0
67,2,347,1627,73,66,400.0
67,2,310,1457,55,27,400.0
67,2,385,1790,76,53,800.0
67,4,302,1409,46,30,550.0
67,3,396,1882,69,61,400.0
67,5,354,613,73,57,300.0
67,0,343,1629,66,68,300.0
67,4,404,1921,71,63,7000.0
67,8,364,1684,69,39,9700.0
67,2,385,1793,71,61,400.0
67,3,381,873,66,67,500.0
67,2,394,1809,84,61,500.0
67,10,376,1710,73,64,500.0
67,1,367,1705,73,41,300.0
67,7,369,1701,90,63,300.0
67,0,355,1647,70,30,300.0
67,1,393,1765,80,57,350.0
67,1,378,1732,81,42,450.0
67,3,333,1498,52,36,300.0
67,0,352,1642,75,35,400.0
67,0,340,1540,66,31,350.0
67,1,392,1893,67,59,300.0
67,1,366,1774,53,51,400.0
67,0,290,1407,40,31,5400.0
67,5,354,1657,79,66,350.0
67,7,349,1640,79,61,350.0
67,0,378,1768,75,45,400.0
67,2,350,1622,72,66,450.0
67,8,358,1683,73,63,800.0
67,1,335,1503,67,30,300.0
67,-5,329,1560,55,33,300.0
67,6,327,1473,61,33,600.0
67,-1,371,1744,66,39,300.0
67,5,393,1854,64,59,300.0
67,2,385,1865,59,61,1000.0
67,1,366,1688,71,45,350.0
67,9,351,669,68,66,500.0
67,2,338,1583,60,38,700.0
67,1,361,1722,60,49,300.0
67,2,352,1610,82,62,900.0
67,3,357,1688,75,63,600.0
67,6,377,1781,90,61,350.0
67,2,371,1719,75,47,400.0
67,1,380,1774,85,55,10000.0
67,0,324,1531,51,25,350.0
67,3,353,1618,76,33,550.0
67,5,387,1805,80,61,850.0
67,-5,329,1527,67,31,1000.0
67,14,327,1464,61,29,8000.0
67,4,371,1715,86,63,300.0
67,2,391,1824,81,59,350.0
67,1,390,1818,74,59,300.0
67,7,356,1672,80,68,350.0
67,1,354,1611,62,37,550.0
67,0,343,1669,56,42,300.0
67,2,381,1715,74,47,2000.0
67,1,333,1508,54,37,400.0
67,2,371,1693,80,45,350.0
67,13,389,1793,71,57,300.0
67,1,373,1776,75,55,700.0
67,-1,393,1887,69,57,700.0
67,1,355,1708,66,68,500.0
67,5,355,1753,70,65,500.0
67,2,347,1585,77,31,400.0
67,1,353,1598,72,38,5400.0
67,0,376,1739,79,41,400.0
67,7,363,650,67,65,350.0
67,9,349,1529,84,25,5900.0
67,3,392,1845,70,54,650.0
67,0,366,1680,80,36,350.0
67,3,354,1639,72,37,1200.0
67,0,358,704,64,66,300.0
67,1,381,1822,67,59,1500.0
67,6,362,1660,70,42,450.0
67,17,388,1800,80,57,4900.0
67,1,397,1868,70,59,350.0
67,5,363,1624,75,40,300.0
67,1,375,745,69,65,350.0
67,0,391,1844,76,58,300.0
67,4,381,1749,80,44,300.0
67,2,389,1857,63,58,400.0
67,0,382,1780,69,62,400.0
67,1,366,649,69,69,300.0
67,3,374,1721,65,48,300.0
67,1,349,1564,67,64,9000.0
67,2,367,1708,84,62,500.0
67,-1,372,1718,61,49,300.0
67,4,355,693,64,66,700.0
67,3,393,1856,70,59,6400.0
67,1,349,1579,86,57,950.0
67,-1,370,1772,65,47,700.0
67,3,364,1684,82,64,500.0
67,1,377,1821,61,63,300.0
67,12,357,1692,76,69,300.0
67,2,370,1665,70,43,950.0
67,8,393,1835,76,59,350.0
67,1,331,1556,69,61,1100.0
67,3,381,1777,76,55,1400.0
67,3,374,1750,64,63,850.0
67,3,349,1587,81,56,1200.0
67,2,342,1543,69,33,350.0
67,9,355,1564,77,63,300.0
67,6,341,1584,77,66,1000.0
67,5,356,635,68,66,6000.0
67,1,327,1516,65,33,650.0
67,-1,364,1751,69,60,300.0
67,0,311,1414,51,29,950.0
67,1,355,1669,68,35,4500.0
67,4,339,1586,41,45,300.0
67,1,356,1591,76,30,450.0
67,3,385,1808,65,52,5900.0
67,1,349,639,69,64,450.0
67,6,398,1909,74,61,700.0
67,1,365,675,65,68,400.0
67,17,376,1682,93,31,4300.0
67,3,362,1686,70,38,300.0
67,3,383,1763,80,44,2500.0
67,2,340,1554,60,35,450.0
67,7,386,1725,88,62,300.0
67,3,333,1552,65,32,500.0
67,74,343,1579,77,65,9900.0
67,-1,386,1817,72,54,350.0
67,1,372,1758,58,55,9000.0
67,1,371,1727,61,51,350.0
67,1,363,753,68,61,1900.0
67,5,371,804,65,67,300.0
67,0,383,954,67,66,700.0
67,1,333,1523,66,32,400.0
67,0,337,1619,54,44,300.0
67,-1,378,1765,67,49,300.0
67,5,397,1904,68,64,400.0
67,0,359,1692,86,56,3000.0
67,-1,370,1817,73,66,700.0
67,7,372,1725,77,41,400.0
67,1,316,1391,55,30,350.0
67,-1,362,1752,68,45,450.0
67,0,351,661,69,64,350.0
67,7,357,1624,80,55,1800.0
67,6,313,1520,51,30,450.0
67,-1,392,1867,65,61,9900.0
67,10,367,1680,90,46,300.0
67,2,364,1646,85,65,300.0
67,3,366,710,68,66,6400.0
67,2,397,1865,79,62,350.0
67,1,399,1917,69,63,400.0
67,3,367,1665,84,58,300.0
67,2,367,1738,80,61,550.0
67,0,352,735,68,64,350.0
67,1,392,1830,71,61,800.0
67,-2,365,1692,73,65,500.0
67,1,353,1634,63,42,450.0
67,3,364,636,67,64,400.0
67,0,343,1606,68,36,400.0
67,3,372,1733,90,59,300.0
67,-1,332,1534,63,29,500.0
67,4,355,1772,70,54,350.0
67,1,340,1581,61,42,1000.0
67,3,401,1784,82,55,300.0
67,2,388,1746,73,53,600.0
67,0,389,1814,67,54,1000.0
67,2,394,1811,70,62,9900.0
67,33,377,1729,83,61,900.0
67,2,320,1525,47,38,700.0
67,14,372,712,68,66,950.0
67,4,380,1761,78,66,600.0
67,6,373,1749,80,47,700.0
67,-1,355,1633,84,57,400.0
67,1,346,1614,74,68,800.0
67,-1,344,700,67,64,600.0
67,7,356,1602,72,55,300.0
67,10,358,1737,65,60,10000.0
67,2,364,1778,64,56,500.0
67,0,327,1489,65,28,450.0
67,0,353,1622,67,41,600.0
67,1,371,1700,84,63,550.0
67,0,364,1702,76,57,500.0
67,5,364,1708,76,61,600.0
67,0,350,1569,55,42,300.0
67,1,309,1422,63,28,350.0
67,2,351,1631,83,67,3000.0
67,0,353,1606,72,61,9800.0
67,3,349,1624,73,28,8500.0
67,30,386,1845,71,64,550.0
67,0,363,1685,64,44,2000.0
67,15,367,1652,79,39,400.0
67,5,374,1681,85,40,900.0
67,1,350,1678,78,50,300.0
67,0,375,1799,71,67,9500.0
67,2,356,1647,76,66,5000.0
67,2,389,1883,66,64,10000.0
67,0,399,1877,80,61,10000.0
67,6,319,1461,52,27,10000.0
67,1,378,1801,63,60,10000.0
67,18,385,1836,73,63,4000.0
67,2,356,1665,74,66,400.0
67,1,367,1729,72,45,700.0
67,2,336,1548,78,65,550.0
67,0,384,1813,68,66,7400.0
67,-1,353,1599,72,64,750.0
67,21,373,1723,86,62,350.0
67,1,393,1860,64,63,300.0
67,1,355,1721,58,66,700.0
67,1,362,1650,73,39,350.0
67,0,344,1622,73,55,600.0
67,0,318,1490,59,36,3000.0
67,2,330,1590,41,37,400.0
67,5,381,1793,69,52,300.0
67,0,325,1501,60,26,300.0
67,1,333,1516,69,66,500.0
67,0,347,1612,82,67,300.0
67,3,384,1775,75,54,400.0
67,2,367,1685,83,40,300.0
67,2,353,1644,84,58,900.0
67,2,378,1719,84,51,300.0
67,1,369,1712,76,57,300.0
67,6,320,1471,44,32,550.0
67,1,369,1677,66,51,10000.0
67,0,365,1716,67,48,300.0
67,0,365,1697,59,51,300.0
67,2,360,1694,77,58,550.0
67,-1,373,1784,61,58,1500.0
67,1,376,1746,83,63,550.0
67,3,362,1662,74,34,300.0
67,13,334,1590,63,66,500.0
67,5,369,1713,66,46,350.0
67,9,402,1904,77,63,300.0
67,7,324,1480,63,30,650.0
67,167,343,1566,90,57,450.0
67,0,385,1804,67,55,800.0
67,13,396,1846,80,57,700.0
67,7,374,1736,70,65,450.0
67,42,375,1741,76,65,350.0
67,4,359,684,68,66,350.0
67,0,377,787,65,63,800.0
67,0,365,1660,75,62,300.0
67,-1,396,1844,72,56,450.0
67,6,378,1749,71,46,10000.0
67,2,374,1753,66,55,2200.0
67,2,337,1508,65,32,600.0
67,2,334,1527,57,32,300.0
67,8,361,1678,83,64,350.0
67,1,392,1784,66,61,600.0
67,1,368,1730,71,61,4800.0
67,3,331,1534,61,33,300.0
67,7,331,1497,79,61,700.0
67,123,342,1534,67,30,10000.0
67,9,377,735,65,69,1400.0
67,2,384,1765,61,57,2100.0
67,5,364,1687,81,61,350.0
67,-1,373,1722,59,56,300.0
67,-2,354,1575,71,65,550.0
67,3,367,1697,81,37,350.0
67,8,333,1592,58,69,500.0
67,9,370,1720,71,64,800.0
67,1,349,1625,69,69,8000.0
67,11,352,1587,90,61,300.0
67,5,373,1805,58,59,10000.0
67,0,391,1791,80,56,500.0
67,15,403,1895,74,65,450.0
67,2,331,1472,75,32,350.0
67,58,383,1824,73,59,600.0
67,13,388,1821,75,57,300.0
67,5,376,1767,55,61,300.0
67,0,397,1876,67,64,350.0
67,17,383,1824,73,60,300.0
67,0,367,1713,66,55,10000.0
67,1,369,1690,69,45,400.0
67,5,359,1622,78,36,300.0
67,6,372,1690,75,49,300.0
67,0,371,1695,78,35,700.0
67,0,342,1569,59,39,500.0
67,1,341,1568,61,32,400.0
67,6,352,1637,76,69,650.0
67,0,332,1527,60,31,300.0
67,9,351,1661,78,64,350.0
67,0,312,1461,48,33,1500.0
67,6,319,1484,57,35,2900.0
67,0,341,1533,72,28,350.0
67,4,386,1830,63,59,400.0
67,1,352,1682,76,61,10000.0
67,3,390,1825,68,58,450.0
67,0,316,1442,53,31,450.0
67,1,375,1744,57,56,400.0
67,4,391,1796,74,60,400.0
67,6,357,1702,73,67,700.0
67,-5,354,1636,72,66,4300.0
67,5,374,1695,88,57,300.0
67,-3,322,1470,57,29,600.0
67,10,359,1691,62,40,800.0
67,0,361,1760,56,54,500.0
67,1,368,1718,81,62,400.0
67,1,309,1451,43,33,300.0
67,2,378,1746,87,55,300.0
67,1,355,1656,59,47,500.0
67,-1,331,1580,64,63,1100.0
67,13,344,1559,66,32,550.0
67,0,354,1656,63,65,400.0
67,2,396,1920,70,62,350.0
67,2,335,1541,54,65,750.0
67,1,367,1668,77,66,450.0
67,-1,371,1687,82,68,400.0
67,1,377,1762,58,58,500.0
67,2,381,1752,60,58,300.0
67,0,382,1800,67,61,500.0
67,138,368,1672,83,67,400.0
67,2,361,1698,62,53,300.0
67,2,359,1750,33,66,350.0
67,0,377,843,70,62,1000.0
67,1,355,1745,46,48,400.0
67,0,367,850,65,66,700.0
67,2,368,992,65,70,700.0
67,4,380,794,72,58,300.0
67,2,378,873,65,66,900.0
67,5,361,1755,54,51,300.0
67,2,363,1687,71,67,6900.0
67,4,343,1691,70,65,350.0
67,2,398,1906,72,55,300.0
67,2,340,1641,32,53,400.0
67,4,350,1677,55,66,300.0
67,2,370,1730,64,48,600.0
67,-1,374,1797,68,47,400.0
67,6,349,1611,80,59,800.0
67,34,377,906,63,68,550.0
67,9,395,1784,88,63,350.0
67,0,374,1719,83,65,5300.0
67,8,299,1408,33,35,2400.0
67,0,387,1877,64,62,700.0
67,1,357,1638,91,57,300.0
67,0,375,1839,59,60,400.0
67,0,384,1789,68,52,500.0
67,0,383,1801,82,67,10000.0
67,1,318,1570,33,71,450.0
67,9,380,1829,86,69,300.0
67,0,369,1737,71,42,1100.0
67,1,374,1807,61,62,400.0
67,1,384,936,68,63,500.0
67,1,375,1799,72,42,400.0
67,5,356,1699,85,64,10000.0
67,1,384,1850,66,61,450.0
67,1,299,1417,42,24,700.0
67,16,341,1654,68,66,2500.0
67,0,390,1880,65,64,950.0
67,0,365,1756,51,51,650.0
67,0,364,1736,46,54,350.0
67,-1,376,1759,61,54,450.0
67,0,353,1642,52,48,9900.0
67,5,382,1752,67,53,7500.0
67,1,350,1685,75,65,800.0
67,3,374,851,66,66,9900.0
67,1,351,1598,76,30,1000.0
67,1,366,1751,73,66,350.0
67,2,363,1643,88,51,300.0
67,1,376,1766,68,47,1100.0
67,-1,377,1729,73,47,400.0
67,1,376,959,68,64,400.0
67,2,359,1623,69,42,450.0
67,1,335,1510,66,34,500.0
67,1,374,1776,63,46,1900.0
67,0,347,1649,79,62,600.0
67,0,370,1705,77,64,450.0
67,2,387,1823,75,62,700.0
67,5,401,1855,79,66,700.0
67,5,374,858,66,68,400.0
67,-1,361,1601,74,44,300.0
67,2,375,1792,57,64,400.0
67,1,300,1446,35,33,3500.0
67,1,376,1823,69,69,550.0
67,2,381,1791,65,49,350.0
67,2,365,1660,69,44,1200.0
67,4,360,1745,75,59,700.0
67,1,369,780,72,64,350.0
67,2,352,1631,69,67,9000.0
67,2,363,1661,71,41,1100.0
67,1,368,1743,75,66,300.0
67,0,360,1694,71,40,1500.0
67,0,383,1801,67,60,9800.0
67,2,364,669,70,70,300.0
67,0,291,1437,44,33,400.0
67,0,362,1691,71,62,9700.0
67,1,403,1881,75,58,500.0
67,0,359,1664,77,67,700.0
67,2,410,1908,74,66,600.0
67,2,379,1799,71,54,500.0
67,9,352,1678,74,68,6400.0
67,0,333,1621,45,69,300.0
67,1,385,1772,80,52,7000.0
67,31,350,1659,78,68,1500.0
67,0,357,1641,71,33,500.0
67,1,345,1588,69,33,1000.0
67,5,317,1485,54,33,1000.0
67,2,372,1746,75,62,300.0
67,1,410,1952,71,65,500.0
67,1,369,1723,79,45,350.0
67,1,353,1644,76,62,450.0
67,1,343,1609,67,36,10000.0
67,4,321,1491,59,30,400.0
67,2,344,1595,69,35,700.0
67,2,394,1847,79,60,500.0
67,-1,397,1906,72,56,600.0
67,1,355,677,67,65,1400.0
67,0,360,1684,83,65,400.0
67,0,395,1880,66,63,900.0
67,2,357,1637,67,41,500.0
67,2,365,1740,64,56,450.0
67,2,337,1564,44,44,400.0
67,1,370,1709,72,47,300.0
67,1,396,1854,78,58,300.0
67,-2,365,1686,53,59,400.0
67,1,371,1683,65,47,300.0
67,0,392,1788,69,63,500.0
67,0,361,1689,71,40,500.0
67,1,318,1486,56,32,450.0
67,1,379,1781,69,56,450.0
67,14,384,1764,84,67,300.0
67,2,363,1645,75,37,400.0
67,1,360,1731,75,64,800.0
67,1,397,1878,73,57,450.0
67,0,371,1740,74,45,450.0
67,1,379,1786,68,57,1300.0
67,0,357,1652,65,39,400.0
67,1,364,1730,61,44,4000.0
67,3,398,1789,91,56,6000.0
67,1,375,1862,53,63,300.0
67,12,383,720,66,67,900.0
67,0,377,1793,69,62,8400.0
67,2,358,1746,77,66,3900.0
67,19,356,1594,80,32,350.0
67,10,384,1724,86,50,300.0
67,3,360,665,72,64,300.0
67,1,360,1687,53,47,5000.0
67,0,365,1775,70,64,400.0
67,32,345,1645,75,54,3800.0
67,2,368,1737,77,61,700.0
67,14,380,1758,76,62,450.0
67,0,346,1608,80,64,8000.0
67,2,352,1611,78,38,9500.0
67,0,378,1824,69,62,300.0
67,0,356,1637,61,44,450.0
67,1,354,677,65,66,850.0
67,0,343,1593,69,67,500.0
67,3,373,1686,81,48,2000.0
67,1,327,1547,60,36,1800.0
67,-1,294,1403,46,31,300.0
67,2,381,1824,62,61,750.0
67,3,388,1763,64,61,400.0
67,1,365,1694,68,65,350.0
67,1,349,1648,71,65,450.0
67,1,391,1857,75,63,1000.0
67,0,386,1818,71,54,450.0
67,1,347,1651,69,66,8700.0
67,3,380,1782,75,56,300.0
67,0,348,1608,78,70,3600.0
67,0,369,1680,74,38,300.0
67,5,355,1615,81,59,350.0
67,1,382,1842,74,62,650.0
67,3,385,1765,84,62,6000.0
67,-1,369,1732,75,49,10000.0
67,16,336,1563,72,63,650.0
67,159,346,1597,82,58,300.0
67,3,326,1476,69,29,1000.0
67,6,383,1856,70,69,300.0
67,3,345,1560,83,53,4000.0
67,2,359,1709,75,68,3500.0
67,4,358,1653,80,40,550.0
67,16,372,1775,82,68,350.0
67,1,361,1676,59,43,300.0
67,20,335,1579,60,72,350.0
67,1,325,1484,57,32,350.0
67,4,351,713,67,65,650.0
67,4,330,1495,63,30,1800.0
67,2,337,1592,69,58,400.0
67,0,351,1628,77,66,800.0
67,0,360,1718,72,69,300.0
67,1,383,1830,73,57,9300.0
67,-1,378,1835,65,67,500.0
67,6,373,668,70,69,800.0
67,1,351,1608,69,37,600.0
67,1,348,1587,85,57,600.0
67,4,355,1631,67,37,350.0
67,1,343,1615,62,68,400.0
67,10,348,1520,79,33,300.0
67,1,345,1587,79,62,9900.0
67,4,333,1519,83,58,300.0
67,3,358,1670,76,60,550.0
67,3,385,1792,69,56,500.0
67,7,359,1687,69,67,3500.0
67,3,394,1811,70,62,1500.0
67,0,393,1856,70,59,550.0
67,3,368,1731,70,60,300.0
67,1,392,1816,73,61,350.0
67,0,359,1692,86,56,300.0
67,1,381,1770,72,50,900.0
67,9,342,1534,67,30,300.0
67,1,384,1857,63,57,300.0
67,0,361,1718,68,66,1100.0
67,7,376,1682,93,31,300.0
67,1,347,1580,67,36,300.0
67,1,405,1928,73,57,3300.0
67,1,379,1716,84,60,500.0
67,1,375,1752,75,62,500.0
67,1,291,1363,46,25,300.0
67,1,380,1847,49,64,1000.0
67,0,307,1442,44,31,400.0
67,0,354,1636,72,66,350.0
67,0,339,1593,55,40,400.0
67,1,377,1793,69,62,300.0
67,0,371,1725,78,45,1000.0
67,0,300,1446,35,33,300.0
67,0,384,1840,67,54,1400.0
67,1,405,1930,71,61,300.0
67,0,367,1739,66,66,5200.0
67,1,369,1803,65,68,300.0
67,-1,336,1562,66,35,300.0
67,1,349,1625,69,69,900.0
67,0,333,1533,55,67,600.0
67,3,391,1898,64,62,400.0
67,2,401,1855,79,66,300.0
67,9,363,1712,74,66,350.0
67,0,321,1536,32,39,700.0
67,0,373,1686,81,48,700.0
67,-9,319,1484,57,35,450.0
67,3,374,1731,87,65,300.0
67,2,381,793,72,64,300.0
67,1,373,1779,56,59,1000.0
67,0,356,1660,70,41,300.0
67,0,383,1739,82,49,350.0
67,3,334,1523,54,35,400.0
67,0,337,1573,71,67,300.0
67,34,387,1780,69,54,400.0
67,1,382,1792,67,55,500.0
67,1,376,819,68,66,700.0
67,1,370,818,69,66,300.0
67,0,358,655,66,67,500.0
67,1,349,1564,67,64,350.0
67,0,353,1598,72,38,350.0
67,1,343,1646,61,71,1500.0
67,2,380,1826,76,58,350.0
67,2,358,1655,83,65,300.0
67,2,330,1527,70,66,750.0
67,0,356,635,68,66,350.0
67,0,316,1382,53,26,500.0
67,0,397,1857,69,58,750.0
67,2,370,1688,88,56,400.0
67,0,367,1758,75,62,300.0
67,5,345,1559,84,58,300.0
67,3,369,1628,89,67,500.0
67,19,327,1464,61,29,400.0
67,5,349,1529,84,25,300.0
67,0,378,841,68,63,900.0
67,0,373,1779,70,58,450.0
67,1,388,1856,71,70,400.0
67,1,374,1753,66,55,5000.0
67,9,362,1700,72,38,400.0
67,2,390,1831,72,63,750.0
67,-1,329,1532,53,32,300.0
67,-1,290,1407,40,31,650.0
67,1,396,1833,75,55,1000.0
67,2,329,1494,51,35,300.0
67,3,364,1725,78,51,300.0
67,0,377,1814,72,65,700.0
67,2,383,1830,73,57,400.0
67,0,343,1609,67,36,450.0
67,0,313,1445,53,27,350.0
67,0,376,1853,54,66,350.0
67,0,357,1690,65,43,350.0
67,0,363,1666,75,36,300.0
67,0,322,1487,62,31,400.0
67,0,318,1483,53,22,400.0
67,0,352,1718,68,67,500.0
67,3,345,1587,79,62,350.0
67,0,386,1808,70,61,600.0
67,0,340,1644,51,41,400.0
67,-1,355,828,65,63,550.0
67,0,353,1659,74,35,350.0
67,0,352,1646,67,32,450.0
67,0,373,1792,73,68,400.0
67,-1,349,1579,86,57,350.0
67,0,356,1785,73,64,700.0
67,0,379,797,71,65,600.0
67,0,355,1574,77,38,350.0
67,2,378,1766,76,43,550.0
67,0,353,1728,36,56,300.0
67,1,383,1763,80,44,350.0
67,0,362,1730,73,59,300.0
67,0,367,1764,68,44,500.0
67,1,394,1819,75,60,500.0
67,0,400,1911,64,67,350.0
67,0,384,1840,67,54,350.0
67,0,380,1774,85,55,550.0
67,0,385,1772,80,52,500.0
67,0,364,1670,85,33,650.0
67,0,359,1709,75,68,650.0
67,0,401,1886,75,64,650.0
67,0,334,1555,68,28,300.0
67,1,367,1713,66,55,300.0
67,0,352,1682,76,61,400.0
67,-2,363,1702,52,50,300.0
67,-1,378,1749,71,46,2000.0
67,1,372,1733,67,65,300.0
67,0,381,1715,74,47,500.0
66,8,353,763,64,65,550.0
66,0,365,861,62,67,300.0
66,4,336,1688,32,38,600.0
66,4,386,1921,53,64,300.0
66,0,287,1383,33,34,450.0
66,3,290,1372,31,35,1100.0
66,3,383,1853,65,65,10000.0
66,1,361,691,68,64,600.0
66,5,368,1824,50,59,1500.0
66,2,358,857,64,63,400.0
66,1,338,1681,59,67,300.0
66,0,366,1810,51,54,9500.0
66,1,314,1479,46,40,10000.0
66,1,300,1462,43,34,6900.0
66,2,389,1889,63,59,400.0
66,4,371,840,63,65,400.0
66,1,363,1836,37,65,5000.0
66,3,284,1374,33,26,10000.0
66,3,402,1927,65,63,500.0
66,0,401,1959,60,66,300.0
66,0,365,1742,73,61,800.0
66,1,383,1857,63,65,400.0
66,2,353,1644,67,39,8400.0
66,7,365,848,70,60,400.0
66,1,345,1686,61,67,1100.0
66,4,380,1835,65,57,350.0
66,1,376,1758,72,50,550.0
66,2,391,1859,67,60,400.0
66,2,399,1912,76,59,1000.0
66,3,339,1644,47,67,800.0
66,-1,375,1781,69,50,450.0
66,-1,355,1750,31,62,1000.0
66,-3,355,1737,51,67,400.0
66,0,372,1742,56,65,300.0
66,0,355,1578,70,40,1500.0
66,0,341,1670,59,66,1200.0
66,0,365,1755,75,45,600.0
66,0,369,1726,69,54,400.0
66,1,363,1752,67,62,450.0
66,0,359,1773,55,68,700.0
66,1,322,1505,53,29,450.0
66,1,354,1736,51,45,500.0
66,2,344,1690,61,59,400.0
66,3,379,1859,53,60,800.0
66,1,375,1730,68,54,650.0
66,2,378,1824,63,63,350.0
66,4,368,1792,46,51,300.0
66,1,336,1665,58,67,400.0
66,3,393,1836,66,68,300.0
66,1,381,1846,62,58,900.0
66,1,361,1706,69,41,850.0
66,1,370,1815,67,63,4000.0
66,2,389,1855,71,61,500.0
66,2,367,1753,63,48,400.0
66,0,328,1518,43,34,750.0
66,-1,374,959,66,64,300.0
66,-2,339,1608,55,65,500.0
66,1,384,1861,67,58,500.0
66,3,374,1757,75,46,500.0
66,1,343,1596,53,66,300.0
66,3,377,1799,64,51,300.0
66,5,402,1875,77,58,300.0
66,0,376,1812,60,51,400.0
66,6,360,1747,50,58,300.0
66,2,335,1525,68,26,350.0
66,1,355,1716,51,50,650.0
66,5,386,1833,67,60,450.0
66,0,381,1819,70,66,300.0
66,2,312,1446,51,23,850.0
66,2,343,1591,59,46,2600.0
66,1,375,775,65,64,600.0
66,1,392,1899,59,64,550.0
66,1,318,1557,32,38,300.0
66,3,372,1763,73,64,300.0
66,0,370,805,66,65,400.0
66,0,377,1790,68,52,300.0
66,1,297,1375,34,38,300.0
66,3,331,1566,57,29,950.0
66,1,360,1732,69,65,500.0
66,-1,378,876,67,62,400.0
66,2,346,1592,65,37,300.0
66,-1,364,1750,65,63,850.0
66,11,395,1792,85,50,300.0
66,2,369,815,66,65,350.0
66,2,352,1699,53,67,300.0
66,3,315,1473,50,29,550.0
66,1,388,1866,75,61,450.0
66,4,368,1715,67,45,8000.0
66,2,349,1686,54,66,2400.0
66,2,393,1878,70,57,300.0
66,1,375,880,67,64,500.0
66,2,375,1754,69,49,550.0
66,-3,365,819,67,67,350.0
66,0,384,1805,68,65,550.0
66,0,385,1868,66,60,300.0
66,-3,394,1885,67,67,450.0
66,2,365,1754,82,59,10000.0
66,0,369,1745,73,49,2000.0
66,0,389,1880,66,62,400.0
66,2,368,1744,82,66,300.0
66,-2,353,758,67,62,350.0
66,0,373,1747,76,59,950.0
66,1,394,1860,62,59,300.0
66,1,324,1490,47,29,300.0
66,3,369,1693,82,60,300.0
66,0,397,1901,66,62,400.0
66,1,379,1808,68,57,1800.0
66,3,389,1773,83,50,300.0
66,0,365,1717,58,50,1300.0
66,1,385,1846,73,55,400.0
66,1,366,1800,53,47,300.0
66,12,364,1718,82,61,500.0
66,0,380,1793,69,62,700.0
66,2,374,824,67,65,300.0
66,2,404,1900,74,59,900.0
66,1,346,1684,47,45,600.0
66,1,389,1843,65,63,2500.0
66,0,371,1741,77,58,6000.0
66,0,337,1568,61,64,2900.0
66,2,360,1688,47,52,400.0
66,1,331,1632,40,43,550.0
66,0,382,1848,75,59,300.0
66,-5,383,917,66,63,9900.0
66,2,373,1794,83,64,300.0
66,3,327,1517,49,31,400.0
66,1,359,1666,78,66,750.0
66,0,372,799,69,64,400.0
66,3,370,888,64,64,500.0
66,2,367,846,67,61,1100.0
66,0,374,862,65,64,7000.0
66,1,279,1315,44,23,500.0
66,0,370,1734,73,44,500.0
66,1,355,1692,75,59,600.0
66,2,365,1706,80,66,350.0
66,1,329,1489,61,38,500.0
66,11,369,1657,82,36,300.0
66,2,365,799,67,60,350.0
66,2,383,1829,72,59,600.0
66,3,360,1696,66,38,450.0
66,1,371,1757,81,60,1900.0
66,2,358,1720,48,50,350.0
66,1,373,1794,74,51,300.0
66,2,361,815,68,58,7900.0
66,0,370,1730,72,41,400.0
66,0,362,1727,68,61,400.0
66,6,371,1716,71,65,300.0
66,2,391,1833,87,54,300.0
66,-1,379,1777,69,53,400.0
66,1,369,1818,66,64,300.0
66,-1,321,1525,39,37,2300.0
66,1,317,1463,61,36,300.0
66,3,345,1634,75,65,700.0
66,1,371,1788,69,68,6500.0
66,1,393,1866,79,55,350.0
66,-1,382,1784,83,52,500.0
66,4,369,788,66,64,1000.0
66,2,378,1841,49,61,1400.0
66,7,366,1731,81,64,300.0
66,3,364,1713,60,52,300.0
66,5,397,1854,85,60,500.0
66,1,384,1739,83,52,350.0
66,3,358,1688,72,64,7800.0
66,0,366,874,66,65,500.0
66,0,291,1363,42,25,1000.0
66,3,386,1838,74,69,700.0
66,1,372,1726,72,44,2000.0
66,1,380,1772,66,57,3000.0
66,-1,341,1589,61,42,7700.0
66,1,380,1737,76,59,350.0
66,2,368,1754,68,65,400.0
66,2,369,1752,70,44,500.0
66,2,405,1901,70,65,300.0
66,1,325,1456,46,42,300.0
66,1,392,1844,77,58,500.0
66,1,334,1610,34,51,450.0
66,3,381,1791,69,53,1200.0
66,1,346,1604,65,35,500.0
66,2,393,1830,80,59,550.0
66,1,320,1487,46,37,400.0
66,2,343,1592,65,33,1000.0
66,2,324,1536,41,67,300.0
66,-1,387,1855,72,52,300.0
66,0,402,1928,78,62,300.0
66,4,382,1734,90,61,400.0
66,-1,376,1800,70,64,2000.0
66,13,344,1550,82,28,300.0
66,2,401,1903,80,62,400.0
66,2,347,1575,71,40,600.0
66,4,386,1780,69,52,300.0
66,-1,364,748,69,65,600.0
66,2,368,1730,69,45,1700.0
66,2,383,1782,79,65,750.0
66,1,335,1546,66,41,300.0
66,1,362,1715,66,66,300.0
66,2,376,1792,73,58,700.0
66,1,372,1765,55,59,1000.0
66,0,371,1669,78,44,650.0
66,1,317,1512,48,29,400.0
66,12,362,1711,73,64,550.0
66,0,363,1761,48,65,500.0
66,-4,388,1851,69,60,300.0
66,3,372,1829,52,65,300.0
66,1,378,1730,79,51,400.0
66,0,388,1785,83,55,300.0
66,-1,386,1780,80,59,2800.0
66,0,351,1680,80,65,300.0
66,-1,390,1816,78,64,2000.0
66,0,378,1753,81,61,1600.0
66,1,335,1525,66,29,700.0
66,0,401,1872,81,60,900.0
66,2,380,1798,83,59,500.0
66,2,374,1725,79,44,750.0
66,1,366,1728,77,66,300.0
66,0,367,1704,70,46,500.0
66,0,387,1870,52,68,300.0
66,2,352,691,68,66,450.0
66,5,367,914,68,62,450.0
66,8,399,1902,77,64,400.0
66,2,361,736,68,66,750.0
66,3,350,1571,77,64,300.0
66,0,356,757,66,63,950.0
66,2,367,861,66,65,400.0
66,-1,368,1733,74,48,800.0
66,9,324,1571,42,40,300.0
66,-1,334,1532,70,29,300.0
66,1,381,1782,69,61,10000.0
66,1,368,1689,72,65,300.0
66,7,373,1713,86,57,300.0
66,1,378,1763,68,59,2000.0
66,2,347,1598,53,50,400.0
66,4,334,1564,56,46,350.0
66,1,370,1762,71,65,650.0
66,3,408,1877,78,55,300.0
66,1,389,1788,66,57,3700.0
66,1,343,1614,76,61,450.0
66,-1,371,836,65,64,1400.0
66,1,369,1773,65,53,3700.0
66,2,372,1818,79,63,550.0
66,-1,374,1746,74,47,9900.0
66,0,349,1709,59,52,6000.0
66,4,349,1645,68,65,500.0
66,4,390,1766,79,62,8000.0
66,2,392,1850,75,63,400.0
66,1,363,1698,70,48,900.0
66,3,324,1479,55,36,900.0
66,1,393,1863,69,59,900.0
66,3,361,1664,91,56,300.0
66,6,371,876,65,65,4800.0
66,2,354,1629,61,37,300.0
66,0,386,1864,57,63,350.0
66,1,402,1881,72,65,500.0
66,1,353,1680,54,47,300.0
66,3,331,1603,40,47,8400.0
66,1,372,1765,75,45,700.0
66,4,360,1625,78,64,300.0
66,1,312,1425,54,32,350.0
66,1,380,1785,72,56,600.0
66,1,365,1669,75,62,450.0
66,5,396,1838,83,64,450.0
66,0,343,1628,55,41,300.0
66,1,359,733,67,62,400.0
66,1,315,1501,51,36,1200.0
66,2,336,1577,52,35,1200.0
66,2,358,762,66,63,5400.0
66,1,357,1622,84,61,6000.0
66,5,344,1574,88,56,300.0
66,2,307,1411,53,26,5000.0
66,2,375,1762,60,56,400.0
66,4,370,1749,60,50,350.0
66,1,374,1760,73,49,10000.0
66,4,370,1726,82,58,700.0
66,10,372,1689,91,64,300.0
66,0,338,1576,68,64,1000.0
66,2,350,1653,73,63,1000.0
66,3,360,1717,71,38,1000.0
66,0,358,1744,69,60,350.0
66,0,340,1581,62,36,350.0
66,2,370,1769,73,56,300.0
66,-2,379,1797,59,56,600.0
66,2,385,1852,67,63,450.0
66,0,360,1685,77,65,1000.0
66,1,376,1782,64,69,500.0
66,3,361,1662,82,40,500.0
66,9,371,1717,79,48,600.0
66,1,374,1706,82,60,10000.0
66,2,391,1748,77,65,7900.0
66,1,364,1700,63,44,450.0
66,0,364,1732,70,61,250.0
66,2,329,1545,54,37,9000.0
66,1,378,1723,85,64,300.0
66,2,314,1452,60,24,400.0
66,0,318,1447,34,42,300.0
66,0,349,1624,68,38,450.0
66,3,388,1748,87,49,300.0
66,1,359,1635,83,60,500.0
66,0,360,638,67,66,400.0
66,1,346,1656,79,57,300.0
66,2,344,1579,73,65,7500.0
66,4,377,1784,65,64,350.0
66,4,406,1915,72,59,300.0
66,0,371,1795,58,58,300.0
66,2,357,1651,64,39,3000.0
66,0,331,1531,62,24,400.0
66,3,379,1762,72,47,400.0
66,0,390,1837,71,56,400.0
66,2,384,1844,61,66,1000.0
66,38,395,1812,89,59,6600.0
66,2,381,1750,82,64,300.0
66,2,383,1786,60,58,650.0
66,-2,356,1758,73,65,300.0
66,7,356,1640,82,66,300.0
66,1,372,1714,54,55,400.0
66,0,386,1774,84,51,300.0
66,11,381,1691,86,60,300.0
66,1,316,1474,52,36,700.0
66,-2,311,1445,53,31,7400.0
66,2,360,1649,78,38,2200.0
66,2,361,1698,68,62,500.0
66,0,399,1838,71,64,350.0
66,-1,368,1724,72,61,2000.0
66,15,387,1739,89,65,300.0
66,1,395,1836,77,54,650.0
66,1,371,841,66,64,500.0
66,5,384,1784,79,49,500.0
66,0,336,1563,67,66,600.0
66,1,353,641,68,65,700.0
66,1,307,1406,44,32,300.0
66,2,299,1413,33,30,300.0
66,3,358,621,69,65,700.0
66,1,384,1782,70,53,300.0
66,2,313,1424,71,25,400.0
66,0,371,796,68,63,450.0
66,2,355,1640,84,62,5000.0
66,1,362,665,67,66,400.0
66,8,360,1647,88,62,350.0
66,2,346,636,66,64,300.0
66,2,353,1569,75,31,350.0
66,4,388,1850,68,58,350.0
66,2,348,1606,59,40,700.0
66,3,375,1745,78,65,400.0
66,2,387,1811,85,53,350.0
66,2,356,1655,70,38,500.0
66,4,369,1757,69,53,600.0
66,2,380,1783,76,52,500.0
66,1,375,1673,89,57,300.0
66,0,327,1552,34,44,500.0
66,2,354,1621,74,34,500.0
66,1,403,1873,84,66,5500.0
66,1,407,1920,79,61,300.0
66,0,314,1494,45,42,350.0
66,0,377,1770,62,51,350.0
66,2,335,1545,71,67,500.0
66,0,369,1707,70,47,600.0
66,2,393,1870,66,65,300.0
66,2,355,1671,72,60,400.0
66,1,358,1622,74,38,600.0
66,0,370,1788,64,51,1000.0
66,2,297,1330,40,29,300.0
66,1,366,1689,74,46,700.0
66,2,370,1753,81,57,400.0
66,1,367,1744,70,50,400.0
66,5,384,1747,75,54,650.0
66,3,376,1729,85,43,300.0
66,1,341,1592,53,42,9700.0
66,4,360,632,65,67,400.0
66,6,357,1672,78,65,600.0
66,1,393,1810,86,56,300.0
66,0,367,1720,58,57,300.0
66,0,387,1783,81,56,600.0
66,0,370,1774,60,58,300.0
66,6,374,1721,72,61,300.0
66,-3,298,1403,50,25,1200.0
66,1,321,1495,51,34,9700.0
66,1,386,1801,76,55,300.0
66,2,359,1671,78,29,700.0
66,12,354,1632,86,64,300.0
66,1,343,1650,63,65,600.0
66,2,357,1654,74,40,300.0
66,1,363,1730,73,59,700.0
66,1,405,1902,73,59,750.0
66,168,390,1790,80,64,2900.0
66,12,357,1630,78,64,350.0
66,1,375,1781,74,63,10000.0
66,1,398,1906,69,63,500.0
66,1,377,1775,74,63,550.0
66,2,385,1741,80,53,400.0
66,0,384,1803,73,63,400.0
66,1,340,1640,59,66,300.0
66,4,355,1596,79,59,1400.0
66,2,390,1855,71,58,3000.0
66,25,407,1880,80,54,300.0
66,1,342,1561,70,34,2800.0
66,1,346,1605,77,65,1000.0
66,0,397,1885,66,65,700.0
66,-1,318,1427,62,28,400.0
66,3,382,1789,61,58,350.0
66,8,319,1562,79,52,300.0
66,0,360,1637,76,37,10000.0
66,3,347,1586,82,66,300.0
66,0,341,1583,67,36,450.0
66,1,328,1457,63,29,1200.0
66,1,326,1504,52,31,450.0
66,0,383,1755,86,55,300.0
66,1,364,1686,78,42,400.0
66,0,359,1632,65,42,350.0
66,2,364,647,68,65,400.0
66,0,385,1747,78,64,3500.0
66,-1,382,1784,77,55,600.0
66,4,386,1730,88,52,400.0
66,3,386,1819,79,55,300.0
66,4,354,1599,75,37,1900.0
66,-2,362,744,67,65,500.0
66,-1,344,1566,73,69,600.0
66,3,316,1458,47,33,9900.0
66,3,374,1692,79,44,450.0
66,4,373,1805,69,58,500.0
66,0,369,1737,71,56,10000.0
66,2,355,793,67,63,350.0
66,2,364,1690,63,48,400.0
66,0,366,1671,71,40,500.0
66,1,363,1680,73,43,350.0
66,1,373,1767,60,58,550.0
66,2,333,1607,67,61,400.0
66,-7,374,1721,67,51,400.0
66,5,362,1653,70,47,500.0
66,-1,332,1533,58,68,300.0
66,0,370,1697,70,42,300.0
66,1,320,1478,54,32,400.0
66,5,386,1822,65,63,350.0
66,29,368,1722,76,45,550.0
66,1,367,1735,58,55,10000.0
66,2,383,1780,73,62,400.0
66,6,379,1733,74,47,3000.0
66,1,283,1305,41,29,550.0
66,2,366,1656,74,44,600.0
66,4,392,1774,90,53,300.0
66,6,338,1610,75,63,7000.0
66,1,338,1517,58,35,4900.0
66,3,394,1770,84,63,300.0
66,1,372,1761,73,53,400.0
66,2,362,1733,61,53,3800.0
66,3,395,1861,70,64,800.0
66,6,398,1859,87,60,300.0
66,0,347,1516,70,37,400.0
66,2,365,1737,75,59,700.0
66,3,331,1561,62,66,700.0
66,1,350,1615,79,63,600.0
66,8,382,1847,67,55,400.0
66,0,368,745,69,65,350.0
66,1,370,715,68,62,500.0
66,2,358,1640,75,38,1300.0
66,6,388,1827,66,60,500.0
66,1,340,1586,54,48,3000.0
66,3,370,1702,89,58,300.0
66,1,354,695,66,65,650.0
66,1,327,1553,82,57,400.0
66,-6,376,1760,79,49,350.0
66,2,330,1456,68,31,400.0
66,2,382,1756,77,55,350.0
66,1,367,1738,60,47,350.0
66,0,332,1523,62,37,600.0
66,1,370,857,68,67,950.0
66,2,384,1868,73,64,800.0
66,1,352,1679,70,64,800.0
66,1,383,1809,71,57,700.0
66,1,342,1592,64,39,450.0
66,31,322,1435,82,25,1000.0
66,0,355,1625,76,33,6000.0
66,5,372,1766,75,64,400.0
66,1,379,1746,75,46,500.0
66,4,383,1785,68,50,550.0
66,1,374,1764,71,66,350.0
66,0,370,1730,71,51,700.0
66,0,333,1482,71,60,10000.0
66,1,351,1605,81,62,1000.0
66,2,385,1765,68,60,4400.0
66,2,385,1725,79,65,3300.0
66,4,388,1745,88,49,3500.0
66,3,391,1830,73,61,600.0
66,0,348,1620,69,42,300.0
66,0,353,1681,78,65,300.0
66,3,342,1624,71,44,5300.0
66,-1,367,1735,66,47,300.0
66,-1,342,1553,69,26,700.0
66,2,366,1675,77,62,350.0
66,0,347,1661,58,46,300.0
66,25,350,1679,70,63,5300.0
66,-1,380,1731,65,61,800.0
66,1,348,1595,88,55,300.0
66,-1,366,1712,73,44,500.0
66,16,353,1638,74,64,10000.0
66,0,352,1613,58,41,400.0
66,2,305,1451,40,33,400.0
66,-1,341,1554,69,36,500.0
66,2,373,822,66,65,350.0
66,3,367,1727,76,53,800.0
66,2,382,1772,78,51,450.0
66,1,385,1821,76,59,450.0
66,6,350,1670,79,56,10000.0
66,2,360,1685,74,64,1500.0
66,7,380,1763,71,65,400.0
66,0,352,1716,75,55,9000.0
66,0,338,1546,81,62,550.0
66,0,352,1548,57,41,300.0
66,6,320,1482,51,36,550.0
66,1,374,1822,68,50,300.0
66,1,352,1694,80,61,900.0
66,1,364,1643,78,40,800.0
66,1,338,1539,73,25,450.0
66,0,335,1563,73,66,900.0
66,2,312,1467,61,29,450.0
66,5,363,1656,67,51,700.0
66,1,345,1582,52,39,400.0
66,1,359,1684,60,48,500.0
66,1,367,1781,70,62,300.0
66,1,366,1756,71,52,1500.0
66,-3,362,1715,71,41,800.0
66,3,384,1809,67,55,400.0
66,1,342,1578,68,33,400.0
66,1,386,1766,84,47,300.0
66,0,368,1745,55,52,350.0
66,2,352,1711,54,45,300.0
66,1,363,1630,83,46,300.0
66,7,382,1855,66,66,400.0
66,1,364,1707,69,32,400.0
66,3,366,1700,77,60,300.0
66,2,348,1610,67,43,400.0
66,1,365,1696,71,43,300.0
66,2,353,1675,69,65,350.0
66,5,355,715,66,64,550.0
66,3,359,1658,66,43,500.0
66,1,395,1778,82,52,300.0
66,3,360,741,67,63,700.0
66,4,342,1601,77,52,450.0
66,0,383,1822,69,62,400.0
66,2,378,1780,79,65,1000.0
66,1,361,1667,77,50,2900.0
66,1,372,1704,79,61,400.0
66,0,376,1778,76,43,550.0
66,-1,380,1782,68,56,300.0
66,1,366,1679,80,60,10000.0
66,-1,377,1710,81,47,3100.0
66,4,393,1834,88,60,350.0
66,2,320,1478,61,69,400.0
66,2,340,1611,68,56,500.0
66,1,384,1776,82,52,950.0
66,-3,369,1705,76,54,3800.0
66,1,364,780,66,69,350.0
66,0,359,731,64,68,3800.0
66,1,330,1516,61,42,300.0
66,12,385,1835,65,62,600.0
66,1,364,1694,64,43,350.0
66,-1,353,1723,73,43,400.0
66,1,391,1789,77,59,500.0
66,1,342,1603,65,69,10000.0
66,0,333,1536,64,35,500.0
66,2,381,1773,77,50,600.0
66,2,327,1483,53,31,450.0
66,2,365,1708,65,49,2100.0
66,2,367,1687,70,45,400.0
66,1,376,1808,70,56,300.0
66,1,370,1718,68,51,9000.0
66,-1,306,1420,57,27,400.0
66,0,372,1675,78,53,10000.0
66,2,353,664,68,62,1400.0
66,0,337,1643,71,66,10000.0
66,1,351,665,68,66,700.0
66,-2,363,699,66,68,4100.0
66,1,345,1590,71,63,3800.0
66,1,341,1582,75,63,700.0
66,3,368,1705,59,47,400.0
66,0,354,1660,79,65,1400.0
66,0,372,789,66,62,300.0
66,3,347,1581,69,38,950.0
66,2,335,1518,78,59,3000.0
66,3,306,1374,41,29,300.0
66,8,352,1569,71,63,5000.0
66,1,362,806,67,66,2000.0
66,2,390,1797,76,47,350.0
66,3,380,1731,81,43,400.0
66,2,343,1547,72,29,9900.0
66,1,374,1743,77,48,450.0
66,2,337,1529,70,61,350.0
66,3,386,1753,80,50,350.0
66,1,341,1664,67,54,500.0
66,3,327,1527,66,33,2500.0
66,2,327,1484,72,34,300.0
66,-1,366,1665,75,44,300.0
66,2,373,1723,85,60,2000.0
66,7,373,1715,77,44,300.0
66,-1,354,1594,83,57,2000.0
66,1,332,1507,67,37,450.0
66,4,335,1522,69,30,600.0
66,30,373,1655,90,37,8000.0
66,0,371,1737,62,51,10000.0
66,0,380,1786,76,51,400.0
66,8,372,743,71,63,700.0
66,5,380,1830,77,47,350.0
66,0,344,1593,59,39,2400.0
66,-2,365,1698,63,45,300.0
66,-2,386,1792,72,57,10000.0
66,1,366,781,65,64,500.0
66,1,376,1688,81,52,9200.0
66,4,344,1602,67,33,400.0
66,5,346,1578,73,26,450.0
66,0,405,1929,74,66,950.0
66,3,373,1750,70,56,900.0
66,0,367,783,65,64,400.0
66,5,356,1591,85,65,350.0
66,4,355,1653,80,54,10000.0
66,2,343,677,67,61,350.0
66,0,320,1466,63,67,400.0
66,0,338,1588,80,64,10000.0
66,-1,369,1716,78,62,450.0
66,1,353,1573,78,32,600.0
66,-1,338,1598,50,43,1900.0
66,3,380,1752,75,47,800.0
66,2,316,1436,52,34,300.0
66,2,389,1801,77,63,9900.0
66,36,347,1672,75,59,4000.0
66,1,364,1710,71,60,950.0
66,3,338,1554,65,36,1900.0
66,2,331,1590,53,67,950.0
66,2,368,1714,53,61,400.0
66,-48,306,1431,39,32,2500.0
66,0,363,1665,80,49,10000.0
66,0,360,1693,75,67,3800.0
66,6,362,1631,81,40,600.0
66,2,375,1749,84,64,10000.0
66,0,376,1733,74,50,10000.0
66,8,363,1658,72,44,300.0
66,0,355,1635,69,44,400.0
66,2,370,1770,66,59,300.0
66,17,360,1655,79,39,300.0
66,1,391,1864,71,58,400.0
66,0,390,1812,75,63,700.0
66,3,365,1709,80,63,350.0
66,-1,369,1772,70,49,800.0
66,8,337,1592,72,57,2400.0
66,3,346,1655,65,66,900.0
66,17,344,1665,79,67,300.0
66,4,395,1778,87,54,300.0
66,0,346,1563,73,30,300.0
66,7,358,1580,79,31,300.0
66,15,352,1622,80,62,600.0
66,7,343,1574,59,35,750.0
66,20,385,1715,91,45,300.0
66,2,372,1761,63,66,400.0
66,1,340,1602,74,56,10000.0
66,14,355,1574,84,59,650.0
66,2,398,1870,73,61,500.0
66,5,368,1705,78,38,500.0
66,1,356,1697,59,45,600.0
66,0,357,1704,57,47,400.0
66,0,376,869,67,64,600.0
66,-2,353,1679,79,65,1100.0
66,4,362,1625,71,40,300.0
66,4,367,1734,70,65,2400.0
66,2,363,1740,91,61,300.0
66,2,363,1706,76,61,900.0
66,1,350,1685,45,58,700.0
66,1,357,1748,58,54,900.0
66,2,354,641,67,62,9900.0
66,1,371,1695,77,51,400.0
66,4,374,1717,85,44,300.0
66,3,383,1831,68,61,350.0
66,6,359,1700,81,63,350.0
66,1,359,1677,45,62,550.0
66,1,308,1464,39,38,700.0
66,0,343,1585,71,32,350.0
66,3,372,1788,64,56,500.0
66,5,357,1660,88,64,300.0
66,-1,354,1655,75,63,1400.0
66,6,373,1676,81,41,10000.0
66,6,352,1659,73,66,400.0
66,5,363,1684,74,67,800.0
66,3,357,1727,62,53,1000.0
66,9,325,1565,47,66,400.0
66,9,304,1423,34,47,350.0
66,4,368,1815,58,55,400.0
66,6,324,1582,46,42,1300.0
66,2,378,1851,61,65,400.0
66,6,323,1596,31,44,600.0
66,2,343,1647,69,66,350.0
66,1,352,1704,59,40,300.0
66,2,380,1878,63,55,600.0
66,0,364,1676,69,63,400.0
66,0,335,1541,59,65,400.0
66,1,387,1762,85,53,300.0
66,4,380,1817,69,62,4000.0
66,0,294,1397,36,32,2900.0
66,9,351,1633,60,52,300.0
66,2,388,1863,67,59,450.0
66,2,372,769,69,67,350.0
66,1,364,1667,80,64,350.0
66,2,374,1751,87,64,300.0
66,2,369,763,65,64,1000.0
66,3,383,1810,76,67,700.0
66,2,368,1658,72,46,300.0
66,1,381,1794,86,59,300.0
66,4,374,1821,72,53,400.0
66,2,356,1631,78,30,300.0
66,-1,348,1610,51,55,400.0
66,-3,342,1588,66,33,800.0
66,1,364,1711,60,44,700.0
66,5,370,1730,71,60,550.0
66,2,400,1805,78,56,300.0
66,2,350,1633,81,65,10000.0
66,1,384,1826,65,58,350.0
66,0,327,1556,68,58,10000.0
66,2,363,1679,44,58,9900.0
66,1,369,838,69,61,550.0
66,2,352,1626,81,61,400.0
66,1,339,1646,66,67,10000.0
66,3,357,1644,86,65,300.0
66,0,345,1586,54,46,4000.0
66,2,364,1697,60,51,350.0
66,0,386,1818,73,61,9100.0
66,6,371,1735,79,57,1000.0
66,0,373,1679,87,39,300.0
66,1,377,1735,69,49,300.0
66,0,291,1381,36,33,9800.0
66,2,367,1738,68,64,10000.0
66,0,310,1475,41,31,700.0
66,4,384,1785,67,56,3000.0
66,0,376,1763,79,61,9900.0
66,1,376,1751,69,62,750.0
66,1,358,1724,64,48,300.0
66,1,376,845,71,64,300.0
66,-2,319,1449,57,30,300.0
66,1,363,1707,52,49,300.0
66,12,359,1692,48,51,3100.0
66,1,370,1723,78,63,300.0
66,2,353,1645,81,64,1100.0
66,0,373,1772,68,54,800.0
66,0,343,1604,61,66,10000.0
66,1,376,1755,69,52,600.0
66,0,311,1476,40,38,10000.0
66,5,388,1806,70,62,700.0
66,3,366,1707,72,49,300.0
66,3,344,1631,63,61,700.0
66,-1,339,1603,69,57,500.0
66,0,352,1662,59,44,400.0
66,6,393,1771,91,57,300.0
66,0,369,780,65,67,350.0
66,0,378,1725,81,57,450.0
66,3,385,1817,67,51,1000.0
66,1,364,1708,80,62,450.0
66,2,365,1679,79,64,300.0
66,1,377,1737,72,51,300.0
66,1,385,1754,89,60,300.0
66,1,355,1653,68,39,500.0
66,5,397,1836,78,53,350.0
66,0,344,1634,63,64,700.0
66,2,378,1778,77,53,300.0
66,1,363,845,67,64,350.0
66,0,356,1683,74,66,500.0
66,1,362,764,66,65,900.0
66,1,324,1482,67,36,500.0
66,8,372,1765,87,59,300.0
66,0,354,1686,58,43,9900.0
66,1,335,1577,74,56,1800.0
66,5,333,1616,36,43,350.0
66,6,369,1755,66,63,500.0
66,3,302,1421,51,28,300.0
66,3,345,1596,68,57,450.0
66,-1,302,1464,34,34,350.0
66,1,335,1602,44,39,350.0
66,-2,373,1754,72,47,400.0
66,1,316,1496,53,36,550.0
66,0,361,1674,76,68,300.0
66,5,360,1669,82,64,10000.0
66,2,380,1742,80,45,850.0
66,1,347,1574,74,32,300.0
66,11,383,1785,75,53,300.0
66,4,356,1672,70,66,350.0
66,2,346,1698,55,42,450.0
66,11,379,1745,64,58,2900.0
66,4,374,1772,50,63,300.0
66,-1,365,682,68,62,400.0
66,1,381,1788,74,59,350.0
66,1,386,1812,67,60,1000.0
66,12,354,1691,71,62,400.0
66,2,310,1439,57,28,350.0
66,2,358,1650,75,37,600.0
66,1,339,1587,80,64,10000.0
66,2,319,1489,66,72,1300.0
66,1,391,1779,78,58,10000.0
66,0,387,1839,62,58,400.0
66,1,371,1711,79,68,300.0
66,1,389,1792,86,60,350.0
66,1,378,1718,81,49,9300.0
66,1,385,1813,69,56,350.0
66,4,330,1572,60,36,400.0
66,1,362,1685,69,38,450.0
66,5,344,1551,83,57,1200.0
66,0,372,1690,68,45,5000.0
66,0,345,1655,83,64,500.0
66,0,319,1470,55,26,3000.0
66,0,366,1739,60,50,3000.0
66,0,388,1786,80,53,10000.0
66,1,364,1756,66,54,1000.0
66,0,398,1846,77,65,10000.0
66,1,356,1705,68,47,450.0
66,3,364,700,65,61,400.0
66,0,360,1733,68,47,10000.0
66,0,357,1701,76,65,350.0
66,1,378,1792,77,62,450.0
66,2,385,1834,66,61,300.0
66,0,312,1460,63,31,1900.0
66,3,354,1651,73,64,400.0
66,0,353,1672,80,66,300.0
66,13,341,1569,80,60,750.0
66,2,380,1753,68,55,600.0
66,-1,358,1698,77,62,450.0
66,9,376,1766,65,52,350.0
66,49,341,1551,75,33,500.0
66,4,368,1714,58,51,350.0
66,0,361,592,71,61,10000.0
66,0,383,1813,57,55,400.0
66,3,340,1604,67,67,350.0
66,2,365,1758,72,51,450.0
66,2,393,1840,75,59,400.0
66,11,373,1692,82,65,450.0
66,2,377,1725,82,46,800.0
66,5,354,1645,71,43,800.0
66,2,341,1589,80,65,9900.0
66,8,313,1439,63,29,400.0
66,5,355,1605,79,66,350.0
66,2,353,1623,79,59,7500.0
66,3,334,1557,61,39,900.0
66,2,366,1712,83,54,7000.0
66,2,331,1530,61,35,750.0
66,4,362,1717,69,62,300.0
66,-2,377,1786,65,63,3000.0
66,301,371,1759,72,53,600.0
66,-1,364,1708,63,61,6800.0
66,0,370,1784,65,67,500.0
66,7,335,1545,73,65,300.0
66,1,364,1656,68,41,1000.0
66,0,331,1533,60,40,650.0
66,7,346,585,68,64,350.0
66,13,347,1691,72,54,500.0
66,1,368,1701,67,55,350.0
66,2,356,1614,85,57,650.0
66,-1,320,1441,56,31,300.0
66,1,380,1812,77,53,500.0
66,6,377,1782,75,60,750.0
66,1,347,1614,78,67,350.0
66,2,361,1701,77,43,350.0
66,2,360,1664,76,64,5000.0
66,2,350,1585,83,60,950.0
66,0,361,688,69,65,400.0
66,0,373,1769,66,58,700.0
66,2,392,1811,72,49,300.0
66,5,379,1800,69,58,450.0
66,-1,339,1598,69,38,950.0
66,23,343,1574,71,63,400.0
66,-1,348,1602,81,54,300.0
66,1,365,1709,66,51,300.0
66,1,357,1646,76,37,300.0
66,0,302,1399,49,25,300.0
66,2,377,1732,80,57,1000.0
66,7,340,1549,66,27,300.0
66,43,367,1678,90,62,300.0
66,6,359,1728,75,67,300.0
66,1,323,1533,73,66,4900.0
66,1,341,1592,53,42,300.0
66,2,371,876,65,65,400.0
66,1,368,1715,67,45,3500.0
66,2,361,1641,87,64,300.0
66,0,366,1690,77,38,300.0
66,3,321,1495,51,34,300.0
66,3,371,1668,75,65,300.0
66,2,359,1692,48,51,300.0
66,1,377,1771,71,51,550.0
66,0,367,1726,78,64,300.0
66,0,370,1688,71,51,700.0
66,-1,368,1653,85,58,1000.0
66,-1,358,788,68,63,350.0
66,2,382,1819,67,61,550.0
66,2,392,1825,87,59,350.0
66,0,364,1701,57,52,300.0
66,0,366,1737,59,45,300.0
66,1,356,1614,85,57,5000.0
66,1,365,1754,82,59,300.0
66,6,358,617,70,66,1200.0
66,-5,388,1745,88,49,500.0
66,0,374,1760,73,49,900.0
66,1,356,1614,85,57,350.0
66,3,347,1633,61,64,9400.0
66,12,364,769,69,62,4600.0
66,12,347,1672,75,59,300.0
66,0,376,1803,62,63,700.0
66,1,361,1667,77,50,300.0
66,1,361,1653,70,33,700.0
66,-1,341,1578,72,66,300.0
66,4,373,1676,81,41,500.0
66,2,358,1688,72,64,500.0
66,1,338,1539,77,25,300.0
66,2,351,1649,85,58,200.0
66,0,351,748,62,66,300.0
66,1,351,1704,69,66,500.0
66,0,353,1623,79,59,1400.0
66,1,313,1520,50,67,300.0
66,4,312,1445,57,30,300.0
66,20,373,1655,90,37,400.0
66,5,362,1655,79,66,1500.0
66,0,379,1748,60,54,550.0
66,23,350,1679,70,63,400.0
66,3,350,1670,79,56,400.0
66,0,348,1596,66,35,550.0
66,0,355,1663,80,64,600.0
66,1,358,762,66,63,300.0
66,2,347,1587,84,64,300.0
66,0,389,1801,77,63,350.0
66,0,363,1722,76,64,600.0
66,0,376,1808,63,53,300.0
66,0,319,1474,60,29,350.0
66,3,362,1733,61,53,350.0
66,1,385,1725,79,65,300.0
66,2,363,1728,78,59,300.0
66,0,333,1482,71,60,350.0
66,0,357,1622,84,61,600.0
66,0,344,1614,68,65,350.0
66,0,338,1571,43,42,400.0
66,-1,370,1739,69,45,300.0
66,0,384,1750,64,58,300.0
66,1,354,1717,58,67,400.0
66,1,356,1715,81,43,500.0
66,2,394,1833,71,61,350.0
66,0,324,1590,66,68,600.0
66,1,392,1899,59,64,550.0
66,0,339,1608,55,65,400.0
66,1,389,1788,66,57,300.0
66,1,374,1706,82,60,400.0
66,-1,311,1445,53,31,350.0
66,0,360,1669,82,64,350.0
66,0,354,641,67,62,5000.0
66,1,368,1746,80,62,300.0
66,1,349,1686,54,66,500.0
66,1,331,1603,40,47,350.0
66,0,342,1603,65,69,300.0
66,1,325,1595,39,67,400.0
66,0,387,1785,67,53,300.0
66,-1,361,1648,81,62,300.0
66,0,366,1697,70,43,350.0
66,4,364,1637,78,62,300.0
66,-1,376,1709,79,43,400.0
66,1,370,1718,68,51,1000.0
66,1,344,1666,54,49,400.0
66,0,386,1767,74,56,400.0
66,-1,345,1590,71,63,350.0
66,1,343,1547,72,29,300.0
66,1,360,1700,68,65,700.0
66,0,382,1764,70,54,650.0
66,-1,342,1561,70,34,400.0
66,0,335,1614,34,46,350.0
66,0,364,1708,63,61,350.0
66,1,356,1634,71,41,300.0
66,-1,370,823,66,63,350.0
66,0,371,1737,62,51,300.0
66,0,368,1683,81,62,500.0
66,0,391,1816,75,62,900.0
66,0,355,1653,80,54,1500.0
66,-1,391,1779,78,58,300.0
66,0,338,1554,65,36,300.0
66,0,335,1525,66,29,300.0
66,0,348,1582,70,41,300.0
66,0,388,1896,64,63,300.0
65,3,354,867,63,66,350.0
65,4,371,925,66,61,550.0
65,0,359,1688,64,46,1000.0
65,68,357,825,63,65,400.0
65,2,360,813,65,65,8400.0
65,5,334,1566,62,36,300.0
65,6,354,826,64,64,350.0
65,3,370,940,65,63,400.0
65,1,295,1419,33,35,1100.0
65,2,345,1651,41,50,800.0
65,1,348,1675,53,52,400.0
65,2,354,1730,72,61,450.0
65,4,370,1734,73,42,600.0
65,3,371,835,62,63,800.0
65,2,364,1754,56,57,950.0
65,3,358,1621,81,64,500.0
65,1,367,1787,65,53,300.0
65,3,349,1706,51,65,500.0
65,2,358,1699,62,45,3400.0
65,0,356,816,63,63,400.0
65,9,362,757,64,64,300.0
65,3,360,797,65,64,300.0
65,-1,312,1535,38,66,500.0
65,2,370,1841,53,64,450.0
65,1,353,1689,50,55,700.0
65,1,365,1745,48,66,10000.0
65,5,347,1694,62,65,1000.0
65,1,367,1788,54,61,7000.0
65,0,300,1441,32,28,500.0
65,4,360,878,63,65,4000.0
65,2,383,1771,81,50,800.0
65,1,359,1739,55,50,300.0
65,1,366,1765,67,63,1000.0
65,0,381,1845,66,62,350.0
65,0,387,1821,76,61,350.0
65,3,357,1700,74,62,400.0
65,0,357,1644,59,49,10000.0
65,0,370,1761,63,54,2000.0
65,36,368,1804,74,69,1000.0
65,7,323,1454,62,30,350.0
65,0,335,1490,57,38,450.0
65,0,378,1840,63,61,450.0
65,0,345,1611,66,43,650.0
65,1,357,810,66,61,4200.0
65,0,387,1819,76,59,400.0
65,3,382,1830,73,56,300.0
65,0,370,1759,70,48,350.0
65,7,362,887,64,62,1100.0
65,1,361,1809,52,60,700.0
65,3,359,1726,68,64,400.0
65,4,381,1864,66,64,750.0
65,3,340,1634,51,65,400.0
65,1,368,1717,68,46,3900.0
65,2,371,1739,71,65,350.0
65,4,358,1678,70,35,500.0
65,5,345,1596,62,34,3300.0
65,0,373,1783,62,53,350.0
65,1,352,1664,69,42,1200.0
65,2,345,1587,65,39,850.0
65,27,392,1788,81,55,450.0
65,1,367,1746,56,59,400.0
65,1,367,1685,68,45,1300.0
65,-1,376,1846,54,61,400.0
65,1,355,1715,58,65,400.0
65,2,363,1688,66,48,400.0
65,6,365,1733,82,64,3500.0
65,3,360,1753,59,61,700.0
65,1,356,1669,71,37,300.0
65,1,359,1731,48,52,400.0
65,9,352,1649,53,55,900.0
65,1,320,1504,53,29,1000.0
65,-1,354,1639,72,39,450.0
65,0,357,1724,68,56,5900.0
65,0,347,1609,79,65,450.0
65,-1,371,1685,73,52,350.0
65,2,398,1859,82,58,300.0
65,2,386,1742,90,59,10000.0
65,1,383,1826,60,60,300.0
65,2,375,1714,74,51,350.0
65,2,377,1766,78,62,300.0
65,4,389,1825,86,59,300.0
65,1,371,1757,73,64,4700.0
65,1,379,1824,74,59,450.0
65,2,366,861,65,63,1100.0
65,3,357,1760,67,67,350.0
65,4,383,1767,86,59,400.0
65,0,325,1550,55,30,300.0
65,7,291,1339,37,33,300.0
65,9,367,814,66,64,800.0
65,1,343,1596,70,65,1200.0
65,-2,383,1767,73,53,750.0
65,1,324,1489,59,32,300.0
65,1,378,1682,78,48,10000.0
65,6,293,1387,48,26,10000.0
65,-1,368,887,62,65,450.0
65,5,361,1672,68,63,300.0
65,4,350,1592,86,64,300.0
65,3,319,1478,52,27,300.0
65,1,368,1685,66,50,500.0
65,-1,347,1652,64,64,700.0
65,0,351,870,68,63,2000.0
65,1,388,1813,69,50,400.0
65,5,380,1819,77,62,300.0
65,1,373,1827,57,62,1000.0
65,1,360,1706,63,54,350.0
65,0,368,808,64,64,300.0
65,1,333,1585,58,64,350.0
65,0,382,1837,66,58,350.0
65,0,356,1664,67,36,10000.0
65,0,371,1730,64,55,450.0
65,3,379,1836,66,65,450.0
65,1,354,1666,65,36,10000.0
65,2,338,637,69,61,300.0
65,1,372,1752,71,61,550.0
65,0,303,1432,47,29,7500.0
65,4,338,1613,49,67,10000.0
65,1,381,1794,69,56,500.0
65,-3,374,1794,60,61,400.0
65,2,392,1873,75,66,4600.0
65,11,381,1828,67,63,950.0
65,0,305,1413,50,25,500.0
65,1,349,1657,50,45,300.0
65,0,362,801,65,63,500.0
65,1,380,1807,78,65,300.0
65,0,387,1884,66,63,900.0
65,0,314,1520,42,36,300.0
65,0,337,1632,61,33,600.0
65,2,365,1691,71,39,1000.0
65,1,360,1707,66,45,700.0
65,1,352,1664,73,64,1000.0
65,3,321,1497,57,31,400.0
65,0,352,1626,55,47,300.0
65,3,365,881,65,62,2000.0
65,0,314,1495,57,30,450.0
65,4,362,1739,58,50,500.0
65,4,370,1680,79,49,500.0
65,-1,379,1813,65,56,300.0
65,0,359,1670,72,66,500.0
65,0,378,1743,75,54,700.0
65,0,343,1600,71,27,450.0
65,1,360,1734,60,48,350.0
65,3,356,1628,72,36,300.0
65,1,381,1808,84,59,300.0
65,3,379,1728,88,62,300.0
65,4,384,1813,81,61,300.0
65,0,360,1662,68,46,350.0
65,1,319,1538,46,37,700.0
65,3,378,1742,79,57,300.0
65,1,373,1801,75,56,950.0
65,1,306,1404,57,28,300.0
65,1,385,1845,64,64,500.0
65,1,365,1700,71,45,450.0
65,1,359,1660,64,43,300.0
65,1,382,1775,83,59,400.0
65,8,389,1820,60,62,300.0
65,1,372,1719,72,47,300.0
65,4,379,1697,85,45,300.0
65,4,365,1803,73,62,400.0
65,-3,303,1392,51,33,500.0
65,4,368,1726,75,65,550.0
65,1,367,1703,65,52,300.0
65,3,306,1394,62,26,300.0
65,1,360,1664,55,51,300.0
65,1,339,1583,73,57,400.0
65,5,337,1560,67,63,5000.0
65,2,349,1713,58,65,10000.0
65,1,364,1695,83,59,7000.0
65,0,382,1816,62,60,400.0
65,2,333,1512,75,50,300.0
65,1,380,1870,63,60,600.0
65,-1,383,1807,70,58,3000.0
65,4,372,1645,76,63,7500.0
65,3,369,1810,71,62,900.0
65,5,356,1670,62,43,400.0
65,-1,385,1783,76,54,10000.0
65,1,390,1886,60,61,400.0
65,6,368,1743,66,43,4000.0
65,1,345,1594,56,48,500.0
65,1,386,1845,72,60,2100.0
65,1,369,1757,75,62,400.0
65,0,362,826,66,61,350.0
65,0,334,1602,41,42,300.0
65,2,356,1680,84,64,300.0
65,2,398,1877,78,61,300.0
65,-1,355,1621,70,63,450.0
65,0,344,717,66,63,450.0
65,-1,369,741,64,64,1800.0
65,2,345,1603,69,38,4900.0
65,1,337,1578,62,33,900.0
65,0,376,955,65,64,2600.0
65,2,316,1458,57,28,400.0
65,2,351,1655,72,62,400.0
65,1,387,1735,81,52,500.0
65,2,353,1647,82,61,400.0
65,0,376,1753,70,55,600.0
65,0,305,1453,44,37,400.0
65,0,370,873,65,64,650.0
65,2,349,1641,73,37,10000.0
65,9,356,1694,52,51,500.0
65,1,365,1742,59,61,10000.0
65,10,354,1680,83,66,300.0
65,0,370,870,65,61,10000.0
65,1,372,1807,62,60,700.0
65,1,381,1832,67,58,400.0
65,4,382,957,65,63,350.0
65,1,372,1707,77,56,500.0
65,-1,361,848,65,64,400.0
65,4,378,1744,82,64,300.0
65,1,367,919,66,64,500.0
65,-3,338,1623,64,67,2000.0
65,0,365,1746,74,63,800.0
65,2,379,1724,78,60,300.0
65,2,389,1882,67,64,1000.0
65,-1,387,1850,70,60,650.0
65,-1,336,1655,72,66,1200.0
65,1,390,1868,68,58,400.0
65,1,365,1704,74,44,700.0
65,3,376,1796,57,60,500.0
65,0,356,1680,84,63,300.0
65,1,338,1538,66,30,2500.0
65,-1,369,1697,71,44,350.0
65,1,391,1863,73,56,550.0
65,1,327,1558,41,50,400.0
65,1,374,1783,74,59,300.0
65,0,398,1861,78,64,300.0
65,3,387,1823,73,62,450.0
65,1,388,1849,76,59,450.0
65,3,389,1835,71,61,450.0
65,0,380,1776,77,58,4900.0
65,2,345,1631,72,60,650.0
65,-2,370,1705,76,47,400.0
65,1,363,1733,51,48,300.0
65,1,386,1771,86,50,350.0
65,1,381,1720,68,58,1000.0
65,2,369,1700,85,60,600.0
65,5,355,1583,84,61,300.0
65,2,386,1798,75,53,5000.0
65,-1,383,1828,64,54,400.0
65,-1,292,1376,34,30,800.0
65,3,367,1723,72,64,2000.0
65,1,381,1778,63,57,300.0
65,1,324,1483,66,30,700.0
65,0,330,1510,59,28,300.0
65,0,358,1623,51,52,1600.0
65,6,364,1661,73,49,400.0
65,1,356,1717,79,61,1900.0
65,1,395,1839,77,59,450.0
65,5,362,864,66,63,300.0
65,2,332,1530,63,35,500.0
65,4,388,1815,83,63,9900.0
65,2,370,867,65,63,300.0
65,3,401,1892,73,61,300.0
65,0,387,1803,62,62,300.0
65,1,344,1546,69,35,400.0
65,1,393,1878,72,59,600.0
65,-2,341,1582,69,37,300.0
65,1,358,1699,81,57,450.0
65,4,367,1717,68,45,300.0
65,2,384,1827,69,65,500.0
65,1,373,1768,70,51,800.0
65,1,338,1573,50,37,500.0
65,1,388,1778,77,55,300.0
65,2,361,1687,57,53,800.0
65,2,360,1657,77,34,10000.0
65,10,398,1802,85,58,300.0
65,1,341,1591,60,34,10000.0
65,0,367,1696,76,63,300.0
65,0,312,1376,71,27,10000.0
65,0,378,1819,61,61,400.0
65,0,347,1557,79,32,400.0
65,1,373,1723,74,48,450.0
65,5,392,1809,71,62,2400.0
65,2,345,1602,64,37,400.0
65,0,331,1487,52,41,500.0
65,0,364,1699,82,65,300.0
65,2,356,1679,75,36,1400.0
65,6,381,1785,70,52,300.0
65,0,368,1787,74,51,600.0
65,-2,377,1785,68,63,500.0
65,0,360,809,65,63,400.0
65,1,300,1350,47,21,300.0
65,4,373,1800,70,58,400.0
65,-50,365,1781,64,55,400.0
65,4,350,1642,79,53,10000.0
65,3,380,1698,85,52,700.0
65,-1,375,1778,62,53,1400.0
65,0,365,1686,75,44,10000.0
65,2,376,1696,85,45,350.0
65,0,373,1682,76,48,500.0
65,2,345,630,66,67,550.0
65,1,363,1681,83,40,300.0
65,8,349,1689,77,61,400.0
65,1,377,1743,70,53,400.0
65,3,354,1667,73,65,450.0
65,2,327,1462,73,24,300.0
65,2,350,1678,62,48,1400.0
65,-1,357,1688,66,65,350.0
65,2,367,907,63,67,7500.0
65,-2,376,1718,76,48,500.0
65,5,364,1775,70,57,650.0
65,5,382,1817,66,57,700.0
65,1,372,1747,75,45,600.0
65,-1,364,1678,69,60,300.0
65,1,369,1781,73,60,1000.0
65,0,382,888,67,61,300.0
65,0,373,1797,63,60,5500.0
65,5,382,1822,66,57,2000.0
65,1,337,1558,49,43,300.0
65,2,374,1686,91,39,300.0
65,0,378,1788,70,56,400.0
65,5,355,1612,65,41,350.0
65,5,384,1794,69,53,300.0
65,2,358,1633,80,40,2000.0
65,1,384,1821,82,52,300.0
65,1,355,1679,74,61,8500.0
65,2,369,1661,70,44,300.0
65,16,364,1700,72,49,900.0
65,0,327,1502,65,35,6900.0
65,1,375,888,64,62,600.0
65,1,360,1669,80,64,300.0
65,1,312,1401,62,27,300.0
65,2,361,1678,76,36,300.0
65,3,298,1422,40,34,300.0
65,3,362,1730,62,54,300.0
65,1,354,785,64,60,600.0
65,1,358,1626,79,38,5000.0
65,-1,327,1597,36,41,700.0
65,-1,371,1703,77,41,950.0
65,1,386,1814,75,58,500.0
65,13,371,1727,80,62,450.0
65,5,328,1515,71,62,10000.0
65,4,347,1591,69,32,300.0
65,1,383,1752,67,56,300.0
65,1,393,1844,72,61,350.0
65,1,365,1680,53,54,800.0
65,0,368,1696,65,46,900.0
65,3,353,1662,71,62,450.0
65,4,328,1582,65,64,550.0
65,2,345,1584,83,57,400.0
65,-1,350,1624,71,57,500.0
65,3,379,1797,68,58,450.0
65,3,346,682,63,63,300.0
65,-1,360,1688,74,43,500.0
65,0,344,1570,60,45,400.0
65,2,297,1377,54,28,400.0
65,0,363,1676,84,62,350.0
65,2,371,1758,63,57,6900.0
65,0,335,1619,44,44,300.0
65,4,367,1804,68,66,10000.0
65,2,313,1419,57,26,300.0
65,1,373,1771,75,57,500.0
65,2,352,1613,68,41,400.0
65,0,371,1720,75,59,700.0
65,-1,373,1721,69,46,650.0
65,2,377,1752,64,58,10000.0
65,3,373,1793,62,54,500.0
65,-1,349,1651,75,60,350.0
65,3,293,1400,38,26,700.0
65,3,355,1651,81,58,600.0
65,2,363,1721,56,52,350.0
65,1,369,1751,69,65,650.0
65,-1,394,1862,62,65,7900.0
65,2,335,645,64,62,750.0
65,2,357,1644,63,44,1400.0
65,1,377,1744,73,52,650.0
65,1,334,1591,70,63,1300.0
65,2,337,1572,60,33,500.0
65,1,373,1798,66,63,1000.0
65,-1,333,1526,65,25,950.0
65,1,361,1700,78,55,350.0
65,0,380,1806,67,54,300.0
65,1,355,612,65,63,550.0
65,2,362,761,66,64,850.0
65,0,372,1785,68,60,500.0
65,2,387,1806,74,56,350.0
65,-1,376,1699,75,56,400.0
65,3,343,609,69,63,300.0
65,3,345,673,64,59,450.0
65,1,376,1738,68,56,400.0
65,0,364,1725,62,53,300.0
65,1,326,1493,64,35,800.0
65,4,387,1810,77,52,300.0
65,1,362,1674,67,42,550.0
65,2,329,1561,62,30,10000.0
65,1,381,1792,69,65,900.0
65,-1,359,1716,67,64,700.0
65,0,359,1639,65,44,300.0
65,2,376,1839,68,64,950.0
65,2,357,1581,82,60,300.0
65,0,362,1710,62,50,9000.0
65,1,365,1679,63,49,400.0
65,0,383,1760,79,56,600.0
65,3,379,1771,71,69,350.0
65,1,336,1541,77,63,300.0
65,3,359,1613,74,58,500.0
65,2,346,1651,66,65,600.0
65,-1,391,1857,73,65,400.0
65,2,373,1717,70,56,550.0
65,2,383,1798,64,64,600.0
65,5,349,663,67,64,300.0
65,2,399,1884,72,65,550.0
65,2,388,1861,67,60,400.0
65,1,326,1540,76,62,350.0
65,1,363,1707,71,46,300.0
65,2,323,1460,71,29,400.0
65,5,352,677,69,62,2400.0
65,6,358,1657,90,56,300.0
65,2,377,1730,70,46,500.0
65,4,343,1616,78,57,500.0
65,3,363,1669,66,57,500.0
65,-2,296,1397,49,27,500.0
65,4,374,1698,85,50,300.0
65,1,286,1349,54,25,1400.0
65,3,360,1661,75,41,300.0
65,0,383,1777,72,49,3000.0
65,4,317,1508,56,34,350.0
65,2,333,1574,72,66,500.0
65,6,330,1573,43,65,300.0
65,0,372,1765,76,63,500.0
65,6,336,1554,73,64,400.0
65,0,325,1546,52,39,400.0
65,2,380,1810,68,56,400.0
65,1,366,717,64,66,450.0
65,-7,356,1670,74,64,400.0
65,2,305,1366,53,27,300.0
65,2,347,1604,74,65,500.0
65,1,337,1554,71,67,500.0
65,3,344,1596,82,58,400.0
65,0,353,1661,68,64,1000.0
65,0,348,1588,71,30,10000.0
65,4,363,1722,83,59,10000.0
65,5,353,1573,81,62,350.0
65,3,371,1698,83,62,300.0
65,2,374,1815,64,63,300.0
65,3,369,1721,68,49,1000.0
65,2,330,1565,53,64,400.0
65,0,326,1501,69,24,300.0
65,4,391,1774,77,60,300.0
65,31,327,1532,84,59,10000.0
65,7,345,1580,78,33,7000.0
65,3,305,1391,54,23,9800.0
65,1,395,1821,79,56,300.0
65,0,359,1701,48,54,500.0
65,1,311,1423,55,29,350.0
65,0,343,1586,74,58,10000.0
65,4,371,1706,79,63,950.0
65,5,346,1515,82,27,300.0
65,0,362,1672,77,40,500.0
65,1,350,1599,82,33,5800.0
65,3,338,1565,76,65,500.0
65,2,356,1657,77,62,950.0
65,0,379,1776,79,61,10000.0
65,4,337,646,65,64,300.0
65,1,353,1641,64,42,350.0
65,3,338,1522,66,35,10000.0
65,1,379,1754,71,54,1000.0
65,-3,331,1529,68,29,400.0
65,2,340,1685,54,66,400.0
65,1,347,1618,57,47,300.0
65,0,385,1797,90,60,10000.0
65,2,374,1711,74,47,300.0
65,1,363,1689,58,55,300.0
65,0,395,1863,73,61,350.0
65,0,377,1734,80,56,400.0
65,3,347,1602,65,38,500.0
65,0,379,1754,80,56,350.0
65,0,345,1647,51,43,350.0
65,13,341,1518,93,50,300.0
65,-1,347,1566,72,28,300.0
65,0,358,1712,64,58,350.0
65,4,399,1843,84,57,650.0
65,3,373,1732,77,52,350.0
65,11,380,1775,80,47,350.0
65,6,385,1785,81,58,500.0
65,5,368,1677,93,58,300.0
65,1,376,1710,82,53,700.0
65,4,367,1701,72,51,9500.0
65,0,395,1877,75,66,400.0
65,1,321,1466,60,36,10000.0
65,6,378,1774,64,57,350.0
65,1,374,1776,66,56,500.0
65,1,372,1773,65,58,350.0
65,-1,364,1716,65,47,450.0
65,1,391,1829,63,59,900.0
65,2,345,1627,68,57,700.0
65,1,341,1575,72,33,8900.0
65,2,387,1818,72,62,2400.0
65,1,365,1690,82,59,1400.0
65,0,379,1748,75,64,400.0
65,0,316,1429,68,24,450.0
65,0,367,1739,67,58,9000.0
65,-2,363,1670,75,40,450.0
65,1,363,1717,74,55,350.0
65,0,352,1601,84,31,300.0
65,1,361,1667,75,47,350.0
65,0,383,1814,79,55,300.0
65,2,360,684,64,68,400.0
65,8,362,1721,76,56,1000.0
65,0,361,1689,74,37,400.0
65,6,354,775,65,64,10000.0
65,3,373,1695,81,61,400.0
65,4,351,1669,73,65,400.0
65,2,365,910,66,65,500.0
65,1,356,823,68,63,600.0
65,2,344,1621,71,68,400.0
65,-2,368,1729,80,64,1000.0
65,8,327,1469,60,26,1900.0
65,0,359,1613,76,40,750.0
65,-2,360,1688,48,56,300.0
65,-2,359,1700,63,51,9800.0
65,3,313,1436,58,23,500.0
65,2,375,1745,65,65,400.0
65,2,320,1437,61,25,600.0
65,0,314,1510,53,38,10000.0
65,1,285,1358,31,35,300.0
65,0,341,1555,60,36,8000.0
65,0,373,1757,67,61,800.0
65,0,387,1787,70,59,4900.0
65,1,329,1566,69,64,500.0
65,1,356,1623,61,44,400.0
65,82,340,1652,67,57,550.0
65,8,365,1659,76,50,350.0
65,1,333,1580,75,65,700.0
65,4,390,1812,75,53,400.0
65,3,401,1875,80,61,300.0
65,1,344,1569,71,33,400.0
65,5,360,1642,80,64,750.0
65,0,365,1711,78,39,350.0
65,-1,355,1663,65,44,8400.0
65,0,370,1785,53,61,400.0
65,3,367,1678,80,62,350.0
65,0,375,1775,82,69,550.0
65,2,337,1565,71,64,300.0
65,4,342,1598,73,57,400.0
65,0,351,1626,72,61,1400.0
65,0,380,1781,69,55,900.0
65,3,335,1522,58,34,1500.0
65,1,358,1646,70,43,300.0
65,1,348,1607,87,59,300.0
65,0,363,1641,86,34,300.0
65,-1,363,1679,75,49,500.0
65,1,331,1520,63,31,950.0
65,3,374,757,65,63,2000.0
65,2,379,1794,66,59,9000.0
65,-2,353,1679,70,64,400.0
65,2,346,705,67,61,400.0
65,11,352,1657,84,65,300.0
65,1,391,1799,80,50,300.0
65,-1,338,1584,40,47,500.0
65,1,347,1654,66,33,650.0
65,1,376,802,65,64,800.0
65,0,366,1664,77,63,400.0
65,1,363,818,62,58,1500.0
65,3,324,1505,62,33,1000.0
65,3,362,1702,76,60,300.0
65,1,343,1569,83,57,400.0
65,2,350,1654,74,68,1100.0
65,4,354,724,65,63,450.0
65,3,375,1770,66,58,400.0
65,3,345,1517,74,32,300.0
65,2,359,1630,85,64,300.0
65,2,361,1658,82,65,350.0
65,5,325,1452,68,31,400.0
65,0,361,1633,67,46,350.0
65,1,354,1629,79,42,400.0
65,0,342,1566,80,62,3900.0
65,3,383,1732,76,49,300.0
65,1,332,1546,65,67,500.0
65,1,361,1741,69,63,500.0
65,2,352,1587,80,28,2100.0
65,1,331,1534,67,60,300.0
65,0,326,1474,62,28,400.0
65,2,367,1716,68,46,350.0
65,-4,349,1628,73,64,500.0
65,1,354,1605,73,26,300.0
65,1,356,1687,80,57,10000.0
65,2,352,1613,65,42,350.0
65,17,328,1511,63,27,500.0
65,-1,382,1805,71,64,4500.0
65,7,362,1656,80,36,300.0
65,0,372,1733,72,50,9000.0
65,0,376,1760,67,58,900.0
65,3,347,1621,79,67,300.0
65,0,355,1626,81,64,1500.0
65,0,374,1664,78,48,800.0
65,1,344,1589,71,31,10000.0
65,5,334,1583,60,34,300.0
65,1,332,1511,61,38,2000.0
65,4,324,1438,67,30,2900.0
65,2,363,1705,68,57,1000.0
65,2,350,1706,70,66,300.0
65,2,369,1727,68,58,350.0
65,1,367,1708,60,53,650.0
65,-1,337,1585,50,46,900.0
65,1,371,1719,63,57,400.0
65,0,332,1545,79,68,550.0
65,10,359,688,67,64,350.0
65,3,343,1594,59,42,350.0
65,1,384,1831,65,60,400.0
65,7,345,1589,72,64,400.0
65,0,354,1618,71,40,500.0
65,3,351,1616,73,40,550.0
65,-2,383,1762,68,62,600.0
65,3,342,1554,63,38,400.0
65,2,365,1747,68,59,400.0
65,2,351,1626,82,61,1000.0
65,0,384,1808,75,61,450.0
65,4,381,1744,77,57,950.0
65,1,361,1707,75,39,1000.0
65,2,367,1679,81,63,500.0
65,5,365,1671,75,51,400.0
65,16,338,1593,62,57,550.0
65,0,328,1525,72,62,800.0
65,1,332,1491,68,27,4900.0
65,1,326,1516,60,36,5000.0
65,0,324,1542,56,41,350.0
65,4,349,1656,60,44,800.0
65,-1,366,1721,68,56,450.0
65,3,336,1592,55,62,350.0
65,3,382,1802,72,61,10000.0
65,1,348,1706,55,64,500.0
65,2,396,1839,83,61,300.0
65,1,366,1715,65,52,700.0
65,1,334,1552,81,60,500.0
65,6,328,1504,59,36,300.0
65,3,376,1818,72,56,500.0
65,2,359,1706,77,65,950.0
65,1,319,1500,71,62,350.0
65,2,337,1545,62,41,400.0
65,2,356,1658,67,40,300.0
65,3,373,1711,84,49,300.0
65,2,325,1450,52,30,300.0
65,0,354,1647,84,57,7600.0
65,2,385,1721,72,56,300.0
65,2,334,1539,76,65,1900.0
65,7,347,1618,78,56,600.0
65,3,351,1633,76,38,1900.0
65,3,347,761,65,65,400.0
65,1,348,1721,60,66,300.0
65,0,368,1789,60,53,500.0
65,3,380,1884,65,64,650.0
65,1,357,827,60,64,350.0
65,3,355,1740,68,64,550.0
65,3,359,1733,51,53,350.0
65,3,385,1843,71,64,400.0
65,2,389,1870,68,59,700.0
65,1,378,1812,63,56,350.0
65,6,368,827,66,63,600.0
65,0,325,1483,65,36,300.0
65,0,349,1675,71,57,400.0
65,2,369,953,66,67,550.0
65,0,377,1832,57,60,10000.0
65,1,354,1703,76,60,1000.0
65,3,301,1458,45,29,300.0
65,2,373,1704,75,44,7000.0
65,5,356,1683,68,64,300.0
65,0,330,1606,55,36,350.0
65,0,378,929,65,62,650.0
65,1,361,869,63,62,850.0
65,1,363,811,68,63,400.0
65,1,389,1881,64,61,450.0
65,1,367,1679,78,65,400.0
65,2,352,1664,66,48,10000.0
65,4,344,1677,48,58,600.0
65,2,394,1823,80,66,300.0
65,0,363,779,66,65,300.0
65,3,293,1394,35,34,350.0
65,3,341,1573,71,29,450.0
65,3,356,1722,63,63,400.0
65,0,344,1711,63,66,300.0
65,2,368,1804,58,62,450.0
65,1,326,1627,58,60,600.0
65,0,348,818,63,63,450.0
65,3,348,1665,71,65,1000.0
65,3,374,1766,74,51,450.0
65,2,362,849,65,64,350.0
65,1,348,1672,75,62,10000.0
65,0,373,1719,65,49,300.0
65,18,292,1394,35,33,550.0
65,1,339,738,63,61,350.0
65,0,307,1438,49,32,10000.0
65,4,361,1695,80,61,600.0
65,-1,349,1586,77,59,10000.0
65,1,389,1787,89,54,300.0
65,0,359,1692,67,37,6800.0
65,0,330,1610,57,66,500.0
65,-1,370,1782,78,61,350.0
65,3,355,1647,75,61,300.0
65,2,335,1579,53,42,10000.0
65,1,343,1601,73,37,300.0
65,1,355,1702,80,59,300.0
65,4,391,1826,80,58,300.0
65,2,366,1739,69,47,350.0
65,-3,344,1595,65,31,500.0
65,2,345,1612,72,62,900.0
65,8,350,1631,74,66,5000.0
65,1,350,1618,67,36,300.0
65,-1,365,1679,80,44,650.0
65,0,332,1578,58,66,4000.0
65,0,358,1711,64,64,400.0
65,0,346,1612,84,59,550.0
65,0,383,1754,80,50,300.0
65,-1,360,1663,67,45,8000.0
65,1,335,1591,58,36,300.0
65,3,353,738,66,68,450.0
65,0,372,1710,75,57,300.0
65,0,357,688,68,63,400.0
65,2,359,1702,68,62,350.0
65,1,343,1604,68,35,350.0
65,9,341,1634,74,53,300.0
65,2,374,1783,64,56,700.0
65,5,335,1555,78,59,800.0
65,2,337,1557,67,26,1800.0
65,0,370,1722,70,66,400.0
65,1,304,1417,54,32,350.0
65,0,381,1815,70,61,9900.0
65,2,342,1604,65,34,350.0
65,3,381,1823,70,62,400.0
65,2,339,1588,60,41,550.0
65,4,354,1638,76,63,600.0
65,1,378,1736,73,58,1000.0
65,1,375,1789,67,58,400.0
65,1,366,1719,75,48,400.0
65,0,362,1647,82,65,300.0
65,3,386,1810,70,60,500.0
65,9,356,1656,52,46,300.0
65,0,362,1732,73,62,10000.0
65,1,348,776,64,63,700.0
65,3,351,1631,81,60,300.0
65,1,340,1588,70,62,650.0
65,-1,358,1705,74,47,500.0
65,2,350,758,66,61,700.0
65,3,383,1826,75,57,300.0
65,4,343,1550,72,25,350.0
65,2,367,1768,65,61,350.0
65,1,307,1419,61,29,1000.0
65,5,380,1798,66,55,300.0
65,2,360,788,66,64,400.0
65,-1,357,1706,64,61,300.0
65,1,349,1622,75,57,950.0
65,2,371,1679,77,43,900.0
65,0,343,1622,75,62,7900.0
65,1,370,1686,78,45,9300.0
65,2,331,1547,62,64,450.0
65,1,370,1732,79,62,300.0
65,1,348,1587,76,65,500.0
65,10,353,1638,74,62,9500.0
65,16,368,1686,69,53,600.0
65,3,308,1397,58,28,600.0
65,2,352,1592,83,56,800.0
65,1,323,1480,64,30,1000.0
65,1,332,1523,64,24,4900.0
65,1,320,1493,55,39,300.0
65,1,335,1570,64,34,1000.0
65,1,344,1598,76,61,950.0
65,4,341,1631,72,67,700.0
65,19,333,1571,68,67,350.0
65,5,356,1639,74,64,350.0
65,-1,327,1490,68,26,2500.0
65,1,362,1669,64,52,2500.0
65,-1,360,1636,77,45,3800.0
65,4,278,1325,36,30,300.0
65,0,376,1823,70,50,6500.0
65,3,343,1577,56,41,900.0
65,3,350,1637,79,59,300.0
65,2,340,1580,74,64,10000.0
65,2,319,1513,55,68,400.0
65,0,355,1637,55,53,900.0
65,0,342,1600,72,35,450.0
65,0,364,1680,77,42,5500.0
65,1,325,1539,73,61,9900.0
65,4,319,1521,70,57,2000.0
65,1,346,1652,67,58,700.0
65,1,325,1542,55,66,600.0
65,1,365,1744,80,65,400.0
65,1,327,1518,61,36,700.0
65,-1,349,1630,76,67,500.0
65,18,335,1553,86,59,9800.0
65,1,311,1432,60,33,700.0
65,1,390,1811,71,59,300.0
65,2,296,1414,51,31,400.0
65,6,316,1437,71,30,600.0
65,1,312,1505,54,66,5000.0
65,0,318,1488,65,29,10000.0
65,3,359,1615,80,42,10000.0
65,1,361,1657,78,36,10000.0
65,4,353,1661,84,62,300.0
65,3,340,1577,79,56,500.0
65,10,362,1678,76,39,4200.0
65,0,335,1613,58,68,9700.0
65,10,376,1761,65,60,1000.0
65,3,319,1485,64,35,8000.0
65,2,357,1720,68,48,800.0
65,5,372,1742,74,52,800.0
65,2,327,1484,62,40,300.0
65,1,356,1680,62,44,400.0
65,4,360,1635,83,63,300.0
65,5,361,1674,71,60,450.0
65,11,343,585,66,64,7000.0
65,0,326,1503,66,34,300.0
65,0,340,1573,83,61,5000.0
65,2,355,1614,66,41,1100.0
65,0,364,1688,71,62,400.0
65,10,362,1662,85,60,400.0
65,1,365,1689,80,67,700.0
65,5,367,1698,70,50,300.0
65,1,392,1818,74,61,700.0
65,0,332,1530,72,35,500.0
65,1,337,1560,64,32,400.0
65,12,366,1723,72,60,950.0
65,1,363,1666,64,61,2500.0
65,-2,340,1579,81,59,400.0
65,0,362,1707,80,57,1000.0
65,2,374,1776,76,62,3200.0
65,10,388,1824,88,64,300.0
65,3,334,1622,62,57,1400.0
65,6,380,1744,84,49,350.0
65,6,383,1785,73,55,1600.0
65,0,365,1703,68,51,400.0
65,1,333,1508,69,33,550.0
65,0,365,1764,59,55,10000.0
65,6,344,1563,63,42,1000.0
65,38,339,1553,75,58,2500.0
65,74,351,1622,91,64,300.0
65,1,379,1809,67,62,7600.0
65,0,357,1696,60,55,6200.0
65,4,353,606,63,69,350.0
65,1,334,1610,55,68,9900.0
65,2,341,606,65,60,700.0
65,1,361,1604,87,56,300.0
65,1,362,1728,64,56,500.0
65,1,294,1356,51,23,350.0
65,0,295,1380,53,32,2400.0
65,1,357,1709,60,60,5000.0
65,1,358,1676,72,66,350.0
65,0,330,1571,59,65,9500.0
65,22,354,1601,67,41,300.0
65,2,355,1620,61,48,450.0
65,4,346,1613,66,65,400.0
65,2,341,1642,66,60,1000.0
65,3,371,1750,71,55,300.0
65,5,338,1543,73,30,10000.0
65,4,339,1567,82,50,1400.0
65,10,345,1672,59,66,300.0
65,-1,374,1723,73,56,300.0
65,2,393,1824,77,60,500.0
65,0,376,1786,73,51,400.0
65,2,379,1766,71,58,8700.0
65,-1,324,1457,64,27,350.0
65,0,367,1707,60,60,8300.0
65,0,363,1696,78,41,900.0
65,2,368,707,69,65,350.0
65,1,357,734,65,63,800.0
65,4,349,1623,84,60,350.0
65,0,317,1430,61,32,300.0
65,2,341,1515,71,37,500.0
65,-2,334,1562,62,31,7000.0
65,3,322,1463,64,28,500.0
65,13,342,1618,73,61,450.0
65,0,365,1727,72,45,400.0
65,0,363,1697,58,52,400.0
65,1,359,823,62,64,450.0
65,2,375,891,64,63,300.0
65,0,348,1660,47,52,1000.0
65,0,324,1502,63,38,350.0
65,1,314,1495,59,68,550.0
65,1,342,1566,84,58,300.0
65,1,363,801,59,62,500.0
65,3,366,1710,63,48,1600.0
65,4,366,1707,75,59,600.0
65,3,379,1794,66,59,400.0
65,3,349,655,64,65,300.0
65,0,360,813,65,65,350.0
65,0,352,1587,80,28,350.0
65,0,327,1523,56,36,400.0
65,2,341,1588,61,67,300.0
65,0,335,1613,58,68,300.0
65,2,348,1596,91,61,400.0
65,0,388,1815,83,63,300.0
65,4,338,1613,49,67,500.0
65,1,329,1561,62,30,400.0
65,1,360,1691,75,62,300.0
65,1,363,824,67,62,300.0
65,0,347,1632,73,35,350.0
65,0,351,1626,72,61,3000.0
65,1,358,1633,80,40,400.0
65,0,338,1560,67,32,1000.0
65,0,370,1686,78,45,1500.0
65,0,362,1656,80,31,400.0
65,0,364,1697,80,64,300.0
65,0,385,1797,90,60,300.0
65,1,379,1810,70,53,450.0
65,0,309,1465,51,32,750.0
65,1,361,1751,82,64,300.0
65,3,372,1666,91,56,350.0
65,2,386,1817,71,60,400.0
65,3,332,1491,68,27,700.0
65,3,354,775,65,64,300.0
65,-1,377,1730,82,57,300.0
65,0,351,1625,77,60,1900.0
65,7,362,1678,76,39,700.0
65,3,345,1536,71,32,600.0
65,-2,392,1810,78,58,400.0
65,0,364,1654,76,43,300.0
65,0,330,1575,62,67,1200.0
65,0,344,1656,55,47,300.0
65,1,363,1704,80,62,450.0
65,0,344,1663,83,54,1000.0
65,3,372,1645,76,63,600.0
65,1,376,955,65,64,300.0
65,0,379,1824,65,55,1800.0
65,0,338,1538,66,30,400.0
65,0,340,1632,70,63,400.0
65,0,334,1560,53,65,300.0
65,2,384,1786,60,58,500.0
65,1,388,1814,73,58,500.0
65,36,369,1767,69,65,300.0
65,5,343,1542,71,35,300.0
65,2,338,1522,66,35,850.0
65,1,337,1575,79,58,300.0
65,4,353,1638,74,62,1900.0
65,1,344,1589,71,31,500.0
65,0,358,1623,51,52,400.0
65,0,338,1543,73,30,300.0
65,0,338,1566,57,64,300.0
65,1,325,1500,55,31,700.0
65,1,362,638,67,64,550.0
65,0,332,1544,76,53,3000.0
65,1,387,1821,73,59,650.0
65,1,378,1740,70,59,1000.0
65,1,380,1839,63,63,500.0
65,0,367,1723,72,64,400.0
65,1,374,1776,76,62,300.0
65,1,321,1466,60,36,500.0
65,0,380,1776,77,58,300.0
65,0,375,1800,69,58,350.0
65,0,344,1758,38,59,700.0
65,0,343,1622,75,62,400.0
65,1,342,1654,78,62,300.0
65,3,305,1391,54,23,650.0
65,4,335,1553,86,59,350.0
65,2,293,1387,48,26,500.0
65,1,348,1588,71,30,350.0
65,0,357,1696,60,55,400.0
65,1,350,1676,67,66,400.0
65,1,369,1777,78,65,400.0
65,1,361,1730,63,65,500.0
65,1,390,1806,85,60,300.0
65,0,363,1766,69,46,400.0
65,0,350,1642,79,53,650.0
65,2,356,1672,78,61,700.0
65,2,367,1672,77,51,500.0
65,1,392,1873,75,66,1000.0
65,1,392,1793,90,56,350.0
65,1,371,1757,73,64,600.0
65,1,342,1612,74,64,600.0
65,4,358,1643,88,57,300.0
65,0,304,1409,42,31,500.0
65,5,371,1723,71,46,300.0
65,0,375,1742,75,61,1000.0
65,0,379,1776,79,61,700.0
65,0,369,1732,67,40,450.0
65,0,357,1644,59,49,700.0
65,0,364,1712,78,64,650.0
65,1,341,1555,60,36,950.0
65,0,315,1477,60,25,900.0
65,1,349,1641,73,37,850.0
65,0,330,1571,59,65,300.0
65,0,341,1575,72,33,300.0
65,0,356,1623,59,49,700.0
65,0,342,1566,80,62,1400.0
65,0,359,1700,63,51,3200.0
65,0,317,1517,56,70,4300.0
65,0,354,1627,79,42,300.0
65,0,355,1626,81,64,500.0
65,1,368,1743,66,43,900.0
64,5,303,1476,31,69,900.0
64,4,350,813,63,65,600.0
64,1,337,1593,55,40,950.0
64,5,333,1582,53,36,1000.0
64,5,266,1281,30,32,450.0
64,2,346,853,65,60,950.0
64,3,336,1585,50,36,10000.0
64,1,370,1793,62,60,1100.0
64,3,348,1650,39,57,600.0
64,1,388,1834,80,60,800.0
64,-3,332,1535,63,31,800.0
64,2,316,1469,37,36,1400.0
64,3,342,1751,33,59,550.0
64,-2,363,1763,57,63,1200.0
64,-1,385,1769,83,59,650.0
64,0,359,1699,66,46,900.0
64,1,355,797,64,63,700.0
64,2,368,1791,50,55,850.0
64,2,367,1745,59,46,900.0
64,4,372,1803,63,57,500.0
64,-3,358,794,66,60,1000.0
64,14,374,827,61,61,650.0
64,2,366,1776,73,64,700.0
64,0,330,1634,35,49,900.0
64,4,393,1874,74,58,850.0
64,0,380,1775,66,60,750.0
64,2,354,1717,68,44,800.0
64,1,331,1603,51,39,650.0
64,0,358,1705,74,60,700.0
64,7,362,821,64,62,1500.0
64,0,362,1751,50,57,500.0
64,2,364,1737,49,50,700.0
64,1,348,1626,65,39,800.0
64,0,353,1649,70,62,1600.0
64,0,355,865,64,60,800.0
64,2,355,1724,47,56,1000.0
64,1,352,797,64,63,800.0
64,-1,304,1441,34,36,1000.0
64,8,307,1425,40,64,700.0
64,0,354,1666,77,60,650.0
64,0,351,1635,58,45,650.0
64,0,352,1775,40,64,1200.0
64,0,365,1701,64,48,400.0
64,0,330,1653,33,55,750.0
64,1,307,1412,37,38,850.0
64,64,339,1621,66,65,950.0
64,0,300,1400,44,23,700.0
64,2,328,1496,54,32,850.0
64,3,355,1713,59,64,750.0
64,0,362,1738,51,59,7000.0
64,-1,375,1809,57,61,9300.0
64,-2,328,1514,59,64,700.0
64,5,334,1609,85,57,700.0
64,1,369,1781,52,61,1200.0
64,0,358,1684,67,48,650.0
64,0,369,1715,79,59,1300.0
64,3,371,1730,49,63,750.0
64,5,376,1824,57,62,5100.0
64,1,360,1710,56,50,800.0
64,0,289,1322,43,24,1000.0
64,0,379,1781,67,59,10000.0
64,3,366,1706,64,54,900.0
64,2,373,1793,67,59,600.0
64,0,372,1782,78,62,700.0
64,-1,371,881,65,63,700.0
64,8,358,1679,65,62,700.0
64,6,368,1767,69,64,2500.0
64,-3,332,1514,51,43,750.0
64,4,345,1670,54,66,700.0
64,-1,370,1741,70,53,9000.0
64,1,365,1772,59,54,800.0
64,0,384,1844,67,60,850.0
64,3,348,1602,62,42,800.0
64,1,357,1639,72,37,750.0
64,1,357,844,63,62,500.0
64,2,350,1638,83,57,1400.0
64,1,350,1682,70,64,550.0
64,4,315,1521,34,65,650.0
64,-1,363,1707,65,44,550.0
64,-2,353,1677,68,63,700.0
64,1,304,1397,49,30,650.0
64,6,354,1564,80,32,1000.0
64,1,362,1720,73,45,650.0
64,1,369,796,66,62,700.0
64,-4,323,1480,51,65,10000.0
64,1,374,1755,84,48,950.0
64,-1,307,1443,43,29,850.0
64,0,343,1571,63,40,1000.0
64,0,364,1695,65,48,650.0
64,15,346,1626,67,39,750.0
64,3,360,1729,71,61,450.0
64,1,352,1614,72,35,700.0
64,1,359,873,65,63,500.0
64,3,362,1697,69,44,700.0
64,1,399,1877,76,61,500.0
64,1,323,1525,42,38,1000.0
64,2,354,1688,63,42,750.0
64,1,381,1810,71,60,700.0
64,5,359,1671,77,31,650.0
64,0,380,1826,68,58,550.0
64,1,369,1721,68,50,700.0
64,-1,289,1362,34,33,700.0
64,1,332,1537,44,49,400.0
64,1,379,1751,78,58,1000.0
64,5,348,1606,69,37,1600.0
64,0,341,1579,63,63,9900.0
64,1,390,1882,69,64,950.0
64,1,322,1502,60,36,650.0
64,1,366,1678,75,42,750.0
64,1,372,1693,81,54,10000.0
64,6,379,1781,63,63,650.0
64,4,362,1684,84,65,650.0
64,4,360,1683,73,46,450.0
64,-3,316,1454,62,34,600.0
64,7,367,1722,69,46,500.0
64,2,352,1661,54,49,850.0
64,-3,388,1794,70,59,600.0
64,0,344,1710,41,55,2000.0
64,1,320,1441,57,32,650.0
64,13,369,1748,74,66,700.0
64,0,323,1580,45,42,600.0
64,5,326,1542,51,35,850.0
64,0,321,1493,66,29,950.0
64,-4,349,774,62,65,10000.0
64,3,363,1694,91,58,750.0
64,-2,332,1592,35,45,950.0
64,-1,341,1628,63,60,800.0
64,2,375,1722,73,51,750.0
64,5,359,1713,50,53,750.0
64,1,364,1744,52,59,650.0
64,3,382,1806,67,62,5000.0
64,4,355,1663,70,37,650.0
64,1,366,1690,69,47,750.0
64,0,346,1567,84,56,7000.0
64,0,320,1455,52,32,700.0
64,26,362,863,64,63,10000.0
64,1,345,1619,72,64,1200.0
64,4,326,1498,55,28,800.0
64,1,348,1658,70,63,1400.0
64,1,370,934,64,62,500.0
64,0,387,1789,76,56,650.0
64,-3,346,1590,58,34,700.0
64,2,369,1748,69,55,650.0
64,-1,356,916,64,65,650.0
64,-2,356,1691,54,48,550.0
64,5,354,1598,91,61,1000.0
64,5,355,1701,75,60,800.0
64,3,360,1658,66,48,700.0
64,3,367,1671,73,56,2400.0
64,0,361,769,65,61,950.0
64,6,406,1943,73,60,700.0
64,1,352,1620,77,63,600.0
64,3,363,1701,70,39,700.0
64,2,386,1824,78,60,1700.0
64,31,337,1546,62,63,900.0
64,2,364,1692,83,57,850.0
64,1,349,1641,56,44,600.0
64,1,351,1703,38,57,1500.0
64,2,357,1665,67,60,550.0
64,2,344,1600,71,62,1200.0
64,0,356,1725,54,51,650.0
64,-3,379,1740,72,56,1100.0
64,0,349,1607,73,37,4500.0
64,1,367,1739,64,52,650.0
64,0,358,1688,76,40,1100.0
64,4,395,1894,69,64,1000.0
64,1,357,1660,71,43,700.0
64,0,356,1618,65,39,10000.0
64,-2,367,1737,55,53,750.0
64,0,350,734,64,59,700.0
64,1,374,1726,68,55,600.0
64,-1,359,1701,67,53,10000.0
64,2,353,1627,71,38,10000.0
64,3,396,1889,75,53,800.0
64,-2,344,1629,62,39,550.0
64,1,381,1820,73,57,1200.0
64,-1,309,1451,56,31,500.0
64,0,361,889,64,61,7900.0
64,1,384,1833,71,62,950.0
64,0,310,1449,56,27,650.0
64,0,371,1707,82,47,650.0
64,5,367,1779,58,59,750.0
64,0,328,1531,55,38,1000.0
64,3,336,1586,53,45,1300.0
64,3,357,1738,55,50,700.0
64,0,354,1646,65,43,700.0
64,1,355,1666,74,60,1000.0
64,0,372,1762,66,56,600.0
64,2,356,777,64,62,650.0
64,-2,353,1758,58,56,700.0
64,5,358,813,66,64,700.0
64,1,376,1757,72,53,950.0
64,-1,344,1640,49,46,700.0
64,2,385,1825,66,58,650.0
64,0,362,1658,82,36,10000.0
64,1,353,1652,75,45,700.0
64,-1,350,1593,73,39,750.0
64,1,353,1614,65,43,600.0
64,2,333,1545,59,32,950.0
64,5,368,1714,84,58,1000.0
64,4,355,1661,73,33,10000.0
64,4,372,1738,80,61,750.0
64,2,390,1791,88,55,700.0
64,-1,375,961,65,62,850.0
64,-1,356,837,65,63,5000.0
64,1,373,1809,54,59,1700.0
64,4,346,1611,67,31,700.0
64,1,343,1595,77,58,1500.0
64,1,370,1766,60,49,2000.0
64,1,375,1761,64,56,850.0
64,12,342,1574,74,61,9000.0
64,1,378,1736,72,57,5000.0
64,5,299,1472,33,67,800.0
64,2,370,1726,68,52,750.0
64,0,362,1742,66,51,700.0
64,0,359,1716,60,60,2400.0
64,2,343,1595,73,63,5000.0
64,0,357,1724,60,64,9900.0
64,1,373,1739,69,52,900.0
64,20,352,773,65,64,1000.0
64,4,304,1396,51,21,850.0
64,-1,280,1372,30,27,900.0
64,5,350,1682,75,58,2500.0
64,11,332,1501,67,30,1400.0
64,6,391,1755,91,54,950.0
64,46,362,1665,93,63,700.0
64,0,363,1669,78,41,10000.0
64,0,331,1537,53,35,700.0
64,-1,300,1388,55,26,1100.0
64,-4,348,1587,66,42,700.0
64,0,334,1589,52,36,700.0
64,1,350,1672,57,43,750.0
64,1,344,1596,81,64,10000.0
64,2,381,1730,84,51,800.0
64,0,317,1525,48,39,800.0
64,1,313,1450,54,33,950.0
64,-2,371,1750,63,57,700.0
64,4,390,1846,78,58,700.0
64,2,353,1633,82,57,9800.0
64,0,283,1300,45,28,700.0
64,3,363,794,64,65,700.0
64,0,334,1596,55,65,700.0
64,1,379,1797,73,61,2400.0
64,0,368,1657,71,47,800.0
64,1,308,1394,51,26,1000.0
64,3,326,1481,60,35,700.0
64,-4,349,715,63,64,700.0
64,-1,369,1744,76,50,650.0
64,2,370,1728,77,62,1500.0
64,1,352,1613,85,59,2400.0
64,-2,334,1586,55,37,950.0
64,0,326,1481,58,36,650.0
64,0,383,1753,80,48,700.0
64,6,335,658,67,66,350.0
64,1,357,1631,80,39,650.0
64,1,359,1639,65,41,650.0
64,-1,333,1535,66,61,10000.0
64,0,350,1566,82,41,550.0
64,1,377,1740,79,54,700.0
64,0,387,1849,70,59,650.0
64,0,347,1547,58,40,750.0
64,-2,359,1698,73,41,750.0
64,14,331,1527,76,60,1400.0
64,-2,334,1540,67,35,750.0
64,2,355,1655,66,42,1200.0
64,1,355,703,65,62,700.0
64,4,347,1599,70,33,600.0
64,2,350,1647,83,59,500.0
64,0,331,1443,71,31,750.0
64,0,366,1720,70,52,1000.0
64,2,394,1841,73,63,650.0
64,-1,347,1614,69,41,4900.0
64,-1,368,1741,65,60,1200.0
64,0,355,1640,82,60,500.0
64,1,318,1497,58,30,650.0
64,4,346,652,69,63,700.0
64,3,305,1420,51,28,1000.0
64,1,378,1714,83,60,800.0
64,2,345,761,67,59,700.0
64,1,380,1752,92,47,550.0
64,13,377,1810,73,61,650.0
64,0,367,1738,69,45,4000.0
64,3,373,892,64,62,1000.0
64,-3,353,1579,77,30,4000.0
64,1,357,1680,79,37,700.0
64,2,312,1480,48,39,650.0
64,1,365,1703,70,47,550.0
64,1,330,1547,81,55,1200.0
64,25,356,1637,84,59,750.0
64,-2,357,1656,84,63,700.0
64,0,302,1399,52,32,950.0
64,2,366,847,64,64,850.0
64,2,349,1721,42,52,900.0
64,3,383,1775,78,56,1100.0
64,0,344,1570,81,54,650.0
64,0,342,1593,72,35,600.0
64,3,363,845,67,62,900.0
64,0,315,1445,55,27,700.0
64,1,354,1652,58,43,700.0
64,2,351,1630,59,48,700.0
64,5,374,1715,69,51,750.0
64,3,378,1749,76,56,700.0
64,-4,330,1511,53,41,1400.0
64,6,352,722,64,60,1000.0
64,4,375,1749,77,51,700.0
64,0,360,1660,70,39,900.0
64,-2,346,1562,81,32,2400.0
64,3,350,643,65,65,10000.0
64,1,363,1683,53,54,650.0
64,4,354,911,66,60,650.0
64,6,363,1692,82,60,650.0
64,1,370,1762,65,51,900.0
64,2,373,1752,63,55,750.0
64,0,354,1632,72,42,1000.0
64,3,350,1680,69,64,700.0
64,4,377,1808,71,56,8500.0
64,3,359,878,62,60,850.0
64,5,388,1707,87,54,850.0
64,1,368,1685,83,59,900.0
64,1,337,1560,73,35,4400.0
64,37,335,1561,74,55,700.0
64,-1,352,1607,82,33,2000.0
64,1,367,1732,64,53,1100.0
64,1,316,1453,62,32,700.0
64,6,338,1545,66,34,1200.0
64,2,382,1789,78,53,650.0
64,1,366,1700,87,54,1000.0
64,2,340,661,64,66,600.0
64,3,351,1617,62,43,550.0
64,1,364,1660,72,54,1900.0
64,6,345,682,64,63,700.0
64,7,309,1412,51,31,650.0
64,-2,373,1812,67,53,1900.0
64,0,335,1555,83,58,8700.0
64,0,381,1760,75,58,700.0
64,3,371,1718,80,40,700.0
64,7,352,1601,74,36,700.0
64,-1,341,1575,60,63,1000.0
64,2,343,1561,65,33,1100.0
64,3,383,1778,83,62,700.0
64,1,373,1711,68,54,850.0
64,1,357,1681,65,47,650.0
64,2,359,1683,77,63,650.0
64,6,343,1575,86,54,700.0
64,1,387,1747,83,62,750.0
64,-1,349,1646,81,50,1500.0
64,3,358,1641,72,42,800.0
64,3,265,1268,36,22,1000.0
64,2,355,854,61,66,8900.0
64,1,378,1786,73,57,700.0
64,2,336,1549,76,62,10000.0
64,3,362,1703,74,46,700.0
64,3,336,1584,72,53,600.0
64,2,385,1807,80,59,600.0
64,5,378,1711,73,52,550.0
64,0,372,1741,67,51,800.0
64,2,345,1607,71,63,3300.0
64,3,351,1610,75,39,850.0
64,2,327,1504,54,30,550.0
64,6,336,1511,67,62,550.0
64,2,349,721,62,62,1300.0
64,-2,294,1427,40,37,850.0
64,-1,356,1697,72,60,600.0
64,15,341,1583,72,62,600.0
64,2,380,1785,81,58,950.0
64,3,349,1627,76,40,2000.0
64,2,337,1559,78,58,700.0
64,2,363,1693,71,46,850.0
64,1,360,1660,68,38,1400.0
64,5,318,1447,54,37,800.0
64,4,364,1725,79,63,600.0
64,0,371,1737,71,57,700.0
64,2,382,1846,66,64,8000.0
64,4,362,1737,77,50,1000.0
64,-2,351,786,64,62,750.0
64,-1,305,1402,58,33,800.0
64,3,363,1716,62,53,9400.0
64,0,361,1731,49,59,500.0
64,3,330,1603,67,61,1800.0
64,5,348,1606,82,61,1000.0
64,7,370,1684,69,54,1000.0
64,0,336,1554,64,34,700.0
64,0,363,1661,79,52,800.0
64,2,371,1788,61,57,600.0
64,3,344,1617,83,60,700.0
64,3,351,1633,74,61,1000.0
64,8,343,1568,90,59,9300.0
64,1,367,1770,71,45,650.0
64,0,332,651,63,61,900.0
64,-1,335,594,65,63,2900.0
64,9,365,1719,65,54,1400.0
64,10,347,1645,65,43,650.0
64,2,329,1535,59,39,650.0
64,2,379,1779,67,63,650.0
64,7,354,1624,77,58,700.0
64,2,344,761,60,62,1200.0
64,0,358,1656,73,47,7400.0
64,-1,377,1866,62,62,500.0
64,2,356,1656,82,59,850.0
64,2,291,1376,53,26,750.0
64,1,363,1695,69,51,2500.0
64,-10,340,620,64,61,10000.0
64,2,341,1570,78,51,650.0
64,4,353,659,67,64,900.0
64,-1,332,1541,68,30,750.0
64,2,379,1741,73,58,500.0
64,7,360,1714,70,55,800.0
64,4,363,1686,73,42,750.0
64,31,345,666,61,63,700.0
64,3,349,1664,67,48,700.0
64,2,368,1696,68,50,750.0
64,0,345,1605,69,33,900.0
64,0,349,1602,68,41,750.0
64,3,347,1642,76,56,3000.0
64,3,360,1692,76,54,500.0
64,11,364,918,65,61,600.0
64,6,365,1753,70,52,800.0
64,3,358,794,66,61,950.0
64,2,336,1542,78,45,3000.0
64,1,378,1799,70,56,700.0
64,-1,348,1613,68,32,650.0
64,4,359,1730,82,59,10000.0
64,2,367,1681,68,47,450.0
64,-1,381,1816,70,53,700.0
64,3,314,1433,53,26,800.0
64,5,363,1641,80,47,600.0
64,4,310,1403,70,22,700.0
64,0,371,1735,75,51,9000.0
64,0,346,1616,50,47,800.0
64,3,370,1718,72,45,900.0
64,0,341,1602,54,41,5500.0
64,1,325,1507,68,33,10000.0
64,1,340,1642,53,43,750.0
64,0,329,1528,67,31,500.0
64,4,370,1681,78,48,2400.0
64,2,365,1668,82,61,850.0
64,5,347,1581,72,34,700.0
64,1,350,1696,55,54,800.0
64,4,355,1662,83,61,800.0
64,4,365,1706,60,53,800.0
64,29,370,1710,78,43,2000.0
64,2,363,1625,82,44,700.0
64,1,349,1640,70,46,6000.0
64,130,380,1723,85,53,750.0
64,2,361,1675,68,45,750.0
64,5,371,1762,65,47,1200.0
64,-4,310,1437,52,32,8900.0
64,-1,347,1574,71,58,1300.0
64,0,355,1668,64,45,500.0
64,0,375,1726,69,50,8900.0
64,-1,354,1597,69,51,700.0
64,1,370,735,63,63,2100.0
64,9,343,1467,87,57,700.0
64,0,350,1579,78,60,1000.0
64,1,375,1769,75,55,1500.0
64,0,359,1688,66,48,6000.0
64,5,334,683,70,60,700.0
64,-2,328,1498,75,56,10000.0
64,-4,350,1581,81,61,700.0
64,2,341,1564,75,39,650.0
64,0,371,1739,76,51,1000.0
64,1,344,1640,80,58,650.0
64,4,331,1515,54,42,700.0
64,2,379,1784,75,50,1000.0
64,1,360,1653,72,41,500.0
64,3,373,1736,78,62,1900.0
64,0,341,1610,79,54,700.0
64,1,346,594,68,64,600.0
64,0,325,1491,70,34,8900.0
64,4,330,1490,57,34,700.0
64,2,327,1485,68,27,800.0
64,2,357,1691,76,61,700.0
64,1,336,1503,82,26,700.0
64,1,366,1698,67,47,600.0
64,0,322,1466,60,29,850.0
64,0,321,1496,53,67,1500.0
64,3,334,1512,68,33,600.0
64,0,342,1580,71,58,8800.0
64,6,389,1783,86,55,800.0
64,4,345,1581,72,39,1200.0
64,24,321,1501,67,65,700.0
64,4,338,1609,66,64,4600.0
64,-1,343,1556,57,41,1000.0
64,4,355,1655,76,66,1200.0
64,1,303,1399,49,28,700.0
64,6,367,1649,87,40,10000.0
64,3,355,1665,80,62,1000.0
64,-1,352,601,66,65,1000.0
64,3,344,1617,66,62,700.0
64,6,339,1519,88,50,600.0
64,1,345,1620,81,63,900.0
64,0,350,1663,69,45,600.0
64,0,322,1409,79,27,1000.0
64,1,360,1733,59,59,950.0
64,1,363,1742,64,48,9900.0
64,1,307,1398,53,27,10000.0
64,0,373,1754,74,58,1000.0
64,6,367,1768,61,58,10000.0
64,0,356,1732,58,58,700.0
64,5,328,1544,70,65,1000.0
64,-3,317,1475,73,54,7300.0
64,14,335,1562,70,63,1000.0
64,5,345,1561,80,61,700.0
64,1,361,1722,69,46,700.0
64,4,345,1655,67,45,450.0
64,1,351,1631,68,44,8300.0
64,4,311,1425,76,25,600.0
64,4,358,1643,78,54,650.0
64,5,350,1612,73,60,1000.0
64,3,362,1718,67,59,750.0
64,-5,337,1529,82,60,600.0
64,1,344,1641,74,57,700.0
64,1,341,1597,86,60,950.0
64,-1,302,1415,63,28,1200.0
64,3,341,1612,62,46,1300.0
64,-2,344,1640,55,42,10000.0
64,0,389,1837,78,57,800.0
64,2,364,1724,67,50,1000.0
64,-1,376,1760,66,62,900.0
64,3,328,1605,74,64,8900.0
64,2,358,1656,86,60,8000.0
64,1,364,1685,67,54,700.0
64,1,354,1665,69,62,750.0
64,2,354,1649,75,55,600.0
64,2,361,1647,77,52,1200.0
64,2,360,1698,80,46,900.0
64,-1,378,1719,72,55,900.0
64,20,321,1529,73,63,700.0
64,-1,311,1469,60,37,1000.0
64,-1,324,1519,68,65,550.0
64,1,355,1638,70,56,800.0
64,3,366,1731,64,52,650.0
64,5,358,1665,83,63,650.0
64,0,289,1397,53,30,8800.0
64,3,320,1436,60,26,800.0
64,2,375,1793,74,56,1000.0
64,0,350,1634,72,65,200.0
64,8,359,1724,75,46,850.0
64,6,338,625,65,59,850.0
64,0,317,1412,66,26,750.0
64,0,387,1798,78,59,700.0
64,2,330,1500,68,58,10000.0
64,0,350,1648,70,40,950.0
64,3,365,683,64,61,700.0
64,2,349,1638,58,46,900.0
64,-1,310,1452,58,26,10000.0
64,2,364,1665,75,46,7000.0
64,1,327,1518,57,46,1900.0
64,1,302,1427,62,30,700.0
64,3,347,1650,76,59,450.0
64,1,379,1752,72,58,700.0
64,0,357,1611,68,40,1300.0
64,-2,368,1728,72,61,700.0
64,-1,359,1674,67,45,800.0
64,1,376,1764,74,51,700.0
64,71,345,669,65,63,900.0
64,3,381,1752,75,60,700.0
64,2,359,1638,68,45,550.0
64,2,342,1521,85,54,650.0
64,20,333,1617,68,55,1400.0
64,3,359,1641,71,51,950.0
64,3,329,1502,62,27,3700.0
64,7,358,1624,90,51,650.0
64,4,363,1012,63,59,500.0
64,8,320,1512,60,33,1300.0
64,2,335,1539,70,62,550.0
64,3,315,1459,51,32,550.0
64,2,347,1592,73,38,10000.0
64,1,361,1684,71,56,950.0
64,3,342,676,61,63,500.0
64,3,399,1881,77,60,1000.0
64,0,319,1502,71,62,1000.0
64,7,348,1643,65,67,700.0
64,1,372,1791,73,59,7300.0
64,0,367,1678,81,59,900.0
64,14,373,1710,91,60,1000.0
64,1,353,1622,83,60,600.0
64,1,351,1662,80,61,750.0
64,2,357,1671,81,61,700.0
64,1,339,1610,72,61,7900.0
64,3,344,1611,75,64,750.0
64,2,295,1380,48,29,700.0
64,0,365,1734,67,60,650.0
64,5,362,1718,56,48,5000.0
64,1,331,1558,81,56,950.0
64,2,327,1538,68,63,700.0
64,31,364,1719,70,52,500.0
64,1,353,1596,82,61,650.0
64,3,345,1601,73,64,700.0
64,2,352,1641,73,61,650.0
64,0,350,850,64,62,800.0
64,3,382,1863,74,57,550.0
64,2,366,840,67,60,3400.0
64,1,358,1732,56,52,1000.0
64,0,344,1656,69,66,1000.0
64,4,358,1721,47,56,650.0
64,8,354,1690,67,64,800.0
64,6,336,767,64,63,1000.0
64,-2,360,1707,67,62,8500.0
64,1,359,1748,76,49,500.0
64,-1,373,1777,60,59,850.0
64,2,337,1583,65,36,500.0
64,1,329,1543,67,34,650.0
64,5,344,1579,72,34,800.0
64,0,317,1489,54,40,850.0
64,0,331,1562,57,36,650.0
64,1,369,1768,73,63,900.0
64,0,347,1579,71,30,800.0
64,0,374,1777,60,56,700.0
64,1,375,1762,79,57,850.0
64,10,365,1674,72,51,1300.0
64,2,342,1627,58,63,800.0
64,1,300,1455,33,36,600.0
64,2,372,1719,74,62,1100.0
64,3,351,1629,45,56,650.0
64,3,338,1588,64,64,1200.0
64,0,347,1586,70,33,650.0
64,8,309,1453,40,63,550.0
64,1,326,1502,63,25,700.0
64,2,330,1514,65,33,1900.0
64,1,316,1487,39,34,650.0
64,1,344,1631,51,45,2400.0
64,1,368,1821,55,54,850.0
64,1,287,1391,33,30,1700.0
64,-1,360,803,68,61,800.0
64,1,355,1673,57,47,1500.0
64,1,370,1718,71,46,700.0
64,0,390,1846,77,55,650.0
64,3,331,1575,77,57,450.0
64,2,368,1685,73,49,850.0
64,0,348,1691,51,44,850.0
64,1,353,778,65,61,1100.0
64,-3,359,1745,54,60,900.0
64,1,365,1709,73,57,1000.0
64,-1,377,855,68,61,700.0
64,4,359,821,63,65,1400.0
64,0,373,1825,58,59,550.0
64,0,327,1537,53,34,5000.0
64,1,331,1559,65,34,700.0
64,4,348,1624,69,44,700.0
64,0,330,1507,63,32,1400.0
64,5,372,1772,71,55,1000.0
64,3,303,1367,40,32,700.0
64,-1,323,1514,52,39,700.0
64,-2,334,1664,69,54,700.0
64,5,367,1694,69,48,1000.0
64,1,332,1533,71,28,600.0
64,4,382,1778,74,58,700.0
64,0,319,1461,66,28,1100.0
64,0,359,1653,75,56,850.0
64,0,356,1660,73,60,1300.0
64,1,326,1513,62,34,600.0
64,3,351,1603,83,37,700.0
64,1,347,655,61,65,550.0
64,1,352,1645,73,38,800.0
64,0,367,1667,80,56,800.0
64,5,372,1789,74,61,700.0
64,-2,364,1716,72,63,1000.0
64,-1,344,1588,74,35,3300.0
64,5,349,1638,82,60,1200.0
64,1,382,1802,76,56,500.0
64,1,356,1616,64,46,3600.0
64,4,340,605,68,61,2300.0
64,5,363,1666,84,60,650.0
64,1,318,1501,70,58,1000.0
64,-1,384,1788,76,54,2000.0
64,1,331,1544,55,33,10000.0
64,2,350,1676,55,57,600.0
64,0,359,1687,70,55,8000.0
64,-1,343,660,60,64,650.0
64,0,334,1599,74,60,700.0
64,2,362,1700,59,61,900.0
64,3,370,1702,71,42,1000.0
64,-1,357,1644,64,46,1000.0
64,3,360,1657,76,57,450.0
64,2,335,1540,67,64,1500.0
64,3,346,747,62,63,1900.0
64,5,351,1658,61,41,1400.0
64,0,363,1679,66,52,500.0
64,0,357,1657,69,39,600.0
64,0,333,1571,74,59,4000.0
64,11,332,1486,73,64,600.0
64,2,367,1704,66,53,2500.0
64,2,357,1678,74,64,800.0
64,4,356,1656,72,40,550.0
64,2,334,1568,76,52,750.0
64,3,349,1608,73,62,7400.0
64,0,295,1383,50,29,800.0
64,4,316,1505,62,65,700.0
64,1,341,1618,55,42,500.0
64,2,345,1594,78,59,750.0
64,0,321,1478,60,32,950.0
64,1,334,1555,69,33,600.0
64,2,308,1426,52,27,750.0
64,4,343,1586,80,57,1100.0
64,1,338,1575,70,36,600.0
64,5,353,1646,75,62,750.0
64,2,372,1699,81,41,1000.0
64,5,351,1608,73,57,800.0
64,0,334,693,59,63,600.0
64,2,343,1542,77,25,800.0
64,0,351,1634,74,37,1300.0
64,1,362,1654,86,58,1000.0
64,1,354,1627,74,42,750.0
64,1,359,1721,55,52,700.0
64,1,352,1695,68,45,9800.0
64,1,329,1533,62,37,9000.0
64,1,343,624,68,62,2000.0
64,0,357,932,61,62,8900.0
64,3,353,1616,72,36,600.0
64,5,367,1735,84,61,750.0
64,0,363,805,65,63,700.0
64,4,376,1821,52,62,500.0
64,-1,368,877,65,65,10000.0
64,2,375,1734,76,48,700.0
64,2,335,1596,73,65,7600.0
64,0,329,1518,69,30,750.0
64,5,359,1679,58,51,10000.0
64,1,349,1643,67,66,10000.0
64,2,366,1723,73,51,650.0
64,-2,320,1540,55,64,950.0
64,-1,379,1772,70,52,10000.0
64,12,334,1504,50,49,800.0
64,5,371,1710,79,52,550.0
64,1,349,748,67,59,3000.0
64,-1,323,1537,70,55,1200.0
64,5,330,1571,70,59,550.0
64,2,338,1551,69,35,1100.0
64,-1,344,1590,80,64,1000.0
64,-1,352,1665,80,59,800.0
64,-3,349,1696,57,51,650.0
64,0,337,1578,62,52,800.0
64,12,349,690,64,67,950.0
64,1,365,1697,68,47,700.0
64,-1,318,1480,58,30,950.0
64,2,342,1584,62,63,650.0
64,9,335,1497,79,31,800.0
64,6,349,1576,71,34,4900.0
64,5,346,1558,85,55,600.0
64,5,312,1500,69,66,9800.0
64,3,394,1750,78,59,650.0
64,59,364,1698,65,59,1000.0
64,22,337,1620,77,57,2500.0
64,0,352,1656,59,58,1900.0
64,29,359,1711,64,47,8000.0
64,0,307,1433,55,32,10000.0
64,3,344,1599,72,38,500.0
64,3,343,1585,86,53,2000.0
64,6,341,1580,83,65,750.0
64,0,337,1531,68,30,750.0
64,0,372,1731,68,54,950.0
64,0,370,1658,70,46,750.0
64,0,357,1639,67,41,650.0
64,80,338,1539,73,33,650.0
64,14,362,1735,68,56,1300.0
64,2,320,1500,56,31,10000.0
64,3,309,1503,45,67,900.0
64,0,378,1797,67,63,800.0
64,6,378,1754,76,57,1000.0
64,2,352,1661,67,44,600.0
64,2,339,638,61,62,700.0
64,28,348,1627,78,59,700.0
64,1,351,1632,66,41,550.0
64,3,327,1569,70,39,700.0
64,0,370,1726,64,59,9900.0
64,1,343,1622,51,48,2200.0
64,8,354,1636,65,46,4100.0
64,-3,308,1408,53,30,700.0
64,3,353,1688,70,42,750.0
64,2,320,1487,61,31,950.0
64,-1,316,1497,55,35,2000.0
64,1,353,1646,68,64,750.0
64,2,354,1730,73,68,6900.0
64,2,353,1639,70,47,750.0
64,1,325,1554,68,38,600.0
64,3,343,1596,63,38,600.0
64,5,325,1549,55,64,9700.0
64,-2,355,1680,70,59,10000.0
64,3,360,1691,72,57,650.0
64,3,358,1715,65,47,1100.0
64,2,345,1616,75,63,700.0
64,1,332,1582,76,60,750.0
64,-3,357,1695,70,47,600.0
64,12,346,1626,64,58,700.0
64,6,341,1578,64,38,700.0
64,2,331,1510,67,34,800.0
64,1,362,1707,71,44,3300.0
64,0,357,1629,90,59,700.0
64,-1,362,1718,70,50,6800.0
64,6,340,1563,75,61,750.0
64,2,357,621,64,64,1100.0
64,2,345,1555,66,40,700.0
64,2,318,1467,61,33,650.0
64,-2,331,1570,61,67,10000.0
64,6,356,1673,67,59,700.0
64,0,339,1512,77,34,650.0
64,1,330,1495,73,59,950.0
64,0,337,1625,64,45,700.0
64,2,370,1676,78,55,750.0
64,3,335,1542,67,63,800.0
64,0,323,1460,67,54,10000.0
64,9,373,1710,73,52,600.0
64,-1,352,1625,70,46,650.0
64,182,352,1643,77,62,2400.0
64,-2,386,1788,75,62,9900.0
64,3,351,1606,77,31,900.0
64,-2,308,1417,60,30,10000.0
64,5,326,1514,71,66,650.0
64,-3,340,1551,70,34,2200.0
64,4,312,1408,64,25,850.0
64,2,353,1690,73,62,650.0
64,2,376,1734,76,56,700.0
64,3,366,1671,69,48,500.0
64,4,296,1313,59,25,1000.0
64,1,349,1656,57,49,600.0
64,1,347,1579,53,45,600.0
64,1,344,1531,72,36,1200.0
64,4,345,1589,58,42,550.0
64,0,332,1552,71,65,700.0
64,3,334,633,63,63,900.0
64,7,341,1630,81,55,950.0
64,3,319,1452,65,25,400.0
64,0,322,1485,67,62,650.0
64,1,336,1578,79,51,2000.0
64,1,372,1761,71,55,550.0
64,1,382,1777,82,59,650.0
64,3,355,1657,69,42,1400.0
64,-2,380,1774,67,61,1500.0
64,1,374,1694,84,65,2500.0
64,1,348,1664,65,45,650.0
64,2,350,1582,63,45,700.0
64,1,356,1716,63,54,650.0
64,5,335,576,64,64,700.0
64,3,365,1677,79,49,600.0
64,5,337,1604,64,64,750.0
64,2,309,1402,62,30,650.0
64,4,323,1538,66,62,800.0
64,35,336,1613,72,57,800.0
64,-5,332,1516,61,67,650.0
64,4,310,1452,58,26,3100.0
64,3,340,1667,65,52,750.0
64,4,356,1694,67,53,700.0
64,10,379,1699,78,56,1000.0
64,0,343,1585,86,53,700.0
64,1,342,1580,71,58,600.0
64,2,319,1393,70,26,750.0
64,1,313,1399,57,25,650.0
64,1,376,1715,72,52,800.0
64,1,366,1667,82,62,800.0
64,0,359,1716,60,60,800.0
64,1,343,1568,90,59,650.0
64,1,369,1743,69,59,700.0
64,0,343,1622,51,48,200.0
64,2,390,1839,77,54,5000.0
64,-3,356,1616,64,46,700.0
64,0,365,1758,68,53,700.0
64,0,358,1656,73,47,700.0
64,-2,367,1675,81,61,1000.0
64,-2,361,1737,70,48,750.0
64,1,307,1398,53,27,1400.0
64,3,354,1694,78,62,700.0
64,2,364,1659,85,47,900.0
64,2,354,1636,65,46,1000.0
64,-1,341,1609,76,57,1300.0
64,10,350,1552,72,32,800.0
64,7,349,719,64,62,700.0
64,3,370,1736,83,60,700.0
64,12,378,1733,77,49,700.0
64,-1,372,1768,64,56,1000.0
64,-1,325,1536,38,53,950.0
64,2,353,1633,82,57,700.0
64,0,315,1454,66,25,1300.0
64,1,367,1768,61,58,500.0
64,2,312,1500,69,66,700.0
64,0,363,1716,62,53,700.0
64,0,372,1791,73,59,550.0
64,-5,367,1635,79,45,8900.0
64,0,336,1549,76,62,1000.0
64,1,369,1706,65,50,1200.0
64,7,354,1666,73,57,1000.0
64,-1,366,1698,64,63,700.0
64,1,344,1640,55,42,1000.0
64,1,370,735,63,63,1300.0
64,0,364,1665,75,46,600.0
64,0,386,1788,75,62,750.0
64,6,369,1654,90,60,700.0
64,-1,340,1616,58,46,800.0
64,2,325,1507,68,33,700.0
64,1,359,1679,58,51,700.0
64,0,360,844,65,64,650.0
64,-1,357,1676,76,62,700.0
64,1,352,1746,45,59,1000.0
64,0,351,1652,57,44,2000.0
64,2,349,1608,73,62,750.0
64,6,368,1733,69,49,1800.0
64,-7,323,1537,70,55,8900.0
64,1,317,1475,73,54,1000.0
64,-1,307,1433,55,32,1100.0
64,0,313,1417,64,32,350.0
64,1,311,1406,74,22,950.0
64,0,369,1718,69,56,1000.0
64,1,317,1475,62,39,550.0
64,1,325,1549,55,64,1300.0
64,-1,332,1524,63,32,700.0
64,0,362,1658,82,36,650.0
64,1,349,1627,76,40,800.0
64,-1,382,1846,66,64,900.0
64,-2,395,1849,75,57,450.0
64,0,371,1689,81,53,750.0
64,-1,347,1598,76,60,650.0
64,0,342,1574,74,61,700.0
64,1,334,1560,76,61,1700.0
64,1,360,1680,76,63,1000.0
64,1,308,1431,53,29,1200.0
64,2,335,1564,82,60,500.0
64,0,379,1810,71,58,700.0
64,1,340,1589,81,62,1400.0
64,-3,381,1784,76,58,950.0
64,3,347,1581,61,41,800.0
64,-1,348,1659,62,63,1200.0
64,3,331,1586,80,58,800.0
64,3,341,1579,63,63,1000.0
64,1,339,783,64,62,1300.0
64,-1,332,1525,72,64,700.0
64,2,335,1615,51,38,700.0
64,0,349,1590,69,34,850.0
64,-2,362,1738,51,59,700.0
64,2,361,1729,65,50,700.0
64,-3,341,1605,70,62,700.0
64,1,368,1741,81,59,900.0
64,3,345,1653,70,59,700.0
64,4,364,693,63,69,800.0
64,3,336,1585,50,36,800.0
64,0,349,1607,73,37,650.0
64,0,358,1656,86,60,750.0
64,1,329,1533,62,37,750.0
64,1,341,1563,86,64,950.0
64,1,318,1450,70,25,900.0
64,2,323,1460,67,54,8900.0
64,1,378,1736,72,57,8900.0
64,0,344,1596,81,64,750.0
63,392,368,1694,81,59,750.0
63,3,346,935,64,62,600.0
63,1,348,877,63,61,3000.0
63,1,358,1750,65,61,650.0
63,2,364,860,63,62,1000.0
63,3,338,1637,48,48,750.0
63,5,334,1721,50,64,650.0
63,0,384,1814,83,62,700.0
63,3,337,1699,37,57,550.0
63,0,333,1672,35,52,8000.0
63,1,362,1827,51,60,2000.0
63,-2,354,1673,68,58,1500.0
63,5,339,715,64,61,800.0
63,0,366,1750,58,58,1000.0
63,4,343,1689,39,51,600.0
63,1,375,992,63,62,850.0
63,2,344,1664,48,53,1600.0
63,2,358,1743,47,59,700.0
63,4,328,1570,48,42,6300.0
63,3,336,1598,43,48,700.0
63,2,372,1790,53,59,800.0
63,-1,333,782,62,63,800.0
63,2,352,1735,59,54,7300.0
63,4,349,801,62,63,1000.0
63,0,376,1791,71,52,650.0
63,-2,318,1458,41,40,1000.0
63,2,372,1772,48,58,750.0
63,24,336,1616,52,63,650.0
63,2,328,1684,39,63,700.0
63,3,326,1563,61,35,800.0
63,-1,373,1798,59,59,1000.0
63,0,342,1661,51,46,900.0
63,0,348,804,64,62,1000.0
63,-3,374,1783,68,59,1400.0
63,-1,322,1482,52,33,1100.0
63,-1,335,1626,54,62,750.0
63,3,344,1526,68,38,800.0
63,1,363,1731,74,63,7400.0
63,3,344,1618,66,62,950.0
63,1,370,1789,65,54,800.0
63,0,366,1735,58,54,700.0
63,2,309,1423,51,28,1000.0
63,1,314,1509,47,41,900.0
63,0,374,1767,71,57,700.0
63,1,368,1837,50,62,10000.0
63,1,348,794,64,63,1400.0
63,0,361,1746,57,61,800.0
63,2,332,1609,55,65,10000.0
63,3,378,1776,65,62,2500.0
63,4,349,1727,40,57,500.0
63,3,361,1677,59,54,700.0
63,1,367,1679,74,54,1800.0
63,0,362,1655,79,58,650.0
63,2,354,728,62,60,650.0
63,3,355,1784,48,51,1000.0
63,2,372,998,64,61,550.0
63,1,359,1700,66,48,750.0
63,0,358,1670,71,63,1400.0
63,1,357,1707,44,55,700.0
63,4,336,1593,65,62,700.0
63,2,359,1664,77,60,750.0
63,1,298,1453,44,33,600.0
63,0,369,1782,57,61,650.0
63,0,374,1709,87,50,750.0
63,0,367,1734,61,54,3000.0
63,6,373,1765,73,60,600.0
63,2,344,1558,76,38,650.0
63,1,355,878,63,62,7800.0
63,2,376,1750,80,60,9700.0
63,0,360,1656,75,62,700.0
63,0,372,1783,70,59,600.0
63,-1,374,1770,76,54,500.0
63,4,351,1599,67,62,950.0
63,0,370,1781,72,54,800.0
63,2,364,1794,58,65,2500.0
63,4,368,1776,62,57,800.0
63,1,318,1442,62,28,850.0
63,1,341,1630,53,41,1200.0
63,2,357,1668,79,61,10000.0
63,0,341,1556,68,38,700.0
63,0,335,1603,46,42,800.0
63,-4,372,1797,64,54,950.0
63,0,343,1591,55,48,4500.0
63,2,351,1646,57,46,700.0
63,-1,362,1732,61,62,750.0
63,2,356,1625,74,46,1000.0
63,2,374,1770,62,56,9900.0
63,-2,386,1832,74,59,1100.0
63,0,359,1687,71,47,800.0
63,1,361,1716,79,62,700.0
63,-2,329,1614,31,54,650.0
63,1,381,1764,69,50,1000.0
63,1,329,1680,68,60,700.0
63,-1,345,1616,48,47,2000.0
63,0,361,1683,76,63,600.0
63,0,353,1661,51,50,2000.0
63,2,362,856,63,64,700.0
63,4,313,1483,39,65,9200.0
63,0,352,1665,65,64,1300.0
63,-2,300,1366,45,26,650.0
63,2,358,1719,74,45,650.0
63,-1,360,1701,66,61,8000.0
63,0,347,1657,75,35,500.0
63,1,347,1656,63,63,1000.0
63,-3,305,1416,48,26,10000.0
63,2,361,1695,72,48,2400.0
63,1,283,1382,34,37,700.0
63,2,368,1712,73,55,3400.0
63,5,342,1500,68,40,1400.0
63,0,372,1769,66,54,850.0
63,-1,358,1717,65,61,900.0
63,1,352,1671,79,61,8100.0
63,0,378,1735,81,53,2000.0
63,-8,358,901,64,64,650.0
63,-3,346,1686,78,56,950.0
63,2,366,1775,54,56,750.0
63,0,322,1508,58,33,10000.0
63,-2,382,1835,69,59,9800.0
63,1,357,852,63,61,1400.0
63,1,370,1766,66,60,1000.0
63,0,352,864,62,61,1500.0
63,0,367,1723,76,52,8400.0
63,0,326,1500,76,44,650.0
63,0,346,1623,59,46,1400.0
63,-2,360,1665,82,61,700.0
63,-1,350,1657,50,55,800.0
63,0,350,783,63,61,850.0
63,0,346,1627,80,62,1400.0
63,1,331,1633,69,61,1300.0
63,22,352,1616,66,44,9900.0
63,0,357,1690,64,56,5100.0
63,0,358,1624,75,60,10000.0
63,0,354,1621,68,46,3000.0
63,9,361,1703,75,41,650.0
63,4,374,1755,74,46,1200.0
63,5,351,1645,83,59,850.0
63,4,346,844,62,59,3800.0
63,2,379,1741,83,54,950.0
63,0,334,1559,80,56,500.0
63,0,368,1714,71,52,950.0
63,4,365,1738,78,48,650.0
63,-1,362,832,62,65,750.0
63,-1,350,1634,70,33,850.0
63,5,359,1693,77,56,900.0
63,-1,362,1615,73,58,950.0
63,1,328,1517,63,32,700.0
63,2,371,1719,58,59,4800.0
63,-2,369,1760,67,52,1000.0
63,2,372,1748,75,50,750.0
63,0,359,842,67,60,950.0
63,1,367,1633,83,59,700.0
63,-1,353,1707,52,55,1800.0
63,2,370,1772,63,64,650.0
63,4,348,1578,82,58,700.0
63,1,348,1564,71,63,700.0
63,-1,368,1669,81,46,9700.0
63,15,351,1631,66,62,600.0
63,-1,362,1674,70,46,9900.0
63,3,354,1600,72,37,750.0
63,0,357,1719,67,45,950.0
63,3,365,1713,66,51,8400.0
63,1,355,701,63,63,4400.0
63,3,316,1435,61,33,750.0
63,10,332,672,64,54,1100.0
63,1,366,1733,62,51,600.0
63,-3,339,1563,69,35,800.0
63,0,363,1749,72,62,4200.0
63,0,370,1746,72,54,800.0
63,2,383,1841,68,61,850.0
63,0,381,1780,76,56,550.0
63,1,346,1664,73,59,1800.0
63,-2,350,1603,72,39,700.0
63,0,354,1629,74,61,9800.0
63,7,343,1520,82,29,600.0
63,0,357,748,66,61,800.0
63,4,340,1617,73,63,1400.0
63,0,357,807,64,61,1000.0
63,3,363,1656,83,61,650.0
63,1,356,1631,83,38,800.0
63,3,336,1530,75,54,4900.0
63,2,334,1565,63,62,4500.0
63,-2,324,1520,72,63,7300.0
63,1,361,1672,72,42,950.0
63,2,358,1672,64,45,3000.0
63,4,380,1767,72,58,800.0
63,-1,342,1535,69,35,800.0
63,0,345,1640,83,52,1000.0
63,2,340,1577,62,64,9400.0
63,1,357,1724,71,43,800.0
63,0,345,699,63,60,800.0
63,1,347,707,67,62,1000.0
63,2,341,1547,75,33,700.0
63,8,341,1551,70,31,600.0
63,0,374,1791,66,57,2200.0
63,0,348,1570,91,57,2000.0
63,7,354,1600,84,59,3500.0
63,5,353,1658,76,64,750.0
63,0,358,1586,86,55,4400.0
63,1,344,1568,73,25,800.0
63,0,362,1668,77,53,1400.0
63,1,338,674,64,63,650.0
63,0,341,1601,63,39,8000.0
63,0,386,1778,71,57,2400.0
63,0,348,1628,64,41,2400.0
63,0,349,1531,80,34,700.0
63,3,369,1717,81,59,3500.0
63,-1,335,673,64,62,10000.0
63,-2,359,1551,88,41,700.0
63,1,345,1601,63,40,650.0
63,0,326,1464,61,30,2300.0
63,1,376,1707,73,52,650.0
63,1,369,1780,61,56,750.0
63,29,352,1636,67,60,1800.0
63,-1,358,1678,69,54,700.0
63,1,358,1683,69,60,950.0
63,1,377,1747,78,60,800.0
63,2,341,1603,81,56,800.0
63,22,305,1473,57,63,700.0
63,-2,374,1752,64,56,8200.0
63,-1,368,1681,77,53,3500.0
63,0,371,1762,75,49,700.0
63,1,369,1730,67,55,650.0
63,3,303,1391,53,28,650.0
63,0,311,1465,54,33,1400.0
63,4,372,1736,70,51,700.0
63,4,336,643,63,61,600.0
63,3,339,667,67,64,700.0
63,3,343,1623,55,41,600.0
63,-1,345,719,63,62,650.0
63,0,340,1499,87,55,8900.0
63,0,326,1516,69,60,700.0
63,4,360,1694,83,46,650.0
63,1,382,1800,72,59,850.0
63,3,319,1422,80,30,700.0
63,3,362,1675,80,60,800.0
63,5,355,1606,82,54,1100.0
63,-1,355,1678,69,44,900.0
63,1,351,1667,77,44,600.0
63,1,332,1530,71,28,700.0
63,1,332,1550,69,50,800.0
63,2,339,1545,74,62,650.0
63,1,348,1626,77,57,1200.0
63,1,348,726,66,60,10000.0
63,0,338,1544,74,61,700.0
63,-1,339,1577,80,62,9900.0
63,0,325,1569,56,30,850.0
63,5,351,630,64,64,1200.0
63,3,361,1621,73,60,1600.0
63,22,374,1694,80,50,650.0
63,1,343,1602,66,43,700.0
63,2,371,1717,80,52,650.0
63,3,329,1518,65,28,2300.0
63,8,307,1402,54,25,1000.0
63,2,339,1607,55,42,900.0
63,7,370,1726,68,53,1500.0
63,0,328,1449,64,34,800.0
63,1,354,1663,61,49,750.0
63,5,360,1690,71,46,800.0
63,1,367,1733,68,61,9900.0
63,0,340,1579,69,63,500.0
63,6,332,1524,64,62,1200.0
63,2,367,1715,68,50,10000.0
63,2,326,1516,72,63,9800.0
63,0,353,1691,72,60,750.0
63,5,338,1576,71,61,9600.0
63,1,336,1565,62,42,1000.0
63,1,367,1690,79,55,900.0
63,-2,273,1279,41,24,750.0
63,0,369,1688,72,53,700.0
63,-1,299,1403,58,25,5400.0
63,-3,344,654,67,60,750.0
63,4,326,1531,54,33,950.0
63,-1,355,1656,77,61,700.0
63,1,367,1679,82,48,700.0
63,1,363,1671,80,52,550.0
63,0,352,1640,83,64,7500.0
63,3,340,678,60,60,9800.0
63,0,352,1602,76,39,950.0
63,0,337,687,64,63,700.0
63,-2,375,1780,70,53,800.0
63,1,358,1657,78,61,700.0
63,1,311,1382,58,25,700.0
63,0,340,1595,68,41,700.0
63,0,359,1656,76,47,700.0
63,2,338,1506,73,26,1000.0
63,4,346,1619,73,54,900.0
63,4,387,1749,83,59,1400.0
63,3,365,1675,67,46,500.0
63,5,366,1764,68,55,900.0
63,1,344,1539,78,28,1000.0
63,2,336,1643,52,44,9300.0
63,2,345,673,66,61,1200.0
63,0,345,1561,68,34,700.0
63,0,356,1617,73,47,1000.0
63,4,316,1464,46,63,1000.0
63,1,357,1643,72,48,700.0
63,3,359,1664,78,54,600.0
63,0,338,1613,63,64,950.0
63,3,356,619,65,65,800.0
63,5,294,1366,51,29,1000.0
63,3,372,1714,85,56,650.0
63,1,343,1588,73,56,800.0
63,0,354,1607,75,40,750.0
63,8,364,1702,78,63,6400.0
63,0,331,1463,70,63,650.0
63,1,341,1571,54,44,900.0
63,1,371,1754,66,53,950.0
63,6,363,1722,62,56,3000.0
63,1,336,1540,74,34,700.0
63,3,357,1673,64,43,5000.0
63,1,388,1829,76,63,850.0
63,2,358,1648,84,61,650.0
63,8,353,1652,68,59,1000.0
63,4385,363,1634,82,38,7000.0
63,1,341,1594,76,57,950.0
63,2,295,1359,46,35,700.0
63,4,377,1755,77,55,900.0
63,2,352,1629,70,41,750.0
63,6,325,1475,82,52,1000.0
63,-3,309,1378,55,29,750.0
63,21,351,1597,75,32,750.0
63,2,354,1675,69,63,4100.0
63,-1,317,1433,65,31,1100.0
63,-2,336,1579,58,35,6100.0
63,0,312,1458,53,32,700.0
63,-3,332,1564,75,62,1200.0
63,3,350,1717,72,46,950.0
63,1,349,648,66,63,850.0
63,2,358,1628,71,43,2000.0
63,-1,353,709,61,62,2000.0
63,1,368,1798,71,57,700.0
63,3,369,1720,70,55,700.0
63,0,341,643,67,64,650.0
63,4,333,1427,78,32,700.0
63,0,377,1781,74,55,500.0
63,0,333,1527,88,56,850.0
63,1,359,1688,80,57,700.0
63,0,357,1663,74,60,9900.0
63,2,292,1353,46,32,650.0
63,2,310,1476,55,64,950.0
63,-1,353,1599,71,35,650.0
63,3,368,1666,82,56,750.0
63,2,323,1517,66,63,550.0
63,1,338,1529,83,62,650.0
63,-1,380,1729,82,55,1200.0
63,-1,372,1738,72,50,700.0
63,5,368,1672,81,57,700.0
63,1,356,1760,69,59,750.0
63,-1,334,589,62,64,650.0
63,4,381,1748,88,52,500.0
63,3,354,1661,65,44,10000.0
63,0,357,1646,72,48,7000.0
63,3,341,718,64,63,950.0
63,7,349,1681,64,47,800.0
63,0,374,1755,79,57,4300.0
63,-1,349,1592,76,50,550.0
63,-3,353,1672,76,61,1500.0
63,4,358,1689,78,60,3800.0
63,0,348,621,63,61,900.0
63,1,365,1692,72,53,9600.0
63,0,359,1665,74,47,700.0
63,2,339,1682,58,54,600.0
63,4,352,1675,63,52,750.0
63,2,321,1404,71,28,1700.0
63,5,378,1788,77,52,500.0
63,-1,347,1613,77,42,650.0
63,-1,340,1543,78,31,950.0
63,2,376,1784,73,56,800.0
63,1,360,1647,81,61,1000.0
63,1,360,1711,78,58,800.0
63,0,327,1561,64,65,5900.0
63,3,335,1590,71,57,950.0
63,0,350,859,66,62,2400.0
63,4,363,1713,66,50,750.0
63,2,363,1673,66,53,1100.0
63,-2,355,824,60,63,6800.0
63,24,358,1626,91,63,2100.0
63,0,345,1556,78,30,1300.0
63,2,321,1456,67,32,2400.0
63,2,350,1631,54,55,650.0
63,0,359,1641,69,53,2000.0
63,-1,351,1662,67,47,650.0
63,1,333,1567,78,58,650.0
63,3,323,1506,66,62,700.0
63,2,334,1520,77,60,900.0
63,2,366,1704,70,51,550.0
63,2,344,1621,71,55,900.0
63,12,347,1611,77,49,700.0
63,0,356,1665,66,43,700.0
63,200,339,1571,78,65,1200.0
63,1,353,1732,66,53,850.0
63,1,331,1513,70,31,700.0
63,6,364,1696,77,53,850.0
63,3,341,1569,73,56,800.0
63,3,310,1367,61,28,550.0
63,1,312,1438,56,33,2500.0
63,1,353,1603,73,45,800.0
63,0,348,1633,70,56,650.0
63,1,364,1728,65,55,700.0
63,2,363,1664,86,61,950.0
63,0,343,1657,63,45,3000.0
63,0,322,1504,64,63,700.0
63,-1,317,1451,64,29,850.0
63,1,365,1721,73,47,950.0
63,-1,335,1598,78,62,4300.0
63,3,355,1652,72,32,700.0
63,1,344,1548,72,30,650.0
63,1,324,1483,60,43,900.0
63,-2,357,1657,75,57,1500.0
63,7,360,748,63,62,850.0
63,5,318,1455,57,61,1200.0
63,21,340,664,64,63,600.0
63,0,352,1584,79,40,900.0
63,0,326,1502,69,31,700.0
63,3,368,1751,59,51,700.0
63,2,345,1608,79,62,700.0
63,2,347,1538,77,40,700.0
63,2,337,573,62,60,700.0
63,3,355,811,65,61,900.0
63,1,274,1316,33,30,650.0
63,3,366,1706,73,53,750.0
63,0,351,1649,80,57,1000.0
63,2,374,1690,87,61,6000.0
63,-1,343,1653,67,65,7200.0
63,0,362,1739,59,55,700.0
63,-1,325,1523,72,67,9000.0
63,0,373,1731,77,57,850.0
63,1,338,612,65,58,1300.0
63,0,334,1542,68,34,1300.0
63,4,333,1515,70,26,750.0
63,-8,364,1709,76,63,3800.0
63,3,331,1574,61,63,650.0
63,4,328,1510,64,52,400.0
63,2,319,1424,74,24,8800.0
63,2,334,711,65,61,1000.0
63,2,378,1742,71,55,700.0
63,2,287,1382,34,31,700.0
63,46,322,1491,63,53,950.0
63,-1,341,574,68,61,700.0
63,3,361,1699,68,56,600.0
63,0,300,1364,57,31,700.0
63,2,349,641,65,62,700.0
63,2,321,1474,61,32,800.0
63,0,318,1451,65,24,750.0
63,1,383,1769,73,56,1200.0
63,1,315,1437,59,34,10000.0
63,0,354,1621,68,57,700.0
63,21,364,1631,84,54,500.0
63,760,344,1524,88,62,650.0
63,1,325,1463,65,31,700.0
63,6,343,1570,82,61,9900.0
63,1,339,1591,65,40,750.0
63,2,345,1615,67,46,1000.0
63,0,362,1659,73,49,6900.0
63,0,355,1658,66,40,1800.0
63,2,310,1412,66,26,650.0
63,13,332,1500,62,36,1200.0
63,1,352,1686,65,53,800.0
63,-1,315,1397,72,25,9500.0
63,-1,361,1724,71,59,950.0
63,3,368,1673,74,54,700.0
63,0,341,1556,71,60,950.0
63,2,346,1595,83,62,1200.0
63,3,346,1635,57,46,650.0
63,0,305,1393,55,34,850.0
63,0,308,1459,67,26,600.0
63,2,330,741,64,67,3500.0
63,-2,352,1595,68,41,900.0
63,4,344,1581,82,63,750.0
63,0,348,1626,76,64,750.0
63,7,339,1538,62,33,750.0
63,4,351,1637,71,51,700.0
63,2,329,1556,73,63,9200.0
63,0,358,1654,75,61,9700.0
63,1,358,1692,63,51,8000.0
63,0,337,1484,64,61,800.0
63,1,357,1702,68,62,950.0
63,1,350,1595,55,43,450.0
63,4,329,1529,62,33,5900.0
63,0,344,1594,72,56,2400.0
63,5,317,1493,52,36,650.0
63,-1,292,1369,58,22,1000.0
63,-1,330,1549,74,60,950.0
63,0,316,1497,57,65,7200.0
63,2,344,1617,59,53,1700.0
63,0,327,1503,53,32,1400.0
63,-3,353,1627,71,50,700.0
63,-2,325,1546,64,66,2000.0
63,1,344,1636,55,49,1400.0
63,-3,298,1423,55,34,700.0
63,0,354,1625,86,59,750.0
63,1,336,1543,83,58,900.0
63,-1,341,1607,76,55,6900.0
63,1,312,1440,52,35,9000.0
63,-2,318,1469,65,63,1800.0
63,1,331,1562,71,58,950.0
63,8,337,611,66,62,2900.0
63,0,360,1690,71,56,1100.0
63,0,347,1679,68,64,700.0
63,1,350,1728,53,47,1800.0
63,1,349,1705,39,58,1000.0
63,1,352,1616,78,61,800.0
63,1,341,1549,73,61,1000.0
63,3,353,1637,79,63,750.0
63,2,348,1675,78,63,900.0
63,-2,350,1611,80,55,5500.0
63,2,362,1673,70,61,600.0
63,6,346,1618,77,61,2100.0
63,13,328,1482,61,61,700.0
63,-4,370,1742,66,57,750.0
63,2,326,1489,73,61,900.0
63,0,321,1482,79,59,1000.0
63,1,349,1625,69,58,950.0
63,4,302,1430,59,64,10000.0
63,1,316,1440,60,32,650.0
63,-1,360,1718,68,53,800.0
63,2,348,1661,72,62,2500.0
63,1,310,1507,37,42,750.0
63,-1,377,1831,63,56,1200.0
63,2,360,1726,66,64,700.0
63,4,346,824,62,62,700.0
63,2,315,1527,66,64,2400.0
63,4,349,1627,68,60,850.0
63,5,315,1565,32,44,700.0
63,1,337,1696,42,53,1500.0
63,-2,332,1559,66,26,1000.0
63,-1,350,1734,55,62,1100.0
63,1,353,843,61,65,750.0
63,1,370,1766,64,61,1000.0
63,5,375,1809,67,57,600.0
63,-1,334,1591,54,39,600.0
63,1,373,1791,66,59,750.0
63,-4,362,1701,76,46,700.0
63,1,294,1395,34,34,2400.0
63,0,347,1613,55,62,2000.0
63,1,351,888,64,59,700.0
63,2,341,746,63,61,950.0
63,2,354,1687,80,47,1100.0
63,0,358,1687,69,51,2400.0
63,0,334,1540,64,33,2400.0
63,0,364,1691,59,43,5000.0
63,0,328,1570,65,64,700.0
63,0,369,1810,59,67,850.0
63,2,351,797,62,64,750.0
63,1,341,1553,72,36,9700.0
63,2,369,1791,66,63,1500.0
63,1,294,1362,55,28,550.0
63,1,336,1611,57,42,600.0
63,0,357,1663,61,49,600.0
63,-1,356,827,63,65,800.0
63,0,355,1656,75,52,10000.0
63,4,335,1572,64,60,1100.0
63,3,352,1669,69,59,600.0
63,0,352,1644,58,53,700.0
63,-3,317,1480,68,23,850.0
63,0,340,1537,77,56,5000.0
63,0,378,1764,72,60,1300.0
63,0,313,1434,61,31,850.0
63,2,361,1621,74,40,800.0
63,0,361,1743,55,52,2200.0
63,2,347,1625,75,35,600.0
63,-1,347,781,62,65,900.0
63,2,317,1500,56,33,700.0
63,0,382,1778,73,55,600.0
63,2,354,1722,53,57,800.0
63,0,352,791,68,59,600.0
63,-1,354,1603,69,53,4900.0
63,1,345,1618,58,43,700.0
63,0,346,1634,67,47,10000.0
63,3,348,698,63,61,1500.0
63,1,293,1363,42,32,1400.0
63,1,314,1452,75,26,900.0
63,-1,329,1566,66,58,750.0
63,1,333,1573,71,62,1000.0
63,4,342,1566,79,57,900.0
63,2,324,629,65,57,800.0
63,3,335,1537,65,32,1000.0
63,1,358,1644,65,46,9200.0
63,5,359,1687,79,40,700.0
63,0,363,1662,69,49,1000.0
63,2,359,1678,67,49,1200.0
63,5,354,1677,79,61,700.0
63,0,288,1315,58,23,9900.0
63,-1,337,1559,76,62,1000.0
63,1,320,1467,67,31,1000.0
63,3,331,1523,66,35,800.0
63,2,373,1670,80,56,800.0
63,1,326,1533,61,30,750.0
63,2,374,1785,70,58,10000.0
63,3,324,1504,55,41,800.0
63,2,348,1547,84,61,750.0
63,0,366,1665,80,45,8900.0
63,3,336,639,64,61,3900.0
63,4,346,1619,77,58,600.0
63,-2,350,652,65,64,10000.0
63,-2,316,1467,69,61,1500.0
63,0,343,740,62,60,700.0
63,-1,308,1429,58,26,700.0
63,1,324,1525,62,65,1000.0
63,-1,301,1376,47,29,9800.0
63,2,357,1653,73,57,2500.0
63,0,372,1728,77,56,9400.0
63,2,339,1549,77,61,2400.0
63,1,362,1671,64,50,3800.0
63,0,346,787,62,62,4500.0
63,3,342,1576,57,38,1000.0
63,0,358,1655,72,56,3000.0
63,0,336,1598,81,62,700.0
63,3,339,1541,81,57,750.0
63,2,310,1380,64,24,850.0
63,2,361,1676,71,52,800.0
63,1,347,1648,67,59,4900.0
63,2,341,1570,79,60,700.0
63,3,367,1737,67,62,10000.0
63,0,347,751,58,62,900.0
63,1,337,649,65,62,800.0
63,1,276,1304,42,23,900.0
63,1,336,1612,70,55,10000.0
63,1,338,1620,47,43,900.0
63,1,326,1530,73,62,750.0
63,3,331,1578,86,56,700.0
63,1,302,1421,52,34,750.0
63,1,326,1532,61,64,700.0
63,2,357,1639,70,47,700.0
63,0,330,1513,74,29,700.0
63,1,334,1595,68,62,950.0
63,-1,343,1590,75,39,650.0
63,4,325,1518,73,28,1400.0
63,3,363,1723,65,64,950.0
63,3,341,1584,74,62,900.0
63,1,347,1577,74,36,700.0
63,1,380,1792,68,54,650.0
63,2,372,1744,71,57,7200.0
63,-4,353,1646,71,46,900.0
63,2,350,1643,64,53,800.0
63,1,355,1665,71,39,10000.0
63,2,349,1559,82,29,850.0
63,6,365,1715,68,58,3200.0
63,0,306,1455,55,66,9800.0
63,0,345,604,66,67,2000.0
63,1,342,1537,64,39,650.0
63,0,351,1587,71,39,3500.0
63,5,360,1649,68,49,700.0
63,36,357,1700,66,60,950.0
63,1,339,1597,78,53,800.0
63,2,322,1490,81,59,6500.0
63,8,307,1395,64,28,750.0
63,10,370,1756,63,58,700.0
63,2,347,1634,58,50,700.0
63,1,345,1568,80,56,850.0
63,4,336,1542,81,62,850.0
63,19,354,1643,81,62,2100.0
63,7,347,1660,76,57,750.0
63,1,325,1496,71,57,10000.0
63,-2,352,1604,68,43,700.0
63,1,332,1537,69,33,750.0
63,5,336,1565,71,41,1000.0
63,4,353,1611,83,60,800.0
63,6,308,1361,64,26,650.0
63,0,355,1688,70,57,650.0
63,1,364,1718,68,58,750.0
63,-2,348,1628,67,56,7500.0
63,2,333,1622,67,53,7700.0
63,3,335,1564,75,63,750.0
63,4,333,1563,64,62,9500.0
63,1,331,1526,74,61,450.0
63,3,363,1663,75,46,650.0
63,3,316,1425,75,51,2400.0
63,1,369,1724,75,54,650.0
63,7,329,1512,73,59,1000.0
63,2,336,1566,82,58,950.0
63,0,311,1399,61,25,650.0
63,9,330,1569,72,62,900.0
63,0,346,1623,72,57,900.0
63,2,341,1543,67,36,600.0
63,3,350,1679,77,44,700.0
63,-5,370,848,64,61,700.0
63,5,346,1602,67,65,10000.0
63,-1,299,1368,66,26,1200.0
63,-3,322,1489,60,37,650.0
63,2,359,1699,65,51,9000.0
63,1,330,1518,71,35,700.0
63,2,358,1654,71,55,8900.0
63,1,369,1707,75,60,700.0
63,1,309,1407,63,22,500.0
63,2,348,1601,73,42,5700.0
63,2,343,585,64,63,850.0
63,13,335,1518,92,52,950.0
63,6,336,1551,68,34,800.0
63,-1,330,1528,61,62,5900.0
63,1,316,1501,68,64,9700.0
63,1,344,1598,82,58,9800.0
63,4,294,1317,38,28,650.0
63,3,345,1636,55,48,900.0
63,-1,333,1567,64,67,9900.0
63,2,300,1368,49,33,700.0
63,0,359,1681,67,48,7500.0
63,1,305,1415,63,31,9900.0
63,12,323,1530,67,63,2700.0
63,-1,361,1689,70,54,3000.0
63,1,326,1516,74,64,5500.0
63,34,337,1591,73,62,1100.0
63,2,359,1700,69,53,700.0
63,-1,346,1592,73,37,650.0
63,0,371,1756,74,63,1300.0
63,-6,322,1523,62,37,650.0
63,-2,346,1617,71,58,900.0
63,7,302,1459,57,62,4500.0
63,1,340,1587,67,58,1000.0
63,1,365,1704,72,50,700.0
63,0,354,840,65,63,800.0
63,1,339,1538,75,58,700.0
63,0,336,1544,70,31,650.0
63,0,330,1564,63,53,1700.0
63,3,291,1376,56,28,1200.0
63,5,355,822,66,63,850.0
63,-1,327,1505,70,36,10000.0
63,3,338,1576,75,27,450.0
63,0,331,1484,74,33,500.0
63,1,336,1662,66,51,1200.0
63,2,310,1406,61,34,900.0
63,3,314,1410,61,31,5500.0
63,-1,359,1645,66,51,750.0
63,-2,319,1487,61,34,650.0
63,2,387,1774,68,57,1100.0
63,2,314,1427,65,64,10000.0
63,-1,325,1499,68,62,800.0
63,34,342,658,62,61,550.0
63,0,364,1732,68,57,700.0
63,4,357,1621,69,46,1000.0
63,0,346,1588,66,38,750.0
63,-1,298,1354,53,25,7200.0
63,3,325,1490,75,64,10000.0
63,5,366,1707,67,50,1000.0
63,0,299,1355,53,30,700.0
63,8,343,1597,79,59,1000.0
63,2,337,1533,73,25,750.0
63,2,346,1543,81,29,600.0
63,0,326,630,62,62,800.0
63,4,316,1484,82,58,550.0
63,2,354,1619,76,40,2600.0
63,2,343,1611,72,59,750.0
63,1,292,1364,59,22,8900.0
63,8,339,1590,64,63,9800.0
63,1,367,1697,72,48,750.0
63,-2,363,1661,85,52,700.0
63,-2,346,1588,63,44,600.0
63,1,345,1627,57,52,1700.0
63,1,330,1521,68,62,900.0
63,3,320,1473,64,33,700.0
63,3,339,652,62,64,850.0
63,1,336,632,60,63,900.0
63,-2,360,1626,75,60,900.0
63,3,350,1600,71,46,2700.0
63,1,330,1520,80,32,850.0
63,-3,321,1467,72,29,950.0
63,25,363,1680,68,50,800.0
63,24,373,1751,75,57,1400.0
63,6,352,779,63,61,1200.0
63,3,339,1644,71,62,950.0
63,3,358,1675,65,48,700.0
63,3,365,1651,80,60,800.0
63,3,355,1715,77,58,1100.0
63,2,310,1442,66,64,2500.0
63,1,313,1462,63,65,650.0
63,1,344,1591,72,39,850.0
63,1,305,1382,60,31,9300.0
63,2,327,1474,60,30,1300.0
63,3,337,1590,65,40,4500.0
63,2,301,1394,57,28,650.0
63,1,348,1614,70,36,750.0
63,0,374,1744,69,53,700.0
63,9,332,1554,68,51,700.0
63,2,321,1559,72,52,800.0
63,3,358,1677,79,61,650.0
63,2,367,1695,70,52,9000.0
63,3,377,1813,67,49,1100.0
63,35,333,1558,73,63,700.0
63,2,342,631,65,64,1300.0
63,5,340,617,65,60,850.0
63,1,327,1538,68,48,500.0
63,2,349,1650,69,42,2000.0
63,3,335,673,64,62,3400.0
63,1,345,703,68,58,2400.0
63,12,321,1456,67,32,800.0
63,0,327,1561,64,65,7200.0
63,-1,359,922,64,62,900.0
63,0,346,1602,67,65,850.0
63,1,355,701,63,63,750.0
63,2,336,1643,52,44,950.0
63,2,339,631,61,63,650.0
63,-3,344,1615,56,48,700.0
63,-1,368,1701,72,52,900.0
63,2,336,1537,67,32,700.0
63,1,315,1453,57,34,1300.0
63,1,364,1702,78,63,850.0
63,0,358,1705,66,52,1700.0
63,-2,339,1584,77,36,1000.0
63,0,302,1422,54,33,750.0
63,-1,336,1543,83,58,700.0
63,1,345,1579,80,30,900.0
63,0,284,1330,36,26,700.0
63,-2,336,1530,75,54,650.0
63,1,338,1576,71,61,1000.0
63,0,336,1548,77,62,700.0
63,-1,324,1520,72,63,750.0
63,0,326,1489,53,43,900.0
63,0,323,1560,38,40,5100.0
63,-2,329,1504,66,31,1000.0
63,2,327,1505,70,36,1500.0
63,2,318,1456,63,29,4600.0
63,0,363,880,63,61,5000.0
63,8,354,1643,81,62,750.0
63,1,350,652,65,64,950.0
63,14,317,1484,72,64,750.0
63,0,354,1616,80,36,950.0
63,3,351,687,62,60,1300.0
63,1,344,1636,55,49,1000.0
63,0,356,1652,86,42,700.0
63,0,305,1422,61,27,800.0
63,0,334,1554,78,57,650.0
63,-1,309,1429,56,32,1900.0
63,0,292,1364,59,22,550.0
63,0,373,852,62,60,1800.0
63,-2,305,1416,48,26,1800.0
63,1,347,1570,75,29,800.0
63,0,339,656,65,62,900.0
63,0,362,1674,70,46,1000.0
63,-1,362,1659,73,49,700.0
63,0,326,1464,61,30,1000.0
63,1,368,1669,81,46,800.0
63,1,357,1668,79,61,850.0
63,3,372,1778,66,60,4200.0
63,1,337,1590,65,40,750.0
63,0,362,1686,64,52,950.0
63,9,316,1425,75,51,1500.0
63,3,362,1671,64,50,7200.0
63,2,315,1489,68,35,800.0
63,2,333,1567,64,67,1100.0
63,0,341,1534,67,29,1800.0
63,0,328,1514,63,30,4000.0
63,1,333,1622,67,53,750.0
63,4,352,1565,73,59,1000.0
63,0,383,1781,76,55,800.0
63,1,330,1528,61,62,1400.0
63,-1,340,1577,62,64,4600.0
63,0,332,1541,79,60,700.0
63,2,316,1467,69,61,700.0
63,1,354,1619,76,40,700.0
63,1,335,1572,63,61,1600.0
63,2,325,1490,75,64,800.0
63,1,331,1568,77,59,800.0
63,0,329,1510,65,66,700.0
63,0,360,1722,76,60,700.0
63,0,296,1407,55,31,750.0
63,0,302,1459,57,62,700.0
63,0,374,1770,62,56,1100.0
63,0,352,1640,83,64,1300.0
63,2,354,1693,76,61,5100.0
63,1,324,1425,67,29,800.0
63,0,378,1787,71,57,1000.0
63,0,305,1415,63,31,800.0
63,4,362,1673,70,61,600.0
63,-1,339,1549,76,47,900.0
63,0,388,1767,82,56,950.0
63,0,371,1719,58,59,950.0
63,0,305,1382,60,31,700.0
63,1,320,1452,61,28,8000.0
63,-1,392,1835,71,62,3000.0
63,1,367,1715,68,50,850.0
63,0,336,1579,58,35,900.0
63,0,382,1792,73,57,3400.0
63,-1,381,1751,81,58,5000.0
63,0,350,859,66,62,1200.0
63,0,343,1623,75,55,900.0
63,0,345,1616,45,51,700.0
63,2,341,1586,76,64,1200.0
63,0,314,1410,61,31,1800.0
62,2,294,1480,39,65,9200.0
62,2,350,1662,63,46,500.0
62,4,320,1519,32,49,600.0
62,3,359,956,62,61,900.0
62,-2,343,1675,65,61,700.0
62,2,357,1744,56,54,700.0
62,0,363,810,62,61,700.0
62,9,356,1654,61,62,10000.0
62,0,296,1400,40,31,1100.0
62,-1,365,1777,50,59,9000.0
62,1,355,1661,67,59,3500.0
62,3,347,1759,51,62,700.0
62,-1,367,1706,71,53,1400.0
62,4,346,1620,58,60,750.0
62,0,347,1767,46,57,650.0
62,-1,274,1244,46,20,1000.0
62,-2,342,1675,57,63,700.0
62,0,345,827,61,63,1200.0
62,5,321,1558,41,41,850.0
62,0,346,938,62,60,5800.0
62,0,356,1791,48,55,650.0
62,4,363,1748,64,58,650.0
62,0,378,1804,61,60,900.0
62,1,359,1712,66,50,10000.0
62,3,349,1639,70,37,900.0
62,4,368,1733,77,57,1000.0
62,-1,357,1746,53,53,550.0
62,14,371,1760,68,59,2400.0
62,0,370,1760,70,61,850.0
62,2,342,1621,81,60,700.0
62,8,360,1735,65,55,2200.0
62,1,361,1644,82,58,650.0
62,3,351,1721,64,58,1000.0
62,0,320,1481,47,37,950.0
62,9,312,1411,51,29,650.0
62,7,296,1408,39,29,650.0
62,0,372,1769,65,59,1400.0
62,1,316,1484,55,31,1000.0
62,2,366,831,63,55,10000.0
62,3,327,764,63,57,650.0
62,0,338,737,63,62,4000.0
62,2,352,875,61,58,1000.0
62,2,359,907,63,59,1000.0
62,4,356,817,62,60,2900.0
62,0,356,1646,71,45,650.0
62,13,280,1232,54,18,800.0
62,2,374,1714,81,52,850.0
62,2,340,1571,81,55,9900.0
62,6,375,1792,74,58,500.0
62,4,339,1609,81,57,1800.0
62,0,369,1717,79,54,950.0
62,0,295,1394,37,24,650.0
62,0,359,1742,64,55,1000.0
62,1,336,1549,78,30,1000.0
62,4,374,1741,72,56,750.0
62,-1,357,1683,57,51,700.0
62,2,353,864,62,61,1100.0
62,2,356,909,61,63,750.0
62,1,364,1733,68,51,850.0
62,2,347,818,61,61,1300.0
62,1,367,1722,72,53,800.0
62,0,321,1476,65,32,1500.0
62,56,369,1667,79,43,850.0
62,1,332,1533,68,27,550.0
62,2,358,911,61,62,1300.0
62,-2,338,1607,69,62,10000.0
62,0,367,1694,65,52,800.0
62,0,345,1610,67,39,700.0
62,1,353,1609,64,46,1400.0
62,1,350,1647,61,47,1000.0
62,1,352,1621,76,53,550.0
62,2,319,1491,69,61,700.0
62,1,358,1642,75,61,1000.0
62,0,379,1748,89,61,700.0
62,2,329,1541,82,57,1000.0
62,2,356,1706,65,58,10000.0
62,1,338,854,58,62,1400.0
62,-1,344,1637,43,50,850.0
62,3,314,1482,36,53,1200.0
62,3,350,808,64,61,1200.0
62,12,351,880,64,59,700.0
62,1,375,1763,72,54,650.0
62,0,350,1582,71,35,800.0
62,0,350,811,59,61,1000.0
62,2,337,767,63,59,8000.0
62,0,330,559,64,61,1100.0
62,-2,349,802,63,61,750.0
62,-1,360,1686,66,58,550.0
62,1,341,776,63,61,500.0
62,0,375,1817,64,49,700.0
62,-1,361,1671,80,48,550.0
62,0,359,1706,78,56,750.0
62,1,373,1776,67,58,2500.0
62,0,359,1659,63,53,800.0
62,2,374,1723,80,45,10000.0
62,0,378,1770,78,56,650.0
62,1,367,1749,72,58,900.0
62,0,342,1656,49,48,6000.0
62,-1,307,1414,56,29,700.0
62,1,349,1593,72,40,5500.0
62,5,317,1484,60,62,650.0
62,2,324,1467,61,29,750.0
62,0,354,1640,74,37,700.0
62,1,341,1595,68,38,2400.0
62,0,346,1574,68,39,1300.0
62,2,328,1548,50,42,7500.0
62,2,350,1635,66,43,950.0
62,3,369,1708,64,54,800.0
62,-1,363,1713,75,46,700.0
62,5,348,1603,84,55,1500.0
62,-2,355,829,63,61,2400.0
62,0,300,1368,48,28,700.0
62,2,364,1672,73,47,700.0
62,0,351,1716,65,62,4500.0
62,3,366,1698,82,60,700.0
62,1,309,1392,73,25,750.0
62,4,358,1618,91,58,700.0
62,-1,308,1391,62,26,700.0
62,-1,366,1685,65,55,800.0
62,2,339,713,59,60,700.0
62,3,308,1362,64,22,650.0
62,0,337,1611,66,35,950.0
62,2,308,1455,54,31,650.0
62,-2,343,1617,55,44,10000.0
62,2,298,1393,46,32,1000.0
62,-1,347,1631,68,39,700.0
62,1,362,1656,72,51,9900.0
62,0,313,1427,60,28,700.0
62,5,344,1552,82,59,700.0
62,1,363,1702,67,56,900.0
62,1,344,827,66,60,1500.0
62,2,347,683,63,61,2000.0
62,2,332,1514,68,30,650.0
62,0,329,1551,78,28,800.0
62,4,356,1591,90,59,700.0
62,4,367,1672,80,47,650.0
62,1,340,1533,74,36,1100.0
62,3,359,1685,65,57,800.0
62,2,361,1689,76,50,750.0
62,2,334,1566,61,62,1500.0
62,1,378,1729,70,56,700.0
62,1,369,1724,72,56,750.0
62,-5,318,1418,65,27,5800.0
62,-1,376,1741,68,57,800.0
62,-2,343,1618,69,57,1000.0
62,1,355,1628,78,55,850.0
62,2,358,1667,74,52,850.0
62,2,331,1569,58,34,550.0
62,-3,361,1680,79,44,1000.0
62,0,334,1589,70,61,2400.0
62,2,337,1585,75,47,700.0
62,-1,331,643,62,60,800.0
62,0,361,1700,69,50,850.0
62,-1,329,690,63,59,800.0
62,2,321,1500,65,63,500.0
62,36,334,1429,89,27,750.0
62,3,365,1734,65,56,750.0
62,3,292,1338,42,31,2500.0
62,1,310,1430,65,26,5000.0
62,9,325,598,59,59,1300.0
62,3,344,1587,70,37,4400.0
62,3,357,1671,65,55,900.0
62,0,330,1522,70,30,850.0
62,1,356,1634,72,41,3000.0
62,1,357,1693,74,55,800.0
62,2,344,1589,78,60,1000.0
62,-22,371,1688,77,56,650.0
62,1,365,1710,64,55,3900.0
62,-2,356,1643,78,42,1000.0
62,3,346,1565,72,35,5000.0
62,0,339,1605,65,62,9400.0
62,14,356,1694,87,60,950.0
62,-1,353,1637,77,58,6400.0
62,1,358,1632,77,31,1500.0
62,1,365,1700,80,56,10000.0
62,-1,352,1655,73,52,700.0
62,0,334,1563,68,58,8000.0
62,8,328,1485,80,54,3300.0
62,3,341,604,65,58,750.0
62,-1,349,1606,73,60,700.0
62,2,339,1617,54,52,850.0
62,15,349,1620,91,55,650.0
62,6,328,1516,77,60,1000.0
62,1,371,1703,81,49,1800.0
62,0,320,1415,60,34,1000.0
62,2,341,1646,66,39,900.0
62,0,373,1727,79,56,800.0
62,1,348,1608,70,47,4500.0
62,-1,338,1559,63,61,700.0
62,0,291,1388,51,28,700.0
62,0,332,1506,70,33,1000.0
62,7,325,1495,65,34,750.0
62,5,370,1721,67,54,700.0
62,2,332,1534,73,31,500.0
62,0,341,1565,71,37,850.0
62,0,348,651,64,63,2500.0
62,2,353,675,65,61,750.0
62,1,327,691,61,62,850.0
62,3,313,1395,77,24,3400.0
62,0,363,1713,66,52,750.0
62,0,323,1539,61,46,750.0
62,-1,319,1470,69,60,8200.0
62,2,363,1711,70,54,6500.0
62,3,327,1409,72,61,700.0
62,2,350,1558,63,40,700.0
62,1,340,1565,78,60,800.0
62,2,332,702,63,59,750.0
62,8,341,1523,77,33,700.0
62,5,354,1696,71,52,650.0
62,4,305,1477,51,34,3800.0
62,0,339,1593,63,59,1200.0
62,2,324,1487,69,27,1200.0
62,2,342,1556,72,34,700.0
62,4,354,1662,70,54,9800.0
62,2,349,1594,77,35,8900.0
62,1,336,1558,77,53,700.0
62,-2,341,1532,71,27,6900.0
62,1,348,1655,64,49,950.0
62,2,357,1652,70,48,900.0
62,0,333,1564,65,36,3900.0
62,1,324,1467,64,29,850.0
62,3,281,1302,53,27,1100.0
62,0,378,1763,76,61,650.0
62,1,351,656,64,61,700.0
62,0,374,1770,74,52,3200.0
62,1,345,1604,81,50,1100.0
62,0,372,1739,61,59,700.0
62,3,356,1672,70,51,800.0
62,0,367,1658,82,52,10000.0
62,1,335,590,65,63,500.0
62,4,340,1521,83,31,700.0
62,1,336,1569,70,57,700.0
62,2,340,1551,79,35,500.0
62,-1,325,1552,66,49,8900.0
62,2,335,1559,82,59,1200.0
62,-1,298,1347,47,30,900.0
62,2,349,1614,74,55,800.0
62,0,353,777,61,59,9900.0
62,0,322,1479,74,55,1000.0
62,-2,280,1307,55,23,650.0
62,2,330,1568,60,33,1300.0
62,1,372,1793,73,54,800.0
62,1,340,1533,75,30,1200.0
62,6,354,1562,86,40,250.0
62,-1,352,1656,63,48,900.0
62,1,320,1452,77,26,700.0
62,-1,358,1674,64,52,700.0
62,0,352,1714,65,62,1000.0
62,-1,345,1609,76,37,1200.0
62,0,357,1705,70,52,900.0
62,3,339,1501,73,26,9400.0
62,2,329,1460,66,24,2000.0
62,0,334,1484,69,38,650.0
62,-1,345,1556,68,60,8000.0
62,-1,360,1686,69,58,1000.0
62,1,324,1520,82,63,3900.0
62,6,357,1703,64,57,6400.0
62,2,350,1651,57,52,3900.0
62,3,334,1609,68,52,700.0
62,0,322,1495,62,62,850.0
62,2,347,1620,75,60,9000.0
62,3,323,1432,76,54,3000.0
62,0,299,1386,54,26,3500.0
62,1,350,1598,64,45,750.0
62,1,345,1573,70,39,9900.0
62,0,335,1521,67,40,700.0
62,5,339,1587,61,40,750.0
62,1,351,1683,68,43,850.0
62,7,354,1644,83,59,8900.0
62,0,338,1563,70,38,10000.0
62,1,312,1452,70,34,6500.0
62,0,358,1700,68,46,750.0
62,1,353,1670,60,49,800.0
62,-3,331,664,63,60,650.0
62,0,342,1644,73,54,650.0
62,0,333,1501,80,54,9900.0
62,2,331,1473,71,26,1000.0
62,0,341,810,65,64,700.0
62,1,360,1696,73,60,700.0
62,-1,344,1576,60,45,1600.0
62,0,339,784,61,60,1000.0
62,2,331,1514,60,37,700.0
62,0,343,722,62,62,2000.0
62,-1,331,1539,74,33,700.0
62,3,304,1401,59,28,700.0
62,-2,361,1635,84,47,900.0
62,1,342,1666,65,51,650.0
62,2,320,1424,70,60,500.0
62,3,327,1520,68,36,750.0
62,12,341,1647,70,58,1600.0
62,0,349,1580,75,44,10000.0
62,0,330,1534,67,36,200.0
62,0,327,1578,54,44,1000.0
62,1,346,868,64,61,700.0
62,1,357,1662,70,59,900.0
62,2,343,1631,58,44,800.0
62,5,315,1431,61,35,700.0
62,0,349,1645,69,38,750.0
62,5,341,626,64,63,650.0
62,0,331,697,65,62,2000.0
62,2,365,1715,74,58,3000.0
62,-2,368,1684,74,52,800.0
62,4,337,1598,66,41,1000.0
62,3,348,1569,82,39,700.0
62,1,341,1560,76,32,800.0
62,-1,340,1559,84,53,950.0
62,6,289,1314,59,30,7000.0
62,9,343,1579,78,40,2500.0
62,-1,346,1621,71,61,900.0
62,6,342,1572,68,64,750.0
62,0,302,1345,58,24,800.0
62,2,362,840,53,59,650.0
62,1,331,1518,63,34,700.0
62,1,344,1608,79,55,700.0
62,0,353,1623,74,48,1800.0
62,1,324,1494,74,57,4900.0
62,2,323,1530,64,37,1300.0
62,1,308,1424,59,30,800.0
62,4,343,1612,63,43,650.0
62,-1,308,1418,63,27,2400.0
62,0,372,1680,68,43,10000.0
62,1,340,607,62,63,750.0
62,2,339,1570,78,51,1000.0
62,-1,304,1425,50,32,600.0
62,0,303,1416,58,26,3600.0
62,1,319,1485,66,59,4900.0
62,47,350,707,66,61,900.0
62,6,337,1558,84,53,800.0
62,1,340,1514,76,39,650.0
62,4,330,1485,79,53,1200.0
62,1,322,1474,71,61,7700.0
62,-2,335,1490,70,30,750.0
62,1,333,1513,68,33,10000.0
62,4,347,1582,73,49,850.0
62,1,354,1672,59,53,700.0
62,1,351,1617,70,61,950.0
62,0,323,1502,71,58,3300.0
62,1,358,1668,80,48,650.0
62,6,286,1321,56,24,3500.0
62,1,343,732,62,63,700.0
62,7,356,1626,72,60,900.0
62,0,339,1624,60,44,700.0
62,-1,347,1625,72,52,600.0
62,0,346,1596,65,42,950.0
62,3,300,1383,57,23,1000.0
62,2,362,1728,66,52,1000.0
62,-2,322,1532,70,61,10000.0
62,4,300,1292,55,27,800.0
62,1,298,1368,60,26,700.0
62,3,331,1533,68,37,650.0
62,4,323,1498,67,58,1300.0
62,1,360,1676,68,51,10000.0
62,2,324,1468,77,60,800.0
62,3,321,1489,71,61,650.0
62,6,289,1361,55,25,800.0
62,2,346,1637,63,63,1200.0
62,0,341,1596,58,45,650.0
62,1,332,1523,75,58,950.0
62,6,325,1529,73,61,900.0
62,2,317,1455,73,29,700.0
62,1,353,1640,66,46,700.0
62,0,335,613,66,61,900.0
62,2,311,1430,53,32,5000.0
62,3,324,1539,53,63,500.0
62,7,348,1597,68,58,8700.0
62,2,305,1373,61,29,750.0
62,4,346,1601,79,58,3300.0
62,1,366,1714,67,50,2400.0
62,1,371,1734,68,57,5700.0
62,1,320,1475,71,48,500.0
62,2,340,773,61,62,850.0
62,1,339,795,61,62,700.0
62,8,326,1634,30,55,700.0
62,0,351,898,62,61,950.0
62,3,349,1679,61,48,800.0
62,3,337,1639,61,62,1300.0
62,4,299,1415,48,37,900.0
62,1,336,1596,70,58,500.0
62,0,357,1735,59,49,3500.0
62,-1,364,1760,52,57,950.0
62,1,354,1687,73,56,750.0
62,1,348,779,65,61,650.0
62,2,363,1725,54,51,550.0
62,2,306,1423,51,29,650.0
62,-1,352,721,59,64,1500.0
62,0,289,1342,35,32,10000.0
62,1,351,817,64,61,1000.0
62,4,354,1751,51,58,700.0
62,1,368,1689,66,50,1400.0
62,-1,372,1767,62,60,10000.0
62,1,319,1493,53,35,1100.0
62,8,354,1669,71,61,650.0
62,-1,352,760,64,59,750.0
62,3,338,1649,68,56,800.0
62,-3,341,901,67,57,700.0
62,2,343,1604,67,35,750.0
62,0,370,1735,65,62,1000.0
62,0,341,1576,63,39,900.0
62,5,374,1794,71,57,10000.0
62,0,355,1701,65,52,700.0
62,1,344,759,64,61,850.0
62,1,372,1777,63,52,700.0
62,0,376,1751,66,61,700.0
62,1,364,1767,66,63,700.0
62,0,332,1565,66,54,1300.0
62,8,363,1711,80,54,700.0
62,-1,355,1659,76,59,700.0
62,2,352,1618,88,56,1000.0
62,0,334,633,60,60,9900.0
62,0,347,1617,77,45,900.0
62,0,364,1643,76,52,700.0
62,3,349,1682,72,44,7900.0
62,0,335,1598,71,54,650.0
62,0,328,1526,68,60,550.0
62,1,345,1595,65,47,550.0
62,4,319,1539,69,61,2400.0
62,3,313,1499,46,36,9900.0
62,2,348,1574,78,54,700.0
62,3,348,795,65,60,600.0
62,0,345,860,61,60,10000.0
62,1,373,1807,77,61,10000.0
62,1,348,830,61,60,650.0
62,2,354,1693,67,57,800.0
62,1,368,1703,66,58,800.0
62,-1,368,1714,65,54,500.0
62,2,341,700,63,58,500.0
62,4,344,798,64,60,1200.0
62,0,368,1763,67,60,9700.0
62,0,352,1658,64,41,950.0
62,1,339,1618,61,61,700.0
62,1,352,1666,65,43,700.0
62,2,362,1744,64,58,950.0
62,4,328,651,62,60,2000.0
62,82,345,1605,88,54,3000.0
62,2,335,665,63,61,700.0
62,0,317,1490,64,63,750.0
62,-1,338,1552,77,59,700.0
62,0,310,1463,66,31,800.0
62,2,362,1742,63,58,700.0
62,0,314,1463,85,49,9300.0
62,2,356,1596,83,59,9800.0
62,3,300,1369,62,30,9000.0
62,-1,322,1411,67,38,900.0
62,1,300,1401,59,29,950.0
62,3,334,1527,75,61,600.0
62,5,318,1495,67,64,1100.0
62,1,353,886,62,62,900.0
62,2,365,1677,82,55,6400.0
62,2,297,1471,50,66,650.0
62,1,357,1704,70,58,1000.0
62,0,357,1703,59,62,4500.0
62,2,317,568,62,61,950.0
62,3,290,1337,37,63,800.0
62,-1,339,1549,87,57,950.0
62,3,316,1526,50,59,1100.0
62,1,339,1551,76,61,800.0
62,1,364,1686,66,54,10000.0
62,1,303,1348,62,25,900.0
62,1,354,1667,68,59,5500.0
62,1,349,1712,67,59,700.0
62,1,328,1501,72,30,6500.0
62,0,330,593,63,63,700.0
62,1,299,1366,58,32,5700.0
62,1,321,708,65,62,3400.0
62,-1,302,1395,52,33,850.0
62,2,340,1592,65,42,1000.0
62,2,355,723,68,60,750.0
62,0,336,1624,54,46,4900.0
62,0,324,1486,63,29,1000.0
62,-2,344,624,64,62,700.0
62,0,357,1679,74,48,800.0
62,2,316,1486,72,62,1000.0
62,-1,334,1521,67,39,6000.0
62,1,364,1735,65,53,3500.0
62,-2,337,1563,60,36,2400.0
62,0,352,1630,55,55,700.0
62,0,333,1510,71,59,600.0
62,4,326,1497,85,54,700.0
62,1,321,1565,49,63,10000.0
62,2,325,762,62,61,10000.0
62,0,329,1573,74,51,800.0
62,3,331,1540,82,54,3900.0
62,-3,338,1546,78,33,700.0
62,2,343,1644,64,45,9700.0
62,2,366,1700,64,58,1500.0
62,1,354,850,62,61,5900.0
62,3,348,1658,63,51,750.0
62,0,328,1517,74,58,1000.0
62,3,360,1620,88,53,900.0
62,0,335,1518,74,54,600.0
62,-1,367,1660,75,56,6300.0
62,0,320,564,59,62,2400.0
62,0,318,1459,69,25,10000.0
62,0,333,1587,78,62,4100.0
62,1,325,1574,54,58,4500.0
62,1,339,663,61,60,8000.0
62,4,350,657,67,60,700.0
62,-1,336,1579,71,61,2700.0
62,6,330,624,63,59,1400.0
62,3,342,776,59,67,600.0
62,2,348,1664,64,48,750.0
62,4,339,1580,58,43,1100.0
62,5,338,1550,78,59,750.0
62,2,291,1368,63,27,8000.0
62,3,349,1630,66,51,650.0
62,0,319,1479,75,25,5900.0
62,6,374,1758,69,53,650.0
62,0,341,1580,68,41,950.0
62,17,319,1488,72,57,1300.0
62,9,349,1745,63,51,850.0
62,4,322,1394,71,32,8000.0
62,-1,284,1331,54,25,4500.0
62,1,316,1419,54,28,650.0
62,0,369,1756,61,63,2500.0
62,1,321,1482,74,62,1400.0
62,3,340,1531,71,33,700.0
62,15,345,1637,66,45,950.0
62,7,353,1729,68,52,650.0
62,2,298,1360,59,28,10000.0
62,3,350,1627,66,43,700.0
62,-2,345,730,63,59,750.0
62,31,313,1423,39,36,1000.0
62,49,330,1567,56,41,6000.0
62,0,330,1576,72,62,600.0
62,-1,348,1611,74,44,1000.0
62,13,332,1613,63,51,650.0
62,3,380,1795,71,58,550.0
62,-1,333,733,62,60,600.0
62,1,342,1639,62,56,2000.0
62,0,346,599,65,64,1500.0
62,2,359,1662,73,49,750.0
62,11,343,1522,78,36,700.0
62,6,328,1478,70,28,900.0
62,20,341,1613,59,60,1000.0
62,1,345,1593,64,43,750.0
62,5,358,1687,74,53,950.0
62,0,302,1493,50,66,750.0
62,6,339,1543,78,30,900.0
62,4,315,1497,59,63,800.0
62,1,324,1498,76,60,800.0
62,1,340,1533,81,60,3000.0
62,2,329,1550,72,49,700.0
62,2,326,1560,60,63,650.0
62,2,303,1411,59,33,1800.0
62,3,330,1506,75,50,650.0
62,1,361,1680,67,56,700.0
62,2,322,1496,59,36,10000.0
62,-1,348,1656,65,43,8000.0
62,0,348,1585,78,36,700.0
62,-2,351,1617,71,43,2000.0
62,2,331,1557,70,62,700.0
62,1,322,1474,74,58,700.0
62,1,338,1556,66,53,1200.0
62,2,348,1613,81,61,900.0
62,-2,320,1423,63,29,1300.0
62,3,360,1745,61,54,3500.0
62,2,325,1509,70,60,5000.0
62,0,338,1542,69,62,900.0
62,1,355,1639,67,50,10000.0
62,3,352,1629,53,56,10000.0
62,3,340,1577,75,59,1000.0
62,-2,349,1602,71,54,4000.0
62,4,308,1434,56,65,550.0
62,0,363,1710,64,57,800.0
62,-2,338,684,61,62,4000.0
62,-2,304,1428,54,32,10000.0
62,0,334,1576,72,61,850.0
62,9,319,1466,62,63,700.0
62,0,307,1374,63,29,700.0
62,5,334,1553,64,38,550.0
62,13,362,1700,70,53,1000.0
62,2,331,1515,70,28,700.0
62,1,327,1486,75,29,700.0
62,2,303,1363,56,27,650.0
62,-1,353,1635,60,47,1000.0
62,-1,327,1538,65,32,800.0
62,1,351,1600,74,43,900.0
62,-3,339,1572,82,57,700.0
62,4,337,1549,68,36,700.0
62,67,312,1434,61,33,700.0
62,-1,341,1601,80,61,1200.0
62,8,338,1520,71,38,700.0
62,17,288,1357,53,27,700.0
62,4,303,1411,36,37,850.0
62,4,337,1553,65,34,600.0
62,11,348,1620,83,37,750.0
62,3,319,1448,58,31,750.0
62,-1,335,1583,63,57,4900.0
62,3,356,1646,66,49,10000.0
62,2,319,1475,57,36,1100.0
62,7,343,1621,64,58,8900.0
62,-1,344,1604,69,56,650.0
62,2,347,1627,64,47,4400.0
62,-1,359,1698,72,60,700.0
62,2,317,1419,60,29,1200.0
62,0,355,1679,62,60,650.0
62,1,349,1621,64,43,650.0
62,1,358,1685,76,51,750.0
62,0,335,1545,69,34,1800.0
62,4,332,1585,71,34,1300.0
62,2,340,1602,65,42,950.0
62,3,318,1485,62,60,1400.0
62,0,314,1446,68,33,2300.0
62,4,336,1563,61,38,1400.0
62,2,327,1578,61,54,750.0
62,-1,362,1658,66,53,950.0
62,1,314,1421,60,29,2000.0
62,2,319,1492,73,60,750.0
62,6,331,1545,82,62,650.0
62,3,307,1449,61,67,850.0
62,0,360,1706,69,52,850.0
62,1,361,1714,63,53,700.0
62,2,339,1547,72,33,1500.0
62,4,326,1480,66,62,900.0
62,71,312,1500,64,35,900.0
62,0,336,1564,81,53,700.0
62,7,353,1671,63,50,750.0
62,1,338,1550,75,35,900.0
62,0,341,769,62,66,1800.0
62,4,337,742,63,60,1200.0
62,3,342,1595,76,39,850.0
62,-1,343,1587,65,48,1000.0
62,4,344,1600,77,54,950.0
62,1,349,1627,77,57,650.0
62,2,365,1677,82,55,3900.0
62,2,345,1617,72,44,900.0
62,2,355,1639,67,50,5700.0
62,1,354,1641,74,42,750.0
62,-1,354,1629,63,48,1000.0
62,-2,335,830,66,61,1300.0
62,2,368,1763,67,60,650.0
62,0,299,1386,54,26,1000.0
62,1,352,878,62,61,700.0
62,0,370,1733,72,55,800.0
62,2,374,1770,74,52,1000.0
62,0,349,1554,80,33,1000.0
62,2,334,1558,78,59,1200.0
62,1,356,817,62,60,750.0
62,-2,361,1689,76,50,1000.0
62,0,384,1817,75,58,1000.0
62,0,360,1745,61,54,700.0
62,0,336,1579,71,61,800.0
62,2,312,1496,58,64,700.0
62,4,356,1646,66,49,700.0
62,4,332,1485,61,45,600.0
62,0,344,1622,61,43,3500.0
62,2,365,1700,80,56,550.0
62,-2,314,1486,59,62,1100.0
62,0,343,1644,64,45,1600.0
62,0,318,1431,67,27,850.0
62,-1,323,1524,49,36,1300.0
62,1,345,1560,85,50,700.0
62,0,329,700,68,57,5100.0
62,0,292,1334,62,26,950.0
62,0,357,1703,64,57,1000.0
62,0,380,1784,67,57,950.0
62,0,354,1632,91,53,650.0
62,1,373,1807,77,61,5100.0
62,0,343,1715,52,63,5100.0
62,8,342,1622,46,60,700.0
62,1,373,1776,67,58,850.0
62,1,362,1653,78,50,900.0
62,5,343,1579,78,40,5100.0
62,-1,365,1708,68,59,900.0
62,-1,349,786,63,59,800.0
62,1,372,1680,68,43,1300.0
62,3,345,1571,74,63,900.0
62,0,314,1446,68,33,1300.0
62,0,344,1583,68,43,800.0
62,0,367,1658,82,52,5100.0
62,3,345,1556,68,60,2000.0
62,0,336,1586,81,59,1500.0
62,0,364,1686,66,54,2400.0
62,0,326,1487,78,55,700.0
62,-1,341,1532,71,27,750.0
62,1,333,1545,67,62,800.0
62,0,319,1470,69,60,900.0
62,1,345,1630,74,47,900.0
62,-1,369,1712,72,53,1000.0
62,0,328,1501,72,30,700.0
62,0,360,1625,78,53,700.0
62,1,369,1738,55,59,700.0
62,-1,374,1723,80,45,750.0
62,0,361,1650,71,58,650.0
62,0,344,1610,55,48,1000.0
62,2,350,1629,62,47,950.0
62,2,354,1644,83,59,700.0
62,0,338,1563,70,38,850.0
62,0,330,1437,83,22,550.0
62,-1,311,1430,53,32,950.0
62,0,322,1437,63,32,850.0
62,-1,374,1803,71,60,650.0
62,1,362,1656,72,51,5100.0
62,0,353,1637,77,58,900.0
62,0,368,1752,61,61,550.0
62,0,294,1404,34,37,800.0
62,0,312,1452,70,34,1100.0
62,0,288,1374,41,30,5100.0
62,3,350,1097,61,58,1100.0
62,0,304,1428,54,32,5700.0
62,0,335,1583,63,57,5700.0
62,-1,350,1643,83,62,700.0
61,2,347,1638,66,54,750.0
61,2,341,868,62,58,650.0
61,1,342,1720,33,57,700.0
61,2,294,1370,36,26,900.0
61,3,275,1316,34,27,900.0
61,0,352,1691,47,57,1100.0
61,-3,320,1576,54,58,7000.0
61,0,328,762,60,60,9000.0
61,4,354,797,62,60,5000.0
61,1,325,1575,49,37,800.0
61,-1,333,840,60,61,1200.0
61,1,333,1644,65,58,8500.0
61,-2,353,1676,66,55,900.0
61,2,356,1591,78,58,700.0
61,0,329,1592,39,53,800.0
61,1,378,1734,59,55,950.0
61,3,322,1478,82,60,10000.0
61,1,332,703,63,62,800.0
61,0,311,1476,45,37,2900.0
61,2,349,1678,67,56,700.0
61,2,336,1664,56,63,700.0
61,1,376,1788,85,59,900.0
61,1,353,855,65,60,4400.0
61,4,333,1619,65,60,750.0
61,2,373,1771,72,54,700.0
61,1,342,1549,88,53,9500.0
61,3,350,1661,59,54,900.0
61,16,356,1727,69,54,2000.0
61,2,342,906,64,58,800.0
61,4,378,1799,70,57,3300.0
61,3,355,1619,66,51,700.0
61,2,360,1717,49,58,1000.0
61,2,344,822,63,61,600.0
61,0,347,1616,68,50,1000.0
61,0,354,872,62,61,1700.0
61,0,355,1698,56,55,750.0
61,1,353,1642,73,51,700.0
61,1,349,868,62,60,700.0
61,2,336,1517,77,58,1100.0
61,-2,325,1488,67,27,900.0
61,2,354,1693,69,49,700.0
61,2,347,834,62,59,1700.0
61,1,336,796,61,59,650.0
61,1,335,1558,81,59,800.0
61,2,313,1430,64,29,8000.0
61,0,328,1543,64,41,600.0
61,-1,338,752,62,59,700.0
61,0,328,1513,55,36,600.0
61,1,343,1611,58,42,1100.0
61,1,320,1529,55,61,8900.0
61,2,342,1556,77,55,1400.0
61,0,338,881,59,55,1200.0
61,1,327,1469,78,59,2100.0
61,-1,348,1694,66,47,650.0
61,7,362,1707,67,56,700.0
61,1,346,1603,74,35,1100.0
61,1,353,1627,82,50,9900.0
61,1,322,1518,66,61,5000.0
61,4,289,1350,47,24,850.0
61,0,334,1583,71,59,9900.0
61,-2,354,1653,70,54,1000.0
61,-2,296,1355,56,29,700.0
61,1,343,831,60,58,850.0
61,1,317,1477,75,55,550.0
61,-1,334,1584,74,60,600.0
61,-1,319,1455,67,31,10000.0
61,2,373,1810,66,62,1000.0
61,-1,350,1658,73,57,5000.0
61,2,346,797,58,64,750.0
61,0,345,1582,77,38,700.0
61,4,334,1523,69,59,800.0
61,0,361,1650,64,53,1000.0
61,-2,347,1614,72,39,800.0
61,1,271,1303,37,27,6900.0
61,-1,346,1646,53,55,7800.0
61,2,358,1647,82,56,1000.0
61,1,339,774,62,61,500.0
61,1,338,1558,65,37,600.0
61,0,329,1518,70,36,700.0
61,8,389,1792,83,57,700.0
61,1,378,1761,72,53,900.0
61,1,339,891,64,55,600.0
61,-8,352,1657,70,54,700.0
61,2,304,1419,57,64,650.0
61,3,338,772,62,60,1700.0
61,42,343,1601,71,37,750.0
61,2,332,1546,66,33,1800.0
61,0,351,1634,61,48,800.0
61,2,364,1693,77,50,700.0
61,2,343,1545,74,34,800.0
61,1,353,1675,66,50,6000.0
61,1,358,1683,55,54,800.0
61,1,313,1451,73,54,3900.0
61,0,331,1533,75,51,650.0
61,1,360,1672,71,57,10000.0
61,2,356,1660,73,47,1000.0
61,3,311,1442,62,59,9900.0
61,2,326,646,62,60,900.0
61,1,345,1606,71,61,700.0
61,1,321,1503,74,26,700.0
61,1,340,1526,71,33,750.0
61,1,349,926,62,60,1000.0
61,0,358,1648,63,56,5800.0
61,0,347,1655,59,50,8900.0
61,4,304,1363,55,28,600.0
61,1,328,1486,64,28,650.0
61,1,358,1675,69,50,800.0
61,5,346,743,58,56,800.0
61,2,381,1790,79,58,900.0
61,0,330,1505,82,58,700.0
61,4,342,1590,67,37,700.0
61,1,312,1452,53,60,3700.0
61,0,330,1491,77,27,9900.0
61,4,374,1715,84,55,1400.0
61,1,340,1533,79,59,800.0
61,1,323,1464,70,35,1000.0
61,1,343,1581,79,42,700.0
61,0,306,1463,54,33,650.0
61,-1,331,1521,76,60,950.0
61,1,377,1735,78,54,1000.0
61,2,343,1619,73,55,600.0
61,1,310,1420,66,38,1900.0
61,1,371,1737,70,59,750.0
61,0,349,1617,67,42,650.0
61,0,348,1674,49,52,1200.0
61,0,347,1672,53,56,900.0
61,-2,352,1602,81,58,1000.0
61,20,367,1666,90,38,9900.0
61,3,335,1560,65,54,950.0
61,2,331,1517,87,52,1200.0
61,1,301,1323,64,26,5500.0
61,1,312,1429,67,26,650.0
61,2,328,1521,74,59,900.0
61,1,323,1504,66,61,8800.0
61,1,318,1447,65,61,1200.0
61,-3,341,816,64,58,8900.0
61,2,321,1491,61,60,700.0
61,2,318,1514,74,59,1000.0
61,1,377,1792,70,57,3000.0
61,2,338,1544,77,59,550.0
61,1,331,1503,77,56,800.0
61,-2,328,1486,70,28,1400.0
61,2,336,1538,91,58,1900.0
61,1,281,1321,40,30,2400.0
61,2,367,1730,73,59,650.0
61,2,351,1648,74,58,400.0
61,-8,298,1416,55,31,650.0
61,1,337,1531,72,52,850.0
61,-1,341,712,62,61,750.0
61,2,316,1402,65,31,1900.0
61,1,379,1744,75,58,650.0
61,1,347,1625,70,49,1000.0
61,2,369,1711,72,49,850.0
61,1,332,706,61,61,5200.0
61,0,355,1675,63,56,10000.0
61,1,311,1451,60,27,5800.0
61,-1,303,1392,50,28,750.0
61,0,297,1355,50,27,800.0
61,3,329,1448,79,27,650.0
61,0,341,1635,50,52,10000.0
61,2,367,1743,71,60,650.0
61,0,307,1390,58,29,4500.0
61,-1,308,1407,53,34,3000.0
61,3,341,1584,71,61,750.0
61,5,339,1513,75,36,800.0
61,3,332,1515,76,51,800.0
61,1,331,1521,76,58,800.0
61,-1,333,1523,84,31,600.0
61,0,301,1379,61,24,700.0
61,4,338,1540,86,61,700.0
61,1,320,1483,75,60,3000.0
61,0,329,1492,69,33,6000.0
61,3,332,551,63,61,800.0
61,1,334,641,63,60,850.0
61,-1,334,649,64,58,900.0
61,3,342,1607,61,44,3900.0
61,1,339,632,63,61,3500.0
61,0,333,692,62,62,700.0
61,-1,355,1700,71,46,650.0
61,3,320,1483,78,49,700.0
61,0,331,1505,73,34,500.0
61,0,361,1683,63,53,550.0
61,-3,358,1609,65,52,900.0
61,1,334,1528,70,45,2400.0
61,6,335,1576,61,44,550.0
61,3,358,1656,65,49,1000.0
61,14,363,1631,87,57,800.0
61,-3,336,1541,83,54,550.0
61,1,352,1689,66,53,1100.0
61,0,298,1366,73,23,2000.0
61,-1,302,1396,59,30,3000.0
61,3,351,844,61,60,3500.0
61,3,330,1512,67,52,550.0
61,1,318,1484,65,37,750.0
61,0,319,1510,68,62,10000.0
61,0,336,1530,73,55,7000.0
61,3,343,1626,64,53,10000.0
61,5,354,1614,80,53,700.0
61,1,330,1483,76,35,9800.0
61,3,335,1499,82,57,9900.0
61,0,316,1496,61,35,650.0
61,1,337,729,64,58,950.0
61,0,348,1576,73,48,1000.0
61,3,350,1660,67,50,1800.0
61,6,303,1407,67,29,10000.0
61,1,354,1634,69,43,1000.0
61,-1,311,1415,83,46,600.0
61,2,345,1599,59,48,1200.0
61,1,318,715,60,58,6400.0
61,0,370,1739,72,54,500.0
61,3,356,1654,71,48,650.0
61,9,348,1602,84,60,3900.0
61,0,323,1499,62,35,650.0
61,1,347,1541,82,38,700.0
61,1,347,782,59,54,800.0
61,-1,359,1643,71,52,700.0
61,0,326,1484,72,60,700.0
61,2,327,1496,61,37,950.0
61,-1,344,769,59,60,1300.0
61,3,333,672,59,61,1200.0
61,2,338,1541,75,32,950.0
61,1,336,1559,75,34,800.0
61,0,318,1503,59,31,600.0
61,2,324,1503,75,62,700.0
61,1,325,1509,75,44,1100.0
61,0,330,1462,67,32,750.0
61,2,348,1599,72,46,600.0
61,0,338,1559,63,39,750.0
61,14,311,1479,58,50,2200.0
61,2,328,1536,80,37,900.0
61,5,349,1579,87,60,750.0
61,-1,348,1694,69,56,1000.0
61,3,335,1583,59,45,700.0
61,2,319,1489,72,63,850.0
61,0,318,1478,66,61,10000.0
61,1,326,1477,59,36,2500.0
61,2,345,1607,77,54,650.0
61,2,342,1558,85,59,700.0
61,5,352,1663,70,48,700.0
61,0,336,1561,62,39,10000.0
61,4,341,1515,76,30,10000.0
61,7,331,683,63,59,10000.0
61,0,345,1611,76,55,1000.0
61,3,339,1640,66,47,1000.0
61,0,328,1556,68,33,450.0
61,4,313,1427,81,59,10000.0
61,-1,285,1315,51,26,950.0
61,4,333,1504,74,35,800.0
61,5,326,1521,69,60,3900.0
61,0,334,1586,67,53,950.0
61,4,320,1390,75,27,850.0
61,1,329,1527,72,29,900.0
61,0,318,1518,68,43,6000.0
61,0,325,1494,48,38,750.0
61,0,363,1731,60,64,750.0
61,3,310,1465,77,52,3000.0
61,-1,323,602,60,58,600.0
61,1,331,1550,69,34,9000.0
61,1,304,1431,55,62,700.0
61,7,327,1464,64,59,750.0
61,3,325,650,64,58,3000.0
61,2,304,1351,56,33,700.0
61,2,313,1413,69,26,700.0
61,1,336,650,63,61,2300.0
61,0,342,1630,61,52,650.0
61,1,333,606,62,60,1000.0
61,1,364,1711,66,57,950.0
61,0,332,1544,68,45,800.0
61,1,320,1505,71,59,850.0
61,4,320,1473,72,60,7500.0
61,0,322,1450,78,27,650.0
61,0,336,1573,61,52,850.0
61,3,331,1493,71,31,2000.0
61,2,339,1580,64,42,10000.0
61,1,333,1525,63,47,950.0
61,1,321,1484,61,30,1000.0
61,4,331,1601,54,47,950.0
61,7,348,1626,75,42,1000.0
61,1,349,898,64,57,650.0
61,1,350,854,61,59,9500.0
61,2,358,1605,75,49,5000.0
61,1,297,1397,41,33,500.0
61,3,359,1620,76,53,900.0
61,2,296,1387,60,28,700.0
61,1,369,1727,62,50,1400.0
61,3,345,975,60,59,900.0
61,0,365,1762,66,59,1000.0
61,0,325,1542,65,60,700.0
61,2,288,1360,47,29,9900.0
61,-2,322,723,61,56,3400.0
61,1,340,1650,70,58,1000.0
61,2,347,919,62,60,900.0
61,1,358,1634,71,43,9500.0
61,0,350,857,60,61,800.0
61,-2,356,1632,75,42,800.0
61,0,363,1748,59,53,700.0
61,-1,321,629,56,59,650.0
61,1,340,815,58,59,1000.0
61,0,344,1671,69,50,650.0
61,1,345,1574,73,56,500.0
61,2,324,1519,80,55,600.0
61,3,326,1503,75,31,1100.0
61,-2,337,1592,65,57,800.0
61,1,342,1571,68,43,700.0
61,3,324,1509,69,58,2900.0
61,-1,349,1613,66,49,1400.0
61,2,372,1769,65,57,850.0
61,1,335,1590,69,59,8400.0
61,-2,355,796,60,61,800.0
61,2,339,1553,76,60,1000.0
61,2,335,1538,71,59,500.0
61,1,318,1497,50,35,750.0
61,1,329,1472,72,39,9900.0
61,2,347,1588,72,37,650.0
61,7,340,1578,74,43,700.0
61,1,337,1571,73,56,8600.0
61,2,317,1465,54,40,700.0
61,0,315,1499,68,56,8000.0
61,0,322,1483,63,31,1000.0
61,2,341,1602,73,48,3200.0
61,1,308,1446,72,24,7900.0
61,1,352,1563,72,49,700.0
61,11,325,1472,74,58,700.0
61,-4,357,1625,64,51,700.0
61,3,311,1478,67,60,700.0
61,0,358,1659,75,56,700.0
61,2,342,1632,69,55,900.0
61,2,301,1373,62,30,1000.0
61,2,284,1358,45,32,700.0
61,3,351,1603,77,59,1400.0
61,1,342,1590,63,45,1200.0
61,0,325,1439,73,32,1200.0
61,3,352,864,61,61,550.0
61,1,333,1548,70,35,950.0
61,1,369,1810,69,58,700.0
61,1,354,1635,76,58,5500.0
61,1,336,1507,68,38,650.0
61,0,333,1498,77,36,650.0
61,3,321,1440,65,36,1000.0
61,2,307,1413,64,29,500.0
61,2,334,1482,85,46,500.0
61,-1,317,1428,74,60,3000.0
61,5,321,1484,66,30,550.0
61,1,334,1526,75,31,5000.0
61,1,323,1477,68,30,5900.0
61,7,358,1689,66,53,3000.0
61,2,323,1506,61,37,500.0
61,0,337,705,62,58,750.0
61,1,348,1659,67,51,1500.0
61,2,345,1588,65,41,800.0
61,0,285,1337,38,31,1000.0
61,0,319,1452,63,34,1000.0
61,0,315,1424,61,39,700.0
61,0,362,1699,65,57,850.0
61,1,328,1499,73,55,650.0
61,-1,319,1503,67,57,1000.0
61,2,333,1549,83,55,700.0
61,1,311,1424,60,35,750.0
61,10,357,1650,76,51,800.0
61,3,312,1435,69,54,950.0
61,-1,336,1522,59,42,9700.0
61,1,330,1545,81,59,550.0
61,-1,336,1538,78,35,900.0
61,-1,344,1636,57,47,7400.0
61,1,284,1294,51,27,700.0
61,1,347,1604,67,44,1000.0
61,6,318,1468,74,60,950.0
61,0,330,1567,69,42,1000.0
61,3,360,1636,83,55,700.0
61,1,370,1647,73,44,2800.0
61,2,367,1732,71,52,750.0
61,-1,324,1515,57,60,550.0
61,1,327,1534,74,59,600.0
61,0,332,1590,59,42,900.0
61,2,309,1434,57,60,700.0
61,3,339,1560,65,57,700.0
61,2,329,1522,74,41,1000.0
61,0,321,564,59,65,700.0
61,2,309,1391,69,25,650.0
61,1,364,1689,66,57,1200.0
61,2,331,1487,73,55,2400.0
61,5,354,1646,70,42,600.0
61,6,298,1455,55,46,7000.0
61,1,332,1584,58,58,10000.0
61,1,331,706,60,58,950.0
61,-4,327,1544,47,62,800.0
61,-1,357,1697,67,51,850.0
61,2,346,1651,58,58,700.0
61,-6,338,1596,53,58,900.0
61,1,334,1514,65,33,10000.0
61,1,331,1533,71,58,8900.0
61,0,317,1420,58,27,1000.0
61,14,314,1494,63,61,9800.0
61,4,293,1455,40,29,9800.0
61,18,357,1628,78,44,1000.0
61,-2,368,1706,70,55,10000.0
61,2,316,1484,79,53,1800.0
61,3,304,1340,61,32,8900.0
61,0,322,1478,70,59,8800.0
61,0,331,1535,69,57,1100.0
61,1,316,1472,63,30,750.0
61,1,326,1481,71,29,8900.0
61,0,360,1670,65,57,9000.0
61,0,340,1571,71,38,2400.0
61,2,291,1357,58,23,500.0
61,3,342,1532,75,60,1000.0
61,1,313,1483,63,62,1000.0
61,0,294,1373,54,29,2000.0
61,1,310,1430,62,23,750.0
61,0,324,1463,76,49,9900.0
61,0,317,1504,49,42,1000.0
61,3,315,1433,73,30,2400.0
61,2,309,1435,68,61,3000.0
61,0,325,1495,55,59,1000.0
61,1,336,1625,55,48,9700.0
61,9,364,1653,79,54,650.0
61,0,343,1597,85,59,650.0
61,2,323,616,58,59,1100.0
61,0,342,1582,70,49,1200.0
61,0,319,615,62,57,700.0
61,3,309,1436,65,33,700.0
61,7,282,1278,38,33,700.0
61,1,309,1481,55,63,3200.0
61,2,311,1466,64,61,750.0
61,0,313,1517,54,65,3900.0
61,9,335,1586,55,45,1900.0
61,-1,332,1556,61,42,600.0
61,-1,361,1702,68,55,1500.0
61,2,323,1476,81,31,650.0
61,-1,322,666,61,60,5900.0
61,5,327,1455,55,43,2000.0
61,6,361,1679,76,43,2300.0
61,0,312,1453,74,54,9900.0
61,2,313,1456,68,61,700.0
61,3,347,1671,66,46,10000.0
61,2,336,1491,77,57,10000.0
61,1,302,1464,59,60,1000.0
61,0,303,1401,60,63,3000.0
61,0,321,1473,75,56,650.0
61,-4,336,1537,81,57,1000.0
61,2,292,1336,58,23,7400.0
61,1,294,1348,58,25,7600.0
61,6,345,1638,68,51,2300.0
61,2,314,1443,63,32,850.0
61,-2,337,1537,77,66,2600.0
61,1,339,1556,76,57,850.0
61,0,348,1622,71,45,10000.0
61,40,341,1600,65,39,700.0
61,4,315,1478,65,33,800.0
61,3,328,572,62,61,1000.0
61,1,373,1687,82,55,650.0
61,-1,345,1624,74,59,500.0
61,1,332,1545,72,60,10000.0
61,5,333,1483,82,59,500.0
61,40,341,1547,87,56,1100.0
61,1,344,1597,68,46,750.0
61,1,343,1640,61,47,850.0
61,-3,335,731,59,59,850.0
61,2,355,1644,78,48,700.0
61,1,344,1599,63,47,1200.0
61,6,361,1655,71,58,800.0
61,1,335,1572,77,55,1300.0
61,1,341,1651,68,64,950.0
61,0,303,1403,57,62,800.0
61,3,304,1346,68,21,1000.0
61,4,338,1540,73,60,800.0
61,0,350,1584,76,42,5100.0
61,1,308,1378,60,29,750.0
61,3,347,1570,76,51,600.0
61,2,314,1488,69,30,6100.0
61,-2,327,612,61,65,700.0
61,-1,310,1476,57,59,1000.0
61,3,326,1476,72,32,800.0
61,3,360,745,60,60,1000.0
61,1,322,1465,69,32,6400.0
61,0,312,1483,69,62,900.0
61,3,309,1447,69,53,750.0
61,2,322,1575,57,60,1000.0
61,41,344,1607,68,56,700.0
61,11,338,1602,64,58,800.0
61,1,318,1475,75,32,700.0
61,-1,367,1665,74,50,1000.0
61,0,333,1532,60,61,900.0
61,2,298,1433,45,61,1500.0
61,0,329,1470,74,32,1400.0
61,2,320,1491,74,59,550.0
61,2,319,1492,73,60,700.0
61,0,329,1525,67,42,750.0
61,7,305,1420,59,63,650.0
61,-1,331,1495,69,60,4400.0
61,4,323,1521,60,39,600.0
61,2,337,1595,60,51,700.0
61,0,344,1636,57,47,550.0
61,0,338,851,62,55,2800.0
61,2,346,1645,86,60,700.0
61,2,331,683,63,59,750.0
61,6,322,1494,72,58,450.0
61,0,336,1625,55,48,3500.0
61,1,342,1572,72,61,2500.0
61,-4,331,1532,64,51,4300.0
61,1,311,1442,62,59,1100.0
61,1,305,1401,57,24,1300.0
61,0,352,1691,66,46,850.0
61,0,349,1590,71,41,700.0
61,0,340,1598,71,60,700.0
61,0,332,1526,60,39,650.0
61,0,364,1705,69,57,800.0
61,3,350,1550,82,38,700.0
61,0,322,1478,70,59,800.0
61,0,340,1634,54,52,800.0
61,2,336,1538,91,58,650.0
61,0,356,1763,51,55,750.0
61,1,290,1364,45,26,750.0
61,4,298,1455,55,46,700.0
61,4,313,1427,81,59,700.0
61,0,351,1671,61,49,1000.0
61,1,335,1609,74,55,800.0
61,0,315,1505,74,59,700.0
61,-1,347,1655,59,50,700.0
61,-1,349,1573,82,59,700.0
61,-1,321,1485,66,61,800.0
61,-1,356,1653,67,54,1000.0
61,-1,365,1725,71,54,5100.0
61,3,308,1472,61,61,3100.0
61,1,322,1521,77,55,650.0
61,2,321,1460,59,39,800.0
61,0,322,1518,66,61,1100.0
61,4,338,772,62,60,700.0
61,0,331,1510,69,26,800.0
61,-1,337,1571,73,56,1400.0
61,1,338,1555,73,40,2000.0
61,2,329,1549,66,40,1000.0
61,-2,342,1505,85,36,1000.0
61,0,335,1537,89,55,700.0
61,10,322,1473,76,61,1000.0
61,0,327,1515,69,58,950.0
61,0,321,1516,70,54,1000.0
61,1,292,1336,58,23,950.0
61,0,304,1413,53,33,900.0
61,1,357,1662,65,57,700.0
61,0,353,730,63,59,1200.0
61,-1,353,884,64,59,800.0
61,0,336,1587,61,63,750.0
61,1,350,1658,73,57,4300.0
61,1,342,1549,88,53,1100.0
61,0,347,1627,70,62,3000.0
61,12,351,1683,65,57,1500.0
61,0,337,1530,77,32,550.0
61,4,326,1555,65,44,2000.0
61,3,347,1478,90,30,4300.0
61,111,327,1464,64,59,4500.0
61,8,347,1604,67,44,2600.0
61,5,333,1498,77,36,3500.0
61,3,337,1537,77,66,4250.0
61,25,348,1659,67,51,4150.0
61,3,285,1315,51,26,2250.0
61,0,326,1477,59,36,9150.0
61,2,333,1548,70,35,3450.0
61,11,320,1390,75,27,3400.0
61,4,304,1346,68,21,3050.0
61,13,339,1513,75,36,5750.0
61,4,352,864,61,61,4750.0
61,1,377,1742,81,54,1200.0
61,0,342,1579,75,57,600.0
61,-1,295,1386,48,28,700.0
61,0,325,1534,68,59,2000.0
61,0,328,762,60,60,650.0
61,0,318,1518,68,43,4300.0
61,-2,299,1470,59,65,5100.0
61,1,343,1626,64,53,5100.0
61,2,304,1340,61,32,750.0
61,0,339,1582,75,55,500.0
60,26,346,1597,75,43,950.0
60,8,342,1628,71,56,800.0
60,1,319,1601,43,62,700.0
60,0,294,1419,34,31,5900.0
60,-1,324,1554,49,41,200.0
60,0,310,1575,33,60,1300.0
60,1,302,1496,40,62,700.0
60,1,352,911,61,60,1200.0
60,1,315,1478,47,37,200.0
60,1,332,812,60,61,950.0
60,0,341,1652,49,54,750.0
60,4,345,1689,53,53,1000.0
60,2,338,836,61,60,1000.0
60,2,354,1712,72,58,1000.0
60,0,351,1624,70,57,800.0
60,-1,332,1544,76,60,1000.0
60,17,321,1548,52,60,2400.0
60,-1,342,1605,56,50,500.0
60,2,327,1505,66,57,550.0
60,-1,338,1540,71,56,8500.0
60,3,356,1632,70,49,650.0
60,2,345,1660,58,49,700.0
60,2,348,1594,68,46,10000.0
60,0,316,1502,79,55,4400.0
60,0,349,1636,65,44,700.0
60,0,270,1262,48,21,700.0
60,0,339,1582,64,42,1000.0
60,1,334,783,60,60,3500.0
60,0,349,1625,72,45,9800.0
60,1,348,830,63,52,900.0
60,2,338,809,60,58,450.0
60,0,352,1733,60,57,1000.0
60,3,341,854,61,56,950.0
60,1,356,1691,66,48,2500.0
60,4,365,1704,66,53,4100.0
60,2,350,1636,66,54,650.0
60,1,333,783,62,58,700.0
60,0,344,1698,54,51,700.0
60,8,345,1619,64,59,700.0
60,-1,344,1611,58,48,2500.0
60,4,302,1369,52,31,1800.0
60,0,348,867,62,58,850.0
60,0,354,1649,68,56,4900.0
60,1,340,1610,69,50,650.0
60,0,332,1507,73,33,850.0
60,0,367,1739,76,54,750.0
60,0,334,853,58,59,1400.0
60,2,330,746,62,59,950.0
60,0,356,840,60,59,1000.0
60,2,343,830,61,60,2500.0
60,-1,318,1508,36,46,700.0
60,0,296,1376,36,34,5900.0
60,-1,323,1512,71,26,1000.0
60,1,337,625,63,63,650.0
60,1,359,1728,63,55,1000.0
60,0,364,1679,80,51,7000.0
60,8,344,1599,85,50,700.0
60,0,331,1528,57,41,500.0
60,-1,321,1456,69,26,650.0
60,1,348,1624,72,59,8300.0
60,2,318,638,61,58,1800.0
60,1,318,1389,70,26,750.0
60,5,350,1675,56,52,550.0
60,467,338,1532,73,34,1500.0
60,2,326,682,65,59,700.0
60,2,324,1541,55,44,750.0
60,0,292,1392,43,62,850.0
60,-1,364,1712,72,56,1500.0
60,0,327,1474,72,28,550.0
60,3,325,650,62,56,7700.0
60,-2,328,1516,68,31,4000.0
60,1,333,1559,66,43,1000.0
60,1,353,1700,65,54,2000.0
60,1,321,1455,62,29,10000.0
60,1,320,1477,67,26,900.0
60,1,350,1632,64,52,7000.0
60,5,328,1472,72,30,850.0
60,-1,335,1497,81,57,800.0
60,0,278,1284,52,23,1000.0
60,2,332,1499,82,49,650.0
60,1,337,1542,71,35,1200.0
60,3,345,1600,75,43,700.0
60,-1,332,1552,75,57,2000.0
60,1,350,1596,74,42,9600.0
60,-3,326,1527,56,38,800.0
60,0,314,1575,50,57,900.0
60,-1,330,629,61,64,850.0
60,9,280,1297,54,32,2100.0
60,2,350,858,61,57,4300.0
60,1,342,1603,60,45,500.0
60,6,347,1568,82,57,650.0
60,35,309,1375,69,27,900.0
60,5,327,1511,68,58,1200.0
60,1,341,1654,59,55,1500.0
60,0,327,1487,72,25,700.0
60,-2,325,1469,76,27,1200.0
60,4,328,1561,73,37,6200.0
60,1,354,1666,67,54,1000.0
60,1,307,1421,59,33,650.0
60,0,351,1650,71,48,700.0
60,0,317,558,64,55,550.0
60,2,321,1488,76,64,500.0
60,1,341,1547,66,48,1000.0
60,4,336,1563,81,61,600.0
60,1,360,1664,76,54,500.0
60,-1,345,1579,77,43,950.0
60,1,332,648,63,60,800.0
60,2,307,1452,63,60,10000.0
60,4,310,618,59,52,700.0
60,2,340,1544,67,41,750.0
60,0,305,1398,61,30,750.0
60,-1,335,1503,80,30,650.0
60,3,329,1516,59,43,1000.0
60,1,327,1503,83,55,1100.0
60,0,329,1512,72,32,4000.0
60,0,330,1570,76,47,650.0
60,1,334,671,61,59,750.0
60,1,333,1555,58,37,1200.0
60,2,331,1489,72,33,900.0
60,4,324,1516,71,51,1800.0
60,0,346,1588,82,49,700.0
60,0,319,656,59,58,650.0
60,0,341,1599,61,49,800.0
60,2,361,1678,74,55,1000.0
60,0,343,1576,70,39,7600.0
60,2,347,1628,73,43,800.0
60,0,351,1598,84,57,700.0
60,33,330,700,62,56,900.0
60,1,322,1449,80,53,750.0
60,2,329,658,62,60,9800.0
60,3,312,1482,65,45,1200.0
60,3,338,1602,76,54,800.0
60,1,345,1600,71,40,850.0
60,0,329,1541,69,63,650.0
60,5,327,587,63,59,750.0
60,0,330,1534,80,59,1000.0
60,1,353,1588,65,47,550.0
60,0,337,1532,65,44,900.0
60,1,339,1578,64,51,850.0
60,0,342,1605,75,46,1200.0
60,-1,336,1610,82,53,4100.0
60,1,358,1650,74,54,1000.0
60,4,341,1544,85,55,950.0
60,2,320,1522,71,58,7100.0
60,-1,327,670,60,59,9900.0
60,7,334,1558,63,42,1000.0
60,1,327,1528,66,62,2000.0
60,1,319,661,64,65,4100.0
60,0,351,1655,59,55,550.0
60,0,359,1666,68,48,9500.0
60,-1,350,1628,71,54,9400.0
60,6,354,1636,67,52,4500.0
60,0,325,620,58,61,2000.0
60,1,366,1697,76,57,700.0
60,1,321,1474,86,56,6300.0
60,2,361,1620,79,61,1000.0
60,0,347,1596,81,59,2000.0
60,4,306,1397,53,57,650.0
60,0,295,1386,53,31,9700.0
60,-2,332,1525,66,36,500.0
60,0,358,1655,74,48,700.0
60,1,324,1544,68,49,1500.0
60,9,335,690,63,58,700.0
60,1,342,1639,62,54,750.0
60,-4,309,1462,65,59,1000.0
60,37,329,1473,84,53,500.0
60,-1,318,594,60,58,650.0
60,0,309,1404,66,27,900.0
60,0,334,1531,66,55,10000.0
60,1,338,1560,65,43,650.0
60,1,315,627,60,56,1300.0
60,0,348,1653,78,50,10000.0
60,0,322,1556,64,48,10000.0
60,2,332,1497,69,35,2100.0
60,1,337,720,59,61,900.0
60,1,342,1629,65,51,700.0
60,3,283,1349,41,34,2500.0
60,1,323,1493,72,33,7700.0
60,3,338,1549,69,40,1000.0
60,1,336,1543,73,37,1500.0
60,-1,311,1439,55,36,750.0
60,-1,352,1667,64,51,1800.0
60,4,322,1544,67,60,700.0
60,3,339,1572,70,47,3900.0
60,1,353,1621,75,52,850.0
60,0,280,1312,51,31,650.0
60,17,325,1597,64,54,700.0
60,1,343,1537,75,39,750.0
60,2,321,1418,84,28,900.0
60,153,318,1457,58,34,3800.0
60,7,330,1514,77,58,700.0
60,2,344,1580,77,42,650.0
60,1,363,1688,68,57,700.0
60,0,355,1615,73,48,1000.0
60,2,346,1531,80,39,700.0
60,-1,352,895,59,58,2400.0
60,2,349,1558,76,45,700.0
60,1,314,1519,48,43,1100.0
60,2,280,1288,55,24,700.0
60,1,344,1594,72,40,550.0
60,1,348,1610,73,54,700.0
60,1,344,1574,76,56,700.0
60,-1,321,612,61,59,700.0
60,2,301,1437,44,63,5400.0
60,2,325,642,62,54,1200.0
60,1,331,1481,77,58,700.0
60,-2,338,699,60,61,850.0
60,4,346,1610,70,47,3100.0
60,3,327,1578,64,48,7900.0
60,2,353,1650,76,51,1000.0
60,1,341,1572,73,37,700.0
60,0,341,690,64,56,700.0
60,4,313,1476,63,60,650.0
60,3,353,1646,70,53,850.0
60,3,343,1590,76,50,700.0
60,0,318,653,60,54,1900.0
60,5,335,1556,73,48,900.0
60,4,320,1524,67,59,650.0
60,5,325,1469,79,56,900.0
60,1,338,1593,71,55,900.0
60,2,314,1483,75,60,700.0
60,1,333,1567,64,47,850.0
60,0,312,1383,71,28,450.0
60,1,355,1601,83,47,6000.0
60,2,364,1692,71,54,800.0
60,0,305,1388,52,37,500.0
60,0,346,1655,64,48,1000.0
60,-1,317,1443,64,31,750.0
60,2,319,1473,70,48,9700.0
60,3,346,1661,65,50,700.0
60,5,302,1392,63,27,5300.0
60,4,336,1506,80,58,900.0
60,1,342,1660,57,46,500.0
60,1,334,1490,76,29,7900.0
60,1,359,1683,75,60,2000.0
60,1,309,1439,72,51,850.0
60,1,340,1648,66,56,1200.0
60,-1,318,1474,75,53,2500.0
60,4,319,1453,68,58,700.0
60,2,307,1426,72,24,700.0
60,5,334,1566,74,54,1200.0
60,2,297,1375,65,58,600.0
60,4,354,913,59,59,1000.0
60,2,342,959,59,60,450.0
60,-1,340,812,62,52,900.0
60,5,335,826,63,60,850.0
60,0,321,1489,58,50,800.0
60,3,277,1316,30,35,3900.0
60,0,347,1606,53,56,1900.0
60,1,336,812,59,57,700.0
60,0,342,1603,73,45,950.0
60,6,357,1670,85,59,3000.0
60,1,356,1660,57,51,4100.0
60,1,332,805,58,55,700.0
60,-1,334,709,62,58,9900.0
60,1,281,1323,69,22,8000.0
60,1,343,865,60,59,700.0
60,-1,340,1549,76,40,900.0
60,-1,310,1453,54,35,2400.0
60,0,339,754,62,56,1000.0
60,1,344,1568,71,53,650.0
60,4,339,1552,74,57,700.0
60,-3,352,1677,66,56,900.0
60,0,344,1553,71,58,700.0
60,1,288,1319,56,28,650.0
60,2,287,1371,46,27,2100.0
60,1,356,1634,70,49,1500.0
60,1,317,1412,85,50,9300.0
60,6,314,1458,59,34,2000.0
60,3,331,1548,64,48,700.0
60,1,346,1638,60,59,900.0
60,-1,327,1501,75,49,2400.0
60,1,346,1673,54,56,4900.0
60,6,358,1636,84,58,2200.0
60,2,340,746,60,60,700.0
60,1,343,1664,66,56,700.0
60,0,325,1494,72,59,10000.0
60,0,338,1603,74,59,650.0
60,0,284,1323,50,26,700.0
60,1,348,1660,69,52,2000.0
60,0,321,652,58,56,650.0
60,0,367,1725,63,59,600.0
60,-1,334,663,62,59,700.0
60,0,332,1544,71,56,650.0
60,2,331,1505,84,31,550.0
60,0,336,1555,78,58,850.0
60,1,334,652,60,62,1400.0
60,2,348,1641,75,53,5000.0
60,3,332,1546,60,39,6400.0
60,-1,329,654,63,59,3100.0
60,0,325,1562,65,56,10000.0
60,2,308,1451,72,52,1100.0
60,-1,331,694,60,61,1400.0
60,1,293,1372,59,22,700.0
60,2,333,1563,68,44,700.0
60,1,328,1513,76,33,700.0
60,1,283,1345,41,31,650.0
60,12,293,1330,61,23,1100.0
60,5,340,1589,83,48,10000.0
60,2,315,1564,64,65,9900.0
60,1,311,637,60,59,1200.0
60,2,322,1535,62,59,10000.0
60,2,317,1499,71,49,700.0
60,2,345,1620,74,44,550.0
60,2,339,1559,73,44,700.0
60,-2,332,1525,70,59,900.0
60,2,331,1560,65,47,850.0
60,3,351,1676,53,60,950.0
60,1,302,1394,63,23,650.0
60,7,326,669,61,58,850.0
60,3,318,1541,61,52,700.0
60,0,300,1401,70,47,850.0
60,0,334,1567,72,55,1100.0
60,-3,305,1451,53,65,10000.0
60,-3,283,1308,55,21,10000.0
60,1,319,676,60,61,1500.0
60,-2,336,1567,72,42,1500.0
60,0,310,1426,58,32,500.0
60,1,296,1350,64,27,650.0
60,2,301,1387,53,26,2000.0
60,3,331,1524,67,38,800.0
60,3,318,1418,68,30,800.0
60,0,321,1032,60,56,600.0
60,-1,290,1384,59,30,4800.0
60,0,324,1480,76,52,700.0
60,2,312,629,61,54,10000.0
60,4,319,1471,74,48,1000.0
60,1,322,1540,59,38,10000.0
60,-3,293,1348,53,31,600.0
60,0,361,1654,85,50,850.0
60,0,334,1502,74,34,550.0
60,3,306,1399,72,23,1000.0
60,7,335,572,61,62,800.0
60,0,316,1450,80,28,2900.0
60,3,343,1556,72,45,650.0
60,1,320,599,61,55,1000.0
60,0,312,1427,74,58,7400.0
60,3,305,1412,61,36,500.0
60,3,353,1661,69,59,2500.0
60,8,305,1418,70,30,550.0
60,2,344,1555,55,51,900.0
60,1,302,1354,59,31,700.0
60,1,330,1546,66,43,700.0
60,2,324,1458,67,34,2900.0
60,11,336,1579,57,46,1500.0
60,-2,316,1424,78,52,500.0
60,-3,321,1523,67,61,700.0
60,14,355,1658,67,43,250.0
60,0,316,1449,68,33,1000.0
60,2,368,787,57,58,1200.0
60,11,344,1575,65,45,10000.0
60,2,335,1554,67,44,700.0
60,-1,325,1520,60,49,900.0
60,16,343,1625,64,55,1700.0
60,0,331,1546,55,42,800.0
60,8,321,1435,79,33,700.0
60,2,326,1499,69,58,900.0
60,10,323,1461,69,37,850.0
60,0,347,1612,73,49,1300.0
60,5,316,1469,68,35,2400.0
60,2,332,1536,68,60,950.0
60,4,339,1554,66,41,8100.0
60,2,328,1529,73,58,4700.0
60,14,322,1478,66,33,700.0
60,2,343,1593,65,48,1000.0
60,2,364,1681,75,54,700.0
60,0,341,1562,66,43,1300.0
60,4,318,1440,74,26,5000.0
60,3,322,658,59,56,650.0
60,5,302,1377,67,57,650.0
60,-1,343,1624,71,44,1800.0
60,0,336,1664,64,54,1200.0
60,0,317,1451,60,33,750.0
60,5,352,1651,68,59,850.0
60,1,317,1451,63,48,650.0
60,4,365,1649,78,59,700.0
60,1,307,1427,66,61,950.0
60,-1,341,1597,68,41,950.0
60,2,366,1697,72,59,700.0
60,0,334,1526,68,39,1000.0
60,4,345,1640,67,57,6600.0
60,1,312,1458,53,34,2000.0
60,0,349,1580,72,45,4600.0
60,0,358,1601,78,50,1500.0
60,-1,320,1511,62,60,6500.0
60,0,323,1489,66,54,5500.0
60,1,320,1458,70,31,500.0
60,13,305,1410,59,61,1000.0
60,4,297,1320,54,31,700.0
60,2,317,1457,62,34,950.0
60,1,324,1514,76,54,900.0
60,3,341,1662,63,59,5500.0
60,2,305,1371,64,31,950.0
60,2,356,1642,73,47,650.0
60,1,326,616,62,61,700.0
60,1,344,1563,62,44,2800.0
60,2,341,1553,86,56,650.0
60,0,326,586,65,58,950.0
60,2,332,1523,69,62,4000.0
60,0,314,619,60,57,750.0
60,1,362,1694,76,54,650.0
60,2,326,584,61,59,1000.0
60,0,319,1468,69,29,550.0
60,1,344,1623,62,45,800.0
60,11,317,1501,67,59,6800.0
60,-16,308,1397,65,58,8700.0
60,-1,331,1576,63,59,1500.0
60,3,363,1674,65,54,900.0
60,3,342,1549,80,40,700.0
60,1,330,1507,62,35,9900.0
60,0,334,1556,60,42,650.0
60,0,330,694,62,60,2900.0
60,3,345,1541,71,37,1200.0
60,0,294,1341,64,24,1000.0
60,0,288,1331,65,22,900.0
60,4,323,1523,62,36,750.0
60,5,341,1601,60,44,950.0
60,0,328,1482,68,51,800.0
60,1,358,1611,64,54,750.0
60,-3,303,1397,73,59,2000.0
60,0,346,1576,80,41,4100.0
60,1,335,1529,71,53,900.0
60,0,304,1420,68,49,2200.0
60,2,333,1491,63,36,4900.0
60,3,312,1458,65,27,700.0
60,3,323,553,59,62,4000.0
60,0,353,1688,62,60,850.0
60,2,313,742,60,57,1900.0
60,1,331,1561,76,38,1300.0
60,0,337,1566,65,43,750.0
60,13,313,1367,64,25,800.0
60,1,338,1581,66,47,650.0
60,13,369,1705,76,59,7500.0
60,0,364,1746,65,61,1000.0
60,2,329,1485,70,56,2600.0
60,9,345,1626,55,56,950.0
60,13,332,1565,71,39,750.0
60,4,336,1591,73,52,1200.0
60,4,278,1309,58,29,800.0
60,0,292,1332,59,27,650.0
60,2,305,1401,54,63,800.0
60,0,330,1583,56,50,700.0
60,2,324,1516,74,59,800.0
60,4,345,1569,71,48,650.0
60,-10,317,1499,71,49,12700.0
60,30,322,1492,62,59,2500.0
60,7,319,661,64,65,3150.0
60,19,323,1461,69,37,2650.0
60,6,351,1655,59,55,2850.0
60,20,352,1651,68,59,4450.0
60,0,321,1455,62,29,2800.0
60,29,359,1671,71,47,2500.0
60,-2,330,1534,80,59,3150.0
60,15,344,1575,65,45,3550.0
60,25,331,1561,76,38,3100.0
60,1,344,1580,77,42,2250.0
60,-12,355,1630,78,49,3200.0
60,116,351,1624,70,57,4350.0
60,3,297,1375,65,58,3050.0
60,4,321,1474,86,56,5000.0
60,7,324,1544,68,49,4500.0
60,20,319,1453,68,58,5600.0
60,7,321,1504,66,57,3000.0
60,4,347,1596,81,59,5950.0
60,19,336,1506,80,58,4850.0
60,6,320,1522,71,58,7850.0
60,16,338,1602,76,54,3100.0
60,4,320,1524,67,59,8450.0
60,4,348,1624,72,59,3150.0
60,1,334,1560,58,47,900.0
60,1,344,1586,81,60,850.0
60,-1,364,1679,80,51,1200.0
60,1,296,1376,36,34,650.0
60,1,332,1528,62,38,4000.0
60,1,332,1639,69,42,550.0
60,0,359,1671,71,47,1500.0
60,1,358,1707,75,50,700.0
60,1,317,1412,85,50,700.0
60,1,309,1448,49,61,700.0
60,1,302,1392,63,27,600.0
60,2,322,1540,59,38,800.0
60,1,337,1527,62,56,1100.0
60,2,337,1516,85,56,800.0
60,2,340,1552,79,58,900.0
60,-1,334,1530,67,40,5100.0
60,0,311,1428,66,28,1100.0
60,0,340,1590,72,57,700.0
60,2,348,1594,68,46,1000.0
60,-1,356,1652,71,55,1000.0
60,1,324,1484,68,37,1200.0
60,38,325,650,62,56,3200.0
60,-2,319,1478,61,33,3100.0
60,4,327,1528,66,62,1000.0
60,2,307,1452,63,60,650.0
60,2,334,709,62,58,950.0
60,0,338,1560,72,40,750.0
60,12,336,1579,57,46,850.0
60,0,353,1683,66,50,5100.0
60,0,307,1471,60,56,750.0
60,0,340,1595,64,52,5100.0
60,0,355,1630,78,49,5100.0
60,0,302,1391,42,35,950.0
60,0,309,1421,65,30,750.0
60,0,336,1557,72,36,5100.0
60,1,320,1522,71,58,700.0
60,0,306,1399,72,23,800.0
60,1,344,1575,65,45,2900.0
60,1,323,602,63,61,4200.0
60,0,362,1721,66,59,650.0
60,0,349,1632,67,61,1000.0
60,2,350,1596,74,42,1300.0
60,1,323,1493,72,33,650.0
60,0,318,1521,52,39,850.0
60,0,312,1427,74,58,1500.0
60,0,350,828,60,60,850.0
60,3,357,1670,85,59,700.0
60,0,353,1715,63,57,700.0
60,1,321,1504,66,57,4900.0
60,1,323,1489,66,54,3100.0
60,1,320,1511,62,60,3100.0
60,0,322,1556,64,48,3100.0
60,1,318,653,60,54,5800.0
60,0,346,1623,63,58,750.0
59,1,336,1646,39,51,500.0
59,0,342,1693,40,56,7500.0
59,0,327,776,60,59,2000.0
59,-2,334,748,59,58,700.0
59,1,299,1409,33,44,800.0
59,-2,344,863,61,59,3000.0
59,0,341,1598,60,52,650.0
59,4,332,1555,58,41,550.0
59,1,333,785,61,54,950.0
59,0,330,1537,62,40,1600.0
59,2,316,1459,71,58,800.0
59,5,347,1603,77,45,600.0
59,2,337,798,60,59,3400.0
59,1,356,1694,55,56,800.0
59,1,334,1557,70,56,9500.0
59,-1,334,1561,72,59,650.0
59,0,333,755,57,59,650.0
59,0,343,891,61,58,950.0
59,4,315,1420,69,24,400.0
59,0,275,1268,44,29,750.0
59,1,350,1656,71,49,850.0
59,0,361,1638,67,51,750.0
59,-3,356,1611,79,43,700.0
59,-1,348,1607,73,39,9900.0
59,0,366,1745,68,55,4900.0
59,2,364,1677,74,59,10000.0
59,2,294,1355,51,31,750.0
59,-1,323,1555,53,40,700.0
59,1,352,1593,66,56,7300.0
59,1,354,1648,65,52,700.0
59,0,344,829,59,56,1000.0
59,1,363,1668,71,49,1000.0
59,0,319,1470,57,57,4000.0
59,-2,342,1582,85,53,1000.0
59,1,350,1636,73,56,9900.0
59,-1,333,1546,65,33,500.0
59,3,332,1526,72,37,6700.0
59,3,314,648,62,57,5000.0
59,2,335,1558,81,57,850.0
59,1,353,1653,67,53,1400.0
59,2,344,1563,78,44,750.0
59,1,335,1620,56,50,600.0
59,0,351,1594,83,42,700.0
59,1,331,1526,51,49,550.0
59,-2,323,1424,73,31,2300.0
59,0,348,1553,79,46,550.0
59,0,344,1593,69,45,600.0
59,-1,349,1610,74,45,800.0
59,1,337,1547,62,46,1000.0
59,2,347,1614,60,51,1000.0
59,3,346,1625,69,54,700.0
59,1,332,1521,69,40,550.0
59,0,345,1645,71,57,700.0
59,3,328,1565,61,50,450.0
59,-2,321,1510,73,57,850.0
59,1,348,1567,71,44,1000.0
59,0,311,1421,57,59,2000.0
59,3,345,1645,69,51,1200.0
59,0,343,1594,74,49,1000.0
59,5,342,1600,75,47,2000.0
59,2,320,1460,76,57,10000.0
59,0,336,1514,79,40,700.0
59,-390,349,1584,73,43,700.0
59,0,323,1446,76,26,500.0
59,2,324,1491,78,49,1200.0
59,4,352,1608,73,50,700.0
59,1,326,1536,69,36,600.0
59,0,308,1450,69,60,750.0
59,2,338,1586,63,46,3000.0
59,2,299,1520,33,55,2000.0
59,0,351,1655,66,54,8000.0
59,1,334,1500,68,55,800.0
59,1,299,1421,52,59,600.0
59,0,311,1420,64,26,1000.0
59,4,346,1613,63,53,750.0
59,-2,336,1557,79,45,800.0
59,-2,345,1560,80,58,500.0
59,3,317,1436,77,56,6900.0
59,2,314,1456,63,31,600.0
59,3,326,609,62,57,1100.0
59,0,328,1632,62,47,10000.0
59,-1,360,1682,71,58,2000.0
59,-1,341,719,62,59,1000.0
59,1,342,1567,65,52,650.0
59,1,323,1521,63,50,500.0
59,3,318,1461,65,57,550.0
59,0,310,1417,76,59,600.0
59,1,351,1618,79,50,1000.0
59,1,315,551,63,58,650.0
59,4,312,1418,71,25,1000.0
59,0,323,1460,72,30,2000.0
59,0,325,699,63,56,750.0
59,-2,320,1460,72,33,1300.0
59,-3,352,1656,65,48,7800.0
59,2,320,1509,64,47,9500.0
59,-1,336,1534,62,38,4600.0
59,0,330,1500,75,37,700.0
59,0,299,1392,61,24,900.0
59,34,317,606,60,51,700.0
59,4,324,1522,71,57,1800.0
59,10,344,1600,82,50,5000.0
59,22,327,1492,73,59,700.0
59,-2,322,1500,70,49,8300.0
59,2,333,1463,91,53,650.0
59,1,326,1473,75,35,4400.0
59,2,319,604,54,57,700.0
59,19,307,1409,76,57,450.0
59,2,315,630,55,61,8900.0
59,2,295,1366,53,33,950.0
59,1,320,604,62,56,3400.0
59,-1,332,705,58,56,8100.0
59,-1,332,1547,66,42,9800.0
59,0,342,1609,62,50,5500.0
59,0,325,1548,58,44,1700.0
59,2,342,1607,65,48,10000.0
59,2,283,1278,54,30,950.0
59,1,354,1640,76,40,1300.0
59,4,335,1540,72,55,650.0
59,-3,283,1331,62,23,1200.0
59,1,321,1460,71,47,600.0
59,1,353,1675,76,56,450.0
59,1,317,1451,74,31,8900.0
59,4,314,1452,74,56,800.0
59,0,287,1276,58,26,800.0
59,5,304,1413,65,58,1000.0
59,1,329,1549,62,40,700.0
59,2,327,1491,58,40,550.0
59,1,328,1492,64,36,650.0
59,3,308,1411,76,63,4000.0
59,0,310,1479,58,51,650.0
59,8,314,1474,68,59,900.0
59,2,317,1417,78,57,850.0
59,4,303,1406,67,49,1300.0
59,-1,330,1501,73,56,1800.0
59,1,318,1392,77,48,700.0
59,1,294,1376,65,29,650.0
59,2,317,1462,68,51,650.0
59,5,306,1410,58,57,1200.0
59,0,324,726,55,60,900.0
59,1,343,1592,72,51,10000.0
59,1,312,1444,52,41,700.0
59,1,327,1456,84,56,750.0
59,5,308,609,61,58,6200.0
59,1,362,1707,75,60,850.0
59,1,315,1478,64,28,800.0
59,1,330,1526,68,37,1000.0
59,1,320,1458,74,56,750.0
59,1,320,1519,62,53,850.0
59,0,317,576,60,61,750.0
59,0,332,1535,67,53,700.0
59,4,327,1538,63,60,550.0
59,2,329,1455,80,49,7000.0
59,1,327,1527,56,44,700.0
59,4,327,1540,71,64,550.0
59,2,317,604,60,56,850.0
59,0,344,1606,70,47,750.0
59,1,332,1564,68,54,650.0
59,1,319,538,68,55,9900.0
59,2,339,1573,73,52,2000.0
59,16,333,1555,79,56,10000.0
59,0,313,1456,63,57,800.0
59,2,314,1452,81,57,1400.0
59,5,325,1453,81,28,9000.0
59,1,312,1505,70,46,5000.0
59,1,328,1513,80,57,750.0
59,1,317,1528,67,60,850.0
59,2,317,1543,70,52,700.0
59,2,322,1565,50,60,8900.0
59,-1,341,1591,72,56,650.0
59,0,305,1448,55,28,700.0
59,2,311,1482,54,37,700.0
59,2,327,1555,77,51,650.0
59,0,281,1333,51,27,500.0
59,2,351,1556,81,46,10000.0
59,2,334,1592,82,54,1500.0
59,-1,346,1560,72,55,700.0
59,0,365,1717,79,54,850.0
59,0,357,1704,68,59,650.0
59,0,348,1640,63,47,950.0
59,1,335,774,59,56,650.0
59,1,330,1493,62,54,700.0
59,0,338,1544,80,57,9000.0
59,0,335,823,58,56,1900.0
59,0,321,736,58,58,1100.0
59,3,307,1381,84,55,600.0
59,2,349,1615,66,54,750.0
59,0,324,1474,65,35,750.0
59,1,345,1656,73,54,10000.0
59,0,321,745,59,58,500.0
59,1,341,1530,82,54,1500.0
59,2,338,904,58,59,750.0
59,1,328,1542,69,38,800.0
59,1,330,1536,71,61,2900.0
59,0,320,1467,68,31,2900.0
59,2,329,1508,78,56,850.0
59,4,352,1675,75,51,950.0
59,0,338,1555,63,43,700.0
59,0,333,652,64,59,950.0
59,32,342,705,64,55,700.0
59,3,319,1412,82,51,600.0
59,2,335,1579,69,49,950.0
59,1,284,1335,51,33,700.0
59,1,333,1515,76,35,1000.0
59,-1,318,1456,75,59,1000.0
59,0,311,686,60,55,800.0
59,4,332,597,60,64,1800.0
59,18,331,1468,81,55,10000.0
59,0,306,1403,75,57,650.0
59,0,343,1594,63,55,750.0
59,-1,305,1421,56,35,800.0
59,1,332,1521,69,35,750.0
59,0,332,1545,63,42,1000.0
59,7,301,1386,53,33,4000.0
59,2,305,1411,59,30,10000.0
59,0,334,1559,57,46,700.0
59,0,324,1553,55,56,900.0
59,-3,302,1387,54,27,900.0
59,7,329,1509,70,58,900.0
59,3,317,1462,55,43,700.0
59,6,285,1371,49,31,1200.0
59,0,344,1633,64,53,10000.0
59,0,322,628,62,52,650.0
59,1,299,1362,63,27,1000.0
59,-1,330,647,62,60,3200.0
59,0,307,1383,66,58,5800.0
59,4,327,1510,68,58,1000.0
59,2,321,1452,68,31,850.0
59,-1,337,1540,74,50,700.0
59,1,313,590,59,53,700.0
59,1,317,1397,80,51,900.0
59,1,320,638,64,54,500.0
59,2,310,1443,73,58,700.0
59,-1,302,1395,67,34,600.0
59,0,290,1330,59,27,500.0
59,1,333,1540,69,43,700.0
59,5,332,1488,70,35,700.0
59,1,340,1573,67,50,8300.0
59,139,312,1468,72,59,7900.0
59,1,310,1447,70,45,350.0
59,0,347,696,61,61,5500.0
59,-1,326,591,60,58,700.0
59,0,311,1436,65,61,500.0
59,0,314,1456,71,57,1000.0
59,4,340,1579,74,57,500.0
59,1,317,1477,73,57,2100.0
59,1,316,1412,66,51,850.0
59,1,315,1428,72,34,2500.0
59,1,325,1467,82,58,1400.0
59,2,329,766,57,62,500.0
59,124,312,1400,88,43,10000.0
59,2,331,1450,68,36,3800.0
59,3,298,1349,65,25,650.0
59,1,323,1487,56,43,550.0
59,3,293,1346,63,29,7200.0
59,2,325,654,59,59,6900.0
59,-1,285,1328,66,59,650.0
59,1,315,1492,68,48,700.0
59,2,325,1538,70,49,10000.0
59,2,325,669,57,59,2800.0
59,4,310,1435,79,59,700.0
59,-1,288,1322,59,22,500.0
59,2,321,1481,83,42,600.0
59,3,311,1414,65,59,1000.0
59,9,314,1430,64,33,3400.0
59,3,307,1426,67,34,8000.0
59,-3,291,1342,67,29,700.0
59,1,315,1482,46,40,9900.0
59,-1,340,1594,72,54,650.0
59,0,337,1575,70,48,5000.0
59,-2,351,1619,67,47,1000.0
59,1,327,1491,79,54,650.0
59,6,309,1395,67,26,900.0
59,0,307,1434,73,61,750.0
59,2,279,1333,50,32,650.0
59,1,317,626,63,59,950.0
59,12,325,1507,58,39,650.0
59,1,337,662,59,57,900.0
59,11,336,1553,59,46,650.0
59,3,318,1464,77,53,3000.0
59,4,317,1451,74,52,9900.0
59,0,318,1402,81,56,1500.0
59,2,324,1491,65,40,1400.0
59,2,323,1530,70,57,9900.0
59,0,323,1442,82,55,2000.0
59,-1,322,1499,55,44,10000.0
59,-1,335,1489,80,52,700.0
59,1,302,1393,68,58,2000.0
59,4,305,1390,76,23,2200.0
59,1,330,1534,66,37,9100.0
59,-1,334,1579,62,56,900.0
59,0,324,1476,75,55,1900.0
59,-2,308,1436,71,28,5400.0
59,0,312,1427,73,26,700.0
59,0,331,1513,77,46,700.0
59,2,349,1665,62,56,650.0
59,-2,293,1325,54,29,550.0
59,0,353,1658,69,55,700.0
59,1,323,1446,74,30,5000.0
59,3,327,1526,70,41,10000.0
59,6,275,1244,51,24,2400.0
59,2,278,1290,53,23,2400.0
59,2,295,1360,69,50,550.0
59,2,308,1406,64,28,550.0
59,64,317,1458,83,56,10000.0
59,0,344,1599,77,46,500.0
59,1,312,1411,64,37,2000.0
59,13,336,1546,68,45,550.0
59,-1,337,1566,68,42,900.0
59,0,315,1404,69,34,4000.0
59,3,310,1433,63,34,1000.0
59,0,347,1646,77,48,10000.0
59,5,312,1429,71,46,700.0
59,3,335,1576,62,48,5900.0
59,4,327,1512,68,36,10000.0
59,4,357,1658,77,54,500.0
59,4,319,1495,66,58,500.0
59,-1,341,1576,70,42,700.0
59,0,329,1467,69,36,8300.0
59,1,300,1371,65,32,1800.0
59,1,305,1411,53,36,2800.0
59,0,339,1528,65,43,1100.0
59,2,324,1458,82,61,550.0
59,1,333,1562,71,43,1300.0
59,5,336,1617,67,58,650.0
59,8,329,1595,62,54,450.0
59,1,298,1340,59,24,750.0
59,1,325,1448,71,32,700.0
59,2,308,1388,65,30,650.0
59,0,337,717,60,61,8900.0
59,20,304,1453,80,53,1800.0
59,-3,339,639,62,59,1100.0
59,5,347,1563,82,54,700.0
59,0,331,1584,67,50,700.0
59,3,353,1664,70,60,700.0
59,104,317,1405,65,58,7300.0
59,3,302,1403,67,60,4800.0
59,0,323,1470,55,36,900.0
59,4,314,1420,72,57,2500.0
59,0,303,1428,67,61,10000.0
59,1,334,1503,81,56,1200.0
59,1,318,1441,71,29,700.0
59,2,323,1506,59,46,3500.0
59,4,357,1642,67,56,700.0
59,2,362,1714,74,49,750.0
59,3,329,1534,70,54,500.0
59,0,311,1383,67,33,850.0
59,0,311,1415,76,56,700.0
59,3,327,1516,77,57,9800.0
59,2,294,1413,51,61,700.0
59,2,341,1566,79,43,800.0
59,2,296,1364,72,53,750.0
59,2,300,1369,70,57,900.0
59,1,293,1326,65,26,1000.0
59,1,334,1556,82,59,700.0
59,0,316,1439,75,58,800.0
59,0,327,1475,68,36,900.0
59,1,291,1307,59,25,700.0
59,0,307,1383,66,58,700.0
59,15,317,1405,65,58,2000.0
59,1,329,1524,64,36,700.0
59,0,321,1396,83,54,950.0
59,0,315,1461,70,56,1200.0
59,0,305,1457,46,35,650.0
59,2,317,1497,62,56,700.0
59,-1,331,1572,67,61,750.0
59,0,354,1653,67,53,800.0
59,0,327,1508,69,33,700.0
59,0,304,1441,66,60,700.0
59,0,353,1653,67,53,2000.0
59,-2,347,1646,77,48,2100.0
59,1,320,1484,68,57,800.0
59,-1,310,1467,53,60,1000.0
59,13,367,1685,76,57,1200.0
59,1,310,1449,64,61,2000.0
59,4,320,1460,76,57,850.0
59,0,313,1469,67,56,3900.0
59,6,317,1458,83,56,1000.0
59,0,308,1389,79,53,1200.0
59,4,301,1386,53,33,1000.0
59,0,317,1436,77,56,900.0
59,9,331,1468,81,55,1000.0
59,4,327,1516,77,57,2400.0
59,1,347,1608,64,50,1300.0
59,0,335,1570,59,42,950.0
59,2,329,1527,72,58,750.0
59,1,294,1323,61,27,1000.0
59,1,342,1693,40,56,5100.0
59,0,361,1720,67,55,700.0
59,-1,346,1591,72,57,2400.0
59,0,344,1582,84,57,1000.0
59,1,337,1571,79,55,1200.0
59,0,326,1473,75,35,650.0
59,0,304,1390,70,27,5100.0
59,0,293,1305,61,26,1400.0
59,-2,331,675,58,65,700.0
59,0,312,1385,67,29,850.0
59,0,330,1541,53,44,700.0
59,0,308,1443,61,32,700.0
59,0,353,1653,70,38,1100.0
59,0,350,1636,73,56,4400.0
58,1,279,1369,32,38,750.0
58,2,313,1549,33,47,3800.0
58,1,326,1591,42,50,2700.0
58,-1,331,802,60,57,1200.0
58,11,323,808,58,57,800.0
58,-1,284,1320,32,33,1000.0
58,1,340,1623,56,55,700.0
58,2,332,803,55,57,700.0
58,3,325,1567,59,40,450.0
58,1,302,1382,66,28,800.0
58,6,357,1676,67,51,10000.0
58,1,349,1570,77,39,750.0
58,0,326,1553,70,34,950.0
58,1,345,1635,58,48,1000.0
58,0,295,1380,60,31,950.0
58,-1,342,1598,77,51,700.0
58,1,345,1621,76,42,700.0
58,1,322,1489,64,34,550.0
58,0,309,1424,68,26,900.0
58,4,357,1634,62,53,700.0
58,-1,324,1548,47,47,10000.0
58,0,338,1545,76,51,550.0
58,0,284,1284,54,29,650.0
58,1,319,683,59,54,900.0
58,2,334,1571,70,42,1000.0
58,2,356,1669,58,56,1300.0
58,0,309,609,59,60,3900.0
58,1,315,1474,70,57,850.0
58,2,337,1575,57,49,1000.0
58,1,344,1544,88,48,650.0
58,1,318,1430,69,55,1000.0
58,3,302,589,58,63,900.0
58,0,316,1446,66,31,800.0
58,-3,337,1559,82,56,10000.0
58,-1,337,1586,55,51,10000.0
58,0,352,1639,73,45,750.0
58,0,360,1657,70,46,1500.0
58,0,319,1539,59,41,10000.0
58,2,333,1530,72,54,550.0
58,1,324,1507,73,48,700.0
58,1,341,1551,68,50,1300.0
58,2,352,1641,65,45,1000.0
58,0,292,1344,53,35,950.0
58,0,346,1626,68,55,1000.0
58,1131,322,747,55,60,3400.0
58,-1,316,1424,70,55,3200.0
58,0,329,1558,61,57,5000.0
58,11,313,641,63,59,2000.0
58,6,284,1349,51,29,5400.0
58,-1,322,638,62,61,9000.0
58,1,315,697,61,59,1300.0
58,2,315,1421,78,24,1400.0
58,0,297,583,58,58,950.0
58,0,326,694,60,54,2500.0
58,1,341,1597,67,52,450.0
58,-1,296,1366,61,24,500.0
58,0,334,1524,71,46,1000.0
58,-2,292,1348,54,26,2000.0
58,0,318,1521,68,60,10000.0
58,0,328,1531,63,37,900.0
58,-1,307,1430,68,58,850.0
58,1,294,1388,60,55,650.0
58,2,330,1528,73,39,700.0
58,0,312,1454,72,27,5000.0
58,0,332,1580,58,46,9100.0
58,3,318,1502,81,46,700.0
58,3,322,1495,59,38,5400.0
58,2,309,1429,68,56,700.0
58,-2,319,618,61,54,800.0
58,2,314,644,63,58,3100.0
58,14,323,612,57,56,700.0
58,-3,321,1489,74,51,8900.0
58,0,325,1582,66,46,5400.0
58,0,300,1345,72,57,9900.0
58,1,331,1555,67,45,9200.0
58,0,304,594,58,57,750.0
58,3,337,1537,72,58,600.0
58,4,304,614,58,57,550.0
58,0,321,1558,70,33,1000.0
58,0,321,1458,80,48,700.0
58,4,315,1509,64,39,9200.0
58,0,309,600,60,59,500.0
58,-1,352,1629,71,51,800.0
58,1,311,576,59,58,800.0
58,1,326,1513,67,48,8400.0
58,7,318,677,62,59,2500.0
58,2,332,1501,78,54,400.0
58,2,344,1596,68,49,10000.0
58,1,347,1587,73,46,750.0
58,2,336,1564,70,52,1400.0
58,2,331,1531,64,54,750.0
58,-1,328,1591,63,47,700.0
58,1,300,1371,67,28,850.0
58,4,299,1400,66,56,700.0
58,1,341,1582,65,46,9900.0
58,1,359,1585,84,49,950.0
58,9,331,1551,67,48,600.0
58,-1,354,1611,69,49,600.0
58,3,310,1427,67,46,3200.0
58,1,310,1400,74,27,10000.0
58,1,335,1490,69,55,800.0
58,1,310,1388,73,55,10000.0
58,9,283,1362,55,55,750.0
58,1,338,1578,66,44,700.0
58,1,342,1610,64,51,950.0
58,3,359,1665,69,52,5000.0
58,0,322,1407,80,26,700.0
58,2,333,1585,64,45,850.0
58,2,285,1303,55,29,900.0
58,0,340,1622,67,51,500.0
58,7,332,1600,67,47,1100.0
58,0,334,841,60,58,500.0
58,4,306,1414,56,33,500.0
58,0,316,642,60,49,10000.0
58,0,324,712,60,58,1900.0
58,1,294,1368,64,60,700.0
58,0,307,1444,63,55,2900.0
58,-1,352,1673,70,52,900.0
58,0,338,1605,59,49,1000.0
58,3,299,1392,64,29,650.0
58,1,324,1501,62,37,700.0
58,1,341,1574,65,48,3600.0
58,0,295,1334,64,30,750.0
58,-2,306,1399,54,34,9800.0
58,0,284,1283,56,24,10000.0
58,4,304,1406,72,56,700.0
58,1,332,1499,67,39,650.0
58,1,329,1549,75,47,3900.0
58,0,328,803,55,60,500.0
58,-2,313,780,62,55,500.0
58,1,322,1495,73,57,700.0
58,1,301,1406,61,31,700.0
58,-1,307,1408,65,56,850.0
58,1,319,1509,68,46,700.0
58,-1,317,667,62,56,1000.0
58,1,291,1375,58,57,450.0
58,1,317,642,60,56,850.0
58,0,311,559,60,56,700.0
58,0,286,1334,61,30,750.0
58,-1,290,1357,60,26,650.0
58,1,343,1540,67,48,2200.0
58,1,322,778,59,62,2200.0
58,1,342,1629,52,57,1500.0
58,-1,346,1645,62,49,800.0
58,4,327,1501,66,58,1000.0
58,-5,331,831,58,59,550.0
58,-1,328,1537,63,44,500.0
58,1,293,1347,77,23,700.0
58,2,340,1604,50,51,800.0
58,0,335,1546,76,56,850.0
58,0,342,1575,62,45,950.0
58,-1,337,842,59,56,9400.0
58,1,345,1603,66,43,700.0
58,1,323,1453,71,37,750.0
58,-1,339,1602,57,57,10000.0
58,0,317,652,60,55,800.0
58,4,273,1293,37,26,950.0
58,1,329,1502,73,34,1200.0
58,1,338,1609,57,52,500.0
58,0,330,660,60,59,700.0
58,-1,321,747,54,57,2500.0
58,1,357,1704,66,54,1000.0
58,0,317,1496,76,44,700.0
58,1,342,1520,91,48,650.0
58,1,352,1616,78,53,700.0
58,0,306,1407,75,45,950.0
58,1,308,1451,65,58,850.0
58,0,347,1606,67,48,10000.0
58,1,313,627,60,54,550.0
58,6,314,1453,76,59,950.0
58,3,322,1421,71,57,5000.0
58,4,308,1453,77,56,1700.0
58,0,347,1607,69,53,700.0
58,4,299,1378,55,55,4100.0
58,-1,301,587,59,58,750.0
58,-2,304,589,60,57,700.0
58,1,324,1513,69,51,650.0
58,3,316,1441,75,25,850.0
58,0,333,1573,67,40,9900.0
58,2,281,1300,51,26,1500.0
58,0,333,1554,77,49,750.0
58,5,294,1360,72,49,8900.0
58,3,314,1462,69,52,1200.0
58,0,303,1438,64,31,700.0
58,1,284,1309,52,57,500.0
58,1,301,1373,59,31,3800.0
58,0,319,690,56,60,1000.0
58,2,299,1421,66,57,2200.0
58,16,345,1609,65,48,1100.0
58,0,310,663,59,54,650.0
58,2,304,1389,75,55,750.0
58,1,327,1481,65,35,700.0
58,0,301,1388,62,31,600.0
58,-4,323,687,59,59,650.0
58,1,288,1310,65,27,8200.0
58,3,310,1376,80,53,700.0
58,0,301,593,62,56,450.0
58,0,311,717,60,56,800.0
58,0,344,1615,66,44,2500.0
58,6,331,1533,67,56,500.0
58,1,295,1337,62,25,500.0
58,1,310,1424,70,49,700.0
58,2,317,1524,52,56,700.0
58,4,312,1481,71,47,500.0
58,0,289,1330,62,28,10000.0
58,1,349,1624,67,55,2200.0
58,4,332,1442,88,53,800.0
58,3,322,788,57,59,750.0
58,2,320,1467,72,57,850.0
58,-1,335,1555,75,51,800.0
58,1,299,1348,64,24,600.0
58,0,309,1437,54,34,550.0
58,0,321,601,60,59,1100.0
58,-2,300,1338,65,58,750.0
58,1,293,1375,73,58,750.0
58,2,292,1324,64,24,800.0
58,1,308,709,57,57,650.0
58,5,317,1514,55,40,1000.0
58,-1,328,1551,62,44,700.0
58,0,316,564,55,59,650.0
58,6,318,1471,66,28,1200.0
58,0,339,1568,80,43,450.0
58,1,330,1575,63,45,8300.0
58,2,316,1461,81,36,650.0
58,3,331,1571,66,56,650.0
58,5,323,656,59,58,1100.0
58,4,315,1413,70,29,700.0
58,-2,322,1498,63,42,750.0
58,1,335,1576,65,51,700.0
58,6,308,1469,67,56,3500.0
58,1,344,1609,63,56,9700.0
58,-1,342,1584,71,51,750.0
58,3,326,1519,80,50,650.0
58,2,321,1512,71,46,7600.0
58,1,343,1627,71,51,2400.0
58,-2,312,1403,66,34,700.0
58,-1,273,1239,54,24,9900.0
58,7,318,638,62,57,5400.0
58,4,335,1567,65,40,450.0
58,2,320,1481,66,47,1200.0
58,1,345,1611,65,49,700.0
58,6,321,1523,54,41,700.0
58,0,290,1337,59,26,850.0
58,6,312,589,61,55,850.0
58,1,304,1400,66,59,500.0
58,-2,322,670,58,61,600.0
58,8,314,1430,65,33,800.0
58,-2,357,1684,75,48,1000.0
58,37,312,1488,55,60,9000.0
58,0,329,1557,79,54,1000.0
58,0,326,1510,72,56,10000.0
58,0,322,656,57,58,950.0
58,1,339,1619,66,48,800.0
58,1,303,1405,65,55,700.0
58,1,310,627,59,57,1400.0
58,-1,324,1464,73,39,10000.0
58,0,331,1531,59,47,600.0
58,6,308,1406,78,53,700.0
58,6,342,1587,67,47,4200.0
58,-1,310,618,59,60,1200.0
58,2,303,1355,84,58,1200.0
58,2,330,1582,58,39,900.0
58,-2,308,600,61,56,600.0
58,1,299,1375,58,31,800.0
58,1,314,607,59,56,850.0
58,0,297,1354,63,31,750.0
58,0,304,1374,66,31,5500.0
58,7,279,1280,58,31,1200.0
58,-1,315,1487,64,36,1400.0
58,3,325,654,59,59,7000.0
58,3,357,1653,81,50,1900.0
58,3,349,1648,64,54,850.0
58,1,340,1565,66,51,6500.0
58,-1,324,1544,69,48,750.0
58,1,321,1511,60,36,950.0
58,1,329,1543,72,33,750.0
58,1,348,1642,68,53,2500.0
58,0,276,1265,45,23,9900.0
58,-1,335,1595,66,52,5200.0
58,0,329,1490,70,57,650.0
58,15,319,620,62,56,750.0
58,2,326,1555,65,51,600.0
58,2,340,1515,77,34,10000.0
58,4,297,1349,65,31,450.0
58,1,325,1553,55,44,5400.0
58,4,322,649,58,60,4900.0
58,1,340,1603,52,52,1900.0
58,1,324,1548,47,47,1100.0
58,0,319,1539,59,41,1100.0
58,0,318,1521,68,60,950.0
58,2,336,1560,71,59,900.0
58,0,301,1330,67,24,900.0
58,0,325,654,59,59,1600.0
58,0,316,642,60,49,800.0
58,0,289,1350,55,28,650.0
58,-1,347,1596,76,57,900.0
58,0,299,1378,55,55,1200.0
58,1,315,1500,65,55,1800.0
58,12,283,1262,58,24,700.0
58,0,337,842,59,56,700.0
58,0,324,600,59,56,1000.0
58,1,321,1419,80,53,700.0
58,9,300,1373,71,58,4000.0
58,0,322,1495,59,38,1000.0
58,-1,327,1477,75,54,700.0
58,3,344,1596,68,49,1000.0
58,1,333,1573,67,40,600.0
58,0,279,1256,51,28,700.0
58,0,340,1565,66,51,700.0
58,1,325,1553,55,44,1000.0
58,1,341,1582,65,46,750.0
58,0,305,672,59,56,900.0
58,2,336,1536,78,53,800.0
58,0,284,1283,56,24,950.0
58,0,365,1730,72,59,850.0
58,3,357,1676,67,51,1000.0
58,0,302,1413,69,58,5100.0
58,0,331,1545,61,40,10000.0
58,-1,331,1496,76,27,950.0
58,1,289,1363,59,27,650.0
58,0,337,1586,55,51,1000.0
57,1,325,877,56,56,500.0
57,0,311,1547,38,51,10000.0
57,0,325,1621,33,54,6900.0
57,1,324,826,58,55,650.0
57,0,338,1625,69,58,550.0
57,-1,334,822,58,50,700.0
57,1,365,1689,78,54,10000.0
57,1,327,1479,75,54,950.0
57,3,308,1445,68,31,1500.0
57,2,294,1391,42,57,550.0
57,4,356,1651,75,52,500.0
57,1,326,1548,67,47,10000.0
57,1,321,1519,68,47,1000.0
57,2,326,1504,68,39,7900.0
57,1,291,1344,55,28,10000.0
57,1,292,1366,54,30,600.0
57,-1,301,1383,62,55,700.0
57,-1,321,611,62,55,700.0
57,0,336,1576,70,42,10000.0
57,-2,330,1539,73,52,800.0
57,0,310,1360,77,30,10000.0
57,0,348,1646,73,53,700.0
57,0,325,1488,70,47,600.0
57,0,289,1322,65,24,2500.0
57,1,319,1483,75,41,700.0
57,2,338,1596,61,51,1200.0
57,0,289,1328,63,28,700.0
57,1,308,1437,67,36,900.0
57,1,293,1405,61,38,3900.0
57,0,338,1524,69,42,700.0
57,1,307,1419,79,49,850.0
57,1,310,609,53,54,700.0
57,2,329,1507,75,41,650.0
57,2,336,1593,66,56,800.0
57,2,307,628,57,58,1000.0
57,0,325,1531,63,48,850.0
57,1,314,665,56,55,700.0
57,-1,339,1578,82,54,650.0
57,0,320,1465,72,44,550.0
57,3,302,1374,68,26,800.0
57,-1,321,1475,73,47,950.0
57,2,352,1599,84,54,650.0
57,1,320,1434,73,41,1200.0
57,-1,332,1551,58,47,750.0
57,2,320,1529,62,37,700.0
57,2,330,1502,63,43,2900.0
57,1,317,683,59,54,600.0
57,2,304,1398,65,55,1000.0
57,-1,316,1433,90,55,4400.0
57,1,331,1532,66,41,10000.0
57,2,319,704,59,56,650.0
57,0,305,630,58,58,3500.0
57,0,314,1471,73,56,1000.0
57,1,318,1437,66,29,650.0
57,2,295,1379,61,32,650.0
57,1,333,1507,68,37,650.0
57,2,278,1294,51,32,900.0
57,3,315,634,61,56,600.0
57,1,318,580,59,58,1000.0
57,1,312,673,57,56,6600.0
57,1,330,668,55,57,750.0
57,1,301,594,59,55,1200.0
57,1,340,1522,69,48,10000.0
57,0,333,1577,68,47,650.0
57,-1,274,1246,62,27,10000.0
57,5,327,1572,63,50,550.0
57,1,325,741,61,54,700.0
57,4,312,1382,79,25,550.0
57,-1,334,1556,67,47,800.0
57,4,306,1399,67,54,700.0
57,1,311,1354,77,43,650.0
57,0,328,1539,69,50,1500.0
57,3,309,1397,78,55,10000.0
57,2,318,669,56,55,700.0
57,0,340,1618,62,48,550.0
57,1,285,1299,58,34,700.0
57,4,316,1432,68,52,950.0
57,1,316,1447,64,35,1000.0
57,4,296,1329,53,33,650.0
57,0,310,1438,59,45,750.0
57,2,313,646,57,58,700.0
57,1,280,1280,46,31,10000.0
57,1,353,1614,72,48,700.0
57,2,331,1525,61,49,700.0
57,0,297,575,61,56,700.0
57,1,311,599,55,59,450.0
57,-1,310,655,55,55,8000.0
57,3,308,1407,66,55,2700.0
57,0,300,585,56,54,700.0
57,2,311,1436,63,29,750.0
57,0,319,1460,77,54,1000.0
57,1,323,1507,74,53,700.0
57,-1,263,1199,31,36,10000.0
57,1,324,792,57,53,1300.0
57,-1,319,1471,68,56,850.0
57,0,327,843,59,56,9400.0
57,0,330,721,59,57,5000.0
57,0,328,829,63,52,900.0
57,1,274,1254,54,21,950.0
57,0,332,1542,62,43,700.0
57,0,282,1317,56,25,7900.0
57,1,302,1463,61,46,10000.0
57,0,305,1432,65,57,650.0
57,2,329,1504,82,51,10000.0
57,-1,299,1355,72,28,700.0
57,2,321,662,60,54,700.0
57,-3,329,1513,72,41,600.0
57,0,339,1521,64,40,650.0
57,0,331,1502,62,44,900.0
57,1,299,1333,69,23,950.0
57,2,319,1456,80,55,10000.0
57,-1,313,650,57,59,650.0
57,-1,318,1493,58,40,550.0
57,2,326,1479,68,53,7400.0
57,-3,323,1480,70,33,700.0
57,4,308,1449,76,60,1000.0
57,1,324,727,58,56,1200.0
57,3,292,1341,64,25,800.0
57,-1,322,1518,62,41,450.0
57,4,311,1461,68,51,500.0
57,4,339,1598,64,55,3600.0
57,5,317,654,61,57,650.0
57,1,338,1595,60,52,1600.0
57,0,342,1525,79,48,10000.0
57,8,305,1394,62,32,1000.0
57,1,317,1479,71,50,800.0
57,9,313,603,56,54,5000.0
57,1,298,1380,66,27,5900.0
57,0,323,1553,63,47,650.0
57,0,289,1329,63,26,650.0
57,2,333,1577,61,44,10000.0
57,0,339,1537,66,45,950.0
57,2,319,608,58,60,9700.0
57,1,315,625,59,55,700.0
57,5,312,1426,57,54,1000.0
57,-2,328,1492,60,46,700.0
57,4,299,1379,70,55,550.0
57,2,310,1459,74,28,2000.0
57,0,311,1378,73,29,700.0
57,1,300,1363,83,48,750.0
57,0,318,1510,64,40,650.0
57,3,302,589,58,60,600.0
57,1,326,1540,58,49,9900.0
57,5,343,1568,67,52,550.0
57,-2,269,1243,48,28,10000.0
57,21,328,1586,56,48,4400.0
57,2,336,1606,64,46,700.0
57,0,312,1476,63,40,2900.0
57,2,286,1308,52,31,650.0
57,2,316,1418,79,29,1500.0
57,2,301,1404,58,33,1000.0
57,2,314,1465,64,49,650.0
57,1,331,1520,69,56,600.0
57,3,317,1448,82,58,2500.0
57,2,311,629,55,58,750.0
57,1,329,1564,64,48,10000.0
57,3,315,1557,55,42,900.0
57,0,317,1490,67,38,850.0
57,1,321,844,57,54,950.0
57,2,292,1365,63,57,450.0
57,1,319,1494,66,37,900.0
57,0,307,1411,60,36,4300.0
57,5,319,595,58,59,1000.0
57,-4,276,1277,60,29,700.0
57,0,304,1460,51,40,600.0
57,-2,299,625,60,54,1100.0
57,3,295,1372,71,48,850.0
57,0,318,1491,61,40,700.0
57,1,337,1560,66,46,500.0
57,0,342,1572,62,50,600.0
57,0,303,1406,67,49,750.0
57,2,305,652,55,56,8300.0
57,1,308,1432,64,36,2400.0
57,1,327,1519,70,46,700.0
57,1,310,1391,69,21,1900.0
57,0,319,1447,62,38,700.0
57,2,287,1288,68,25,950.0
57,7,313,1474,70,43,600.0
57,2,290,1379,51,59,800.0
57,2,303,591,57,59,700.0
57,5,305,1363,73,54,750.0
57,2,316,1444,88,44,550.0
57,0,291,1319,55,33,550.0
57,1,302,1384,65,31,10000.0
57,2,302,640,55,55,10000.0
57,3,305,1423,68,45,650.0
57,-2,278,1258,56,26,700.0
57,0,301,1342,67,29,1000.0
57,0,304,1389,72,49,700.0
57,6,296,1393,70,31,1500.0
57,3,274,1308,58,29,750.0
57,4,329,1534,65,51,650.0
57,-2,316,622,58,56,900.0
57,0,325,1522,63,49,5000.0
57,2,314,1416,76,55,600.0
57,2,319,829,58,55,1000.0
57,0,315,680,58,56,550.0
57,2,319,1516,64,51,950.0
57,3,308,1467,67,48,700.0
57,0,340,1626,70,50,4900.0
57,9,345,1593,67,45,750.0
57,2,301,1394,73,34,750.0
57,-1,286,1332,59,26,750.0
57,1,320,1480,58,42,550.0
57,18,314,1458,74,50,650.0
57,2,309,1426,63,57,600.0
57,1,305,1391,71,35,700.0
57,1,300,1414,71,47,700.0
57,3,299,1364,67,31,500.0
57,0,307,1431,60,36,850.0
57,1,331,1532,66,41,900.0
57,1,319,834,60,51,900.0
57,0,326,1479,68,53,850.0
57,2,342,1525,79,48,700.0
57,0,310,1459,74,28,5100.0
57,0,330,1534,69,40,700.0
57,1,326,1504,68,39,950.0
57,0,327,843,59,56,750.0
57,0,321,1488,64,38,1000.0
57,2,321,1483,73,55,1200.0
57,0,285,1352,56,27,4500.0
57,-1,307,1411,60,36,1400.0
57,1,337,1562,73,35,700.0
57,5,259,1208,41,26,650.0
57,2,298,1393,79,53,1400.0
57,0,318,1471,77,31,4700.0
57,0,316,1433,90,55,5100.0
57,2,330,1502,63,43,700.0
57,0,343,1565,75,55,4500.0
57,1,305,1449,63,52,1000.0
57,0,341,1574,77,47,800.0
57,1,309,1397,78,55,2100.0
57,0,269,1243,48,28,850.0
56,4,295,755,56,56,850.0
56,0,326,1473,68,46,600.0
56,0,329,982,57,54,850.0
56,0,317,777,55,56,700.0
56,0,314,1532,53,55,550.0
56,-2,317,1463,72,26,700.0
56,2,295,1306,64,27,750.0
56,1,318,1502,83,53,500.0
56,0,327,1497,77,52,700.0
56,7,320,766,55,58,1300.0
56,1,312,675,56,54,7000.0
56,0,259,1260,39,25,6000.0
56,1,342,1590,65,55,750.0
56,-1,304,713,62,56,10000.0
56,2,336,1532,63,47,750.0
56,2,303,596,53,49,500.0
56,1,298,585,57,57,900.0
56,4,312,1414,75,51,800.0
56,4,309,686,61,57,700.0
56,0,299,673,57,52,1000.0
56,1,310,1428,75,55,700.0
56,2,318,862,58,54,500.0
56,1,325,1495,80,51,9700.0
56,-1,289,1383,72,28,650.0
56,-2,315,1446,61,31,900.0
56,2,313,1429,66,37,800.0
56,-1,307,607,55,57,2100.0
56,0,342,1572,74,51,9700.0
56,0,346,1587,62,49,700.0
56,0,332,1530,67,47,10000.0
56,-2,318,1460,77,35,850.0
56,3,337,1541,69,53,8900.0
56,0,281,1275,62,26,1000.0
56,3,305,1437,47,39,750.0
56,4,263,1164,59,21,10000.0
56,0,308,646,54,51,9200.0
56,15,332,1523,74,49,1000.0
56,-2,280,1273,55,25,700.0
56,-2,330,1526,72,50,500.0
56,1,293,628,59,52,10000.0
56,0,309,727,58,57,10000.0
56,0,321,1508,61,42,7400.0
56,0,346,1550,71,47,900.0
56,5,342,1560,67,47,2000.0
56,2,320,1434,69,35,850.0
56,3,314,1460,54,51,10000.0
56,3,308,1406,80,54,7500.0
56,-3,331,1531,72,34,700.0
56,2,297,1377,79,29,1400.0
56,2,315,1436,76,53,700.0
56,0,331,1483,83,52,10000.0
56,4,326,1505,89,52,700.0
56,-1,322,637,57,54,1400.0
56,0,321,1483,71,35,850.0
56,-1,333,1576,64,52,700.0
56,0,328,1475,68,38,1400.0
56,0,303,1382,72,43,900.0
56,2,271,1253,56,22,2800.0
56,1,295,1366,64,29,600.0
56,1,338,1556,60,44,700.0
56,1,298,1385,68,49,650.0
56,2,313,562,56,57,550.0
56,2,309,1400,71,46,650.0
56,1,295,1384,66,25,2900.0
56,0,314,1420,63,31,1000.0
56,-1,311,1413,67,31,1000.0
56,0,351,1633,71,53,700.0
56,0,297,1448,59,49,950.0
56,0,300,627,55,57,600.0
56,-2,278,1280,54,25,400.0
56,2,309,643,52,60,550.0
56,-4,328,1517,67,40,10000.0
56,0,343,1541,69,48,10000.0
56,2,329,1483,72,47,700.0
56,-2,306,1405,79,51,1000.0
56,1,282,1284,67,25,700.0
56,0,311,1432,72,52,9400.0
56,0,300,1350,67,25,700.0
56,1,339,1582,71,49,850.0
56,4,342,1586,66,46,8900.0
56,0,334,1585,60,41,1000.0
56,0,295,1354,62,36,1000.0
56,3,295,1398,67,54,10000.0
56,-1,299,1310,72,28,1100.0
56,0,300,588,59,57,700.0
56,1,308,728,58,52,4400.0
56,-1,302,1412,55,53,1000.0
56,0,312,1453,69,50,700.0
56,12,339,1469,92,44,900.0
56,1,300,771,56,51,850.0
56,0,280,1288,56,31,10000.0
56,1,286,1340,69,58,8600.0
56,1,300,558,58,55,7000.0
56,4,334,1551,68,46,1900.0
56,1,315,1490,65,45,700.0
56,0,315,1490,65,39,1000.0
56,3,287,1279,72,20,950.0
56,1,309,1423,78,53,700.0
56,1,300,623,51,54,850.0
56,1,304,562,57,60,850.0
56,2,307,643,61,55,800.0
56,-1,280,1275,62,24,7000.0
56,1,296,1344,75,54,6400.0
56,3,311,551,54,52,700.0
56,0,312,1450,70,40,600.0
56,1,311,1432,76,41,500.0
56,2,286,1315,60,27,2000.0
56,-1,298,1360,68,26,9800.0
56,0,314,1431,62,36,700.0
56,2,283,1356,46,31,10000.0
56,0,353,1616,74,52,950.0
56,0,321,800,57,53,950.0
56,1,308,764,59,53,700.0
56,3,314,1478,54,48,2000.0
56,0,303,1394,64,33,4000.0
56,0,293,1394,63,56,1500.0
56,0,336,1573,71,48,700.0
56,2,299,1375,81,25,550.0
56,2,291,1336,68,31,700.0
56,3,314,1482,55,41,600.0
56,-2,305,1399,74,48,6400.0
56,0,304,1430,73,50,850.0
56,-1,293,610,56,54,800.0
56,1,330,1477,76,38,3700.0
56,0,310,1488,62,39,4200.0
56,1,287,1294,70,24,10000.0
56,0,311,586,57,57,10000.0
56,-2,327,1522,73,47,1400.0
56,0,314,694,57,53,500.0
56,0,324,1525,67,46,2400.0
56,-1,267,1290,54,32,1000.0
56,-1,302,1374,69,24,500.0
56,0,296,597,56,54,10000.0
56,0,279,1243,61,25,500.0
56,2,266,1158,53,22,9200.0
56,7,282,1282,58,27,550.0
56,5,291,1382,69,42,650.0
56,0,292,1351,70,56,900.0
56,10,307,628,55,57,700.0
56,12,301,1367,67,55,950.0
56,0,301,1370,78,47,700.0
56,4,334,1540,68,49,800.0
56,0,336,1589,71,46,10000.0
56,3,340,1551,79,55,700.0
56,1,292,1358,68,52,800.0
56,1,305,1379,68,51,700.0
56,47,317,1443,72,37,700.0
56,0,331,1557,67,55,900.0
56,-1,309,1480,60,44,700.0
56,4,325,1401,84,31,700.0
56,5,300,1378,73,34,600.0
56,3,314,1374,86,53,800.0
56,0,290,1294,63,27,10000.0
56,1,270,1248,57,26,1000.0
56,2,327,1516,65,53,1000.0
56,1,317,1403,61,38,1000.0
56,3,327,1516,65,49,800.0
56,1,296,556,56,53,10000.0
56,1,336,1543,64,47,1400.0
56,0,321,1511,64,44,1000.0
56,-1,306,591,58,56,500.0
56,3,291,1342,62,29,10000.0
56,1,301,1374,70,29,1100.0
56,0,305,1368,75,55,950.0
56,0,318,1358,83,51,1800.0
56,1,315,1446,69,36,7000.0
56,3,341,1539,81,36,550.0
56,3,312,632,56,53,950.0
56,1,322,1547,64,45,700.0
56,0,297,1355,61,31,650.0
56,0,312,679,53,55,700.0
56,1,295,1379,62,54,400.0
56,0,303,1438,65,56,3400.0
56,2,304,570,58,56,3800.0
56,1,290,581,54,54,550.0
56,0,333,1490,72,45,500.0
56,-1,320,1461,68,48,800.0
56,9,300,1385,60,58,1000.0
56,2,286,1353,63,59,500.0
56,1,317,1477,55,43,850.0
56,6,306,620,60,54,3500.0
56,2,307,597,56,55,850.0
56,0,289,1345,63,51,900.0
56,0,285,1278,50,29,700.0
56,8,332,1464,88,45,1000.0
56,1,309,1408,73,29,750.0
56,1,327,1505,75,45,650.0
56,-2,280,1302,68,26,500.0
56,2,306,1443,77,46,800.0
56,1,285,1297,74,49,4700.0
56,1,312,1412,70,54,1000.0
56,7,295,1358,77,46,7900.0
56,2,301,1359,74,50,7700.0
56,0,296,1352,67,26,700.0
56,6,313,618,60,57,1100.0
56,-1,307,1393,75,31,8900.0
56,-1,323,1533,63,46,6900.0
56,3,307,1425,59,45,1400.0
56,1,308,584,57,61,700.0
56,1,268,1223,55,26,800.0
56,1,273,1291,50,23,700.0
56,0,310,1415,73,52,1000.0
56,-1,327,804,57,53,750.0
56,0,295,1346,68,27,800.0
56,15,316,1479,63,37,750.0
56,4,311,1428,74,55,800.0
56,3,321,1484,56,39,7000.0
56,4,305,1436,70,43,700.0
56,4,316,649,59,57,1300.0
56,2,303,1406,69,51,500.0
56,4,286,1322,51,54,900.0
56,1,306,596,56,56,750.0
56,-1,315,1425,57,39,700.0
56,0,273,1246,49,35,2000.0
56,2,327,1490,56,40,1500.0
56,4,321,1468,67,50,9700.0
56,10,306,1338,85,48,1000.0
56,4,302,586,58,54,1300.0
56,2,301,1420,71,47,900.0
56,1,297,1359,55,39,750.0
56,1,313,1445,65,39,700.0
56,0,280,1258,69,23,550.0
56,2,306,1415,79,49,9900.0
56,2,293,1337,59,54,10000.0
56,1,338,1613,61,53,700.0
56,0,309,1420,65,32,850.0
56,0,293,1365,65,57,700.0
56,0,282,1241,64,27,1000.0
56,1,267,1214,57,23,800.0
56,2,318,1509,67,44,450.0
56,1,319,1473,62,36,7300.0
56,-2,300,1418,72,48,600.0
56,0,324,685,58,58,700.0
56,1,287,1294,70,24,1400.0
56,-1,339,1542,75,50,800.0
56,0,324,1453,65,42,700.0
56,0,259,1260,39,25,850.0
56,1,335,1575,63,44,950.0
56,1,330,1562,56,53,700.0
56,0,335,1605,68,50,1800.0
56,1,315,1446,69,36,3400.0
56,1,306,1355,77,31,700.0
56,15,305,623,57,56,1500.0
56,0,306,1380,77,48,750.0
56,0,343,1541,69,48,900.0
56,1,298,1380,68,55,2200.0
56,0,331,1483,83,52,950.0
56,2,304,1425,67,58,1500.0
56,0,302,596,56,58,800.0
56,1,296,1362,66,56,950.0
56,0,309,727,58,57,700.0
56,0,343,1664,64,50,650.0
56,0,293,628,59,52,800.0
56,0,327,1563,72,47,1000.0
56,0,314,1460,54,51,850.0
56,1,301,1359,74,50,650.0
55,2,323,823,55,54,900.0
55,3,334,1489,83,50,1200.0
55,19,298,1391,55,55,700.0
55,2,281,1271,62,23,550.0
55,0,328,1564,63,47,500.0
55,0,286,1323,69,57,6900.0
55,1,318,1462,59,41,800.0
55,2,332,1523,67,43,650.0
55,1,299,606,59,58,850.0
55,0,304,697,57,54,750.0
55,3,293,609,57,53,650.0
55,0,330,1499,69,51,550.0
55,0,289,1322,67,54,500.0
55,0,290,1305,69,26,450.0
55,3,310,614,59,57,550.0
55,0,311,678,56,57,800.0
55,2,299,581,55,56,700.0
55,1,327,1513,67,42,500.0
55,1,315,1420,73,38,700.0
55,1,322,1485,65,51,500.0
55,0,335,1548,73,44,700.0
55,0,323,1502,70,50,1600.0
55,-2,318,1452,78,46,700.0
55,0,315,1438,72,42,750.0
55,1,301,651,55,50,550.0
55,-1,297,1366,68,26,700.0
55,-1,321,1515,75,42,900.0
55,1,317,1435,74,29,550.0
55,0,315,1471,57,42,700.0
55,1,308,1379,78,32,10000.0
55,3,342,856,58,55,600.0
55,1,333,1567,69,42,1000.0
55,2,300,708,56,57,1400.0
55,0,292,1306,77,53,1500.0
55,1,310,1423,66,37,650.0
55,2,314,1453,66,45,7900.0
55,-1,288,1318,63,54,550.0
55,1,335,1506,68,46,1000.0
55,0,317,1426,74,30,700.0
55,0,335,1525,78,34,1000.0
55,2,333,1471,83,53,700.0
55,1,340,1551,76,41,5000.0
55,-2,297,1366,72,26,900.0
55,0,305,1424,81,52,750.0
55,1,323,1510,64,44,1400.0
55,2,310,667,59,56,500.0
55,2,322,1475,72,47,2000.0
55,1,299,827,56,56,600.0
55,4,337,812,55,53,600.0
55,0,306,648,54,56,5000.0
55,1,297,604,53,54,650.0
55,2,277,1263,55,27,7000.0
55,2,303,1364,72,32,600.0
55,0,292,572,59,51,850.0
55,1,300,631,57,53,4000.0
55,0,319,1509,73,46,750.0
55,-1,298,1419,72,42,700.0
55,2,292,1393,62,44,5300.0
55,1,301,1385,54,38,1200.0
55,-2,322,1460,65,38,10000.0
55,2,313,1461,68,47,600.0
55,4,295,1315,81,53,2900.0
55,1,285,1344,51,59,600.0
55,2,308,647,59,50,900.0
55,3,340,1583,70,50,500.0
55,0,320,1503,65,46,600.0
55,0,307,639,58,52,2000.0
55,0,329,1517,74,58,800.0
55,0,286,1362,68,52,750.0
55,0,293,1329,62,28,700.0
55,0,305,1421,71,34,10000.0
55,0,279,1279,50,29,750.0
55,11,334,1543,71,51,6000.0
55,0,302,660,57,51,9500.0
55,-1,296,616,58,52,750.0
55,2,315,1479,75,45,4500.0
55,1,285,1286,64,28,600.0
55,2,301,1365,71,31,2500.0
55,3,292,1314,65,30,2800.0
55,-1,304,594,59,56,850.0
55,1,335,1520,74,46,900.0
55,1,307,623,59,54,2400.0
55,2,319,1450,68,51,750.0
55,0,340,1629,60,51,4200.0
55,1,289,1341,58,29,9900.0
55,1,270,1249,51,29,600.0
55,-1,308,1480,41,41,800.0
55,3,291,659,52,55,600.0
55,0,315,1517,53,36,1100.0
55,3,327,1582,68,47,700.0
55,1,333,1543,63,46,9900.0
55,0,302,1396,69,51,650.0
55,1,308,1389,64,37,800.0
55,1,308,1419,66,51,550.0
55,-3,297,1384,54,33,800.0
55,0,324,1541,68,38,850.0
55,2,270,1248,42,30,10000.0
55,2,312,713,56,51,950.0
55,1,291,1399,59,56,5400.0
55,3,288,1337,68,53,900.0
55,1,295,1380,70,28,550.0
55,2,333,1560,69,44,4400.0
55,1,307,1410,65,28,700.0
55,1,302,1392,77,51,1300.0
55,2,311,1438,69,31,650.0
55,0,328,1539,79,54,650.0
55,2,284,1286,68,24,650.0
55,4,324,1488,64,55,600.0
55,1,287,1337,72,56,1000.0
55,1,327,672,56,54,2300.0
55,1,311,1480,65,35,9800.0
55,1,305,1406,71,29,1700.0
55,1,310,1450,79,55,800.0
55,-1,304,616,53,55,800.0
55,1,303,592,57,54,10000.0
55,-1,296,1375,52,34,900.0
55,-2,264,1220,54,26,10000.0
55,7,263,1189,62,20,650.0
55,0,294,1379,66,53,10000.0
55,-1,332,1562,69,47,1400.0
55,1,339,1588,66,54,8900.0
55,1,303,598,56,57,10000.0
55,-1,292,643,54,53,900.0
55,1,290,1331,71,54,650.0
55,2,301,1391,73,54,600.0
55,1,299,1361,70,55,700.0
55,1,297,1442,61,48,650.0
55,-1,274,1272,58,28,1100.0
55,-1,298,602,58,52,850.0
55,-1,321,1488,69,52,9700.0
55,0,310,1474,64,53,700.0
55,3,321,753,56,52,800.0
55,0,291,1355,61,27,1100.0
55,4,296,1411,65,43,650.0
55,5,281,1271,58,25,450.0
55,1,278,1271,63,25,700.0
55,0,328,1561,67,47,700.0
55,40,284,1354,66,46,650.0
55,1,320,1438,88,53,900.0
55,22,324,1505,75,50,600.0
55,11,319,1475,77,42,900.0
55,1,299,1384,75,56,4000.0
55,1,303,607,59,56,8300.0
55,1,302,1394,68,30,10000.0
55,1,294,699,55,54,9400.0
55,0,322,1498,65,48,700.0
55,1,295,1312,61,22,700.0
55,1,321,1549,66,50,900.0
55,0,279,1270,66,23,10000.0
55,2,301,1391,57,32,1400.0
55,2,300,1366,73,49,2400.0
55,-1,320,1440,66,37,9500.0
55,1,284,1268,66,26,4000.0
55,4,317,1435,66,45,1800.0
55,-2,320,1464,71,32,950.0
55,6,281,1279,56,32,900.0
55,5,304,1402,56,32,500.0
55,1,299,1396,75,48,600.0
55,1,329,1536,62,45,1100.0
55,4,285,1269,65,28,1200.0
55,2,305,1438,74,49,700.0
55,2,239,1146,33,21,650.0
55,-1,303,624,53,51,1000.0
55,2,303,1417,64,47,850.0
55,0,310,1467,63,51,700.0
55,7,267,1274,50,31,10000.0
55,2,278,1216,55,26,650.0
55,2,278,1275,58,28,8700.0
55,-1,279,1326,64,28,900.0
55,1,302,1390,51,36,800.0
55,0,318,1449,73,39,800.0
55,4,278,1264,59,25,1400.0
55,0,291,1385,58,42,400.0
55,0,308,1458,69,48,500.0
55,0,312,1421,62,41,10000.0
55,-1,328,1513,65,52,9900.0
55,2,291,637,58,54,1800.0
55,2,288,1315,66,46,900.0
55,-2,300,1430,65,48,750.0
55,11,291,1334,51,36,900.0
55,5,319,1510,62,41,850.0
55,1,323,702,56,54,700.0
55,6,324,1515,63,54,2400.0
55,0,304,1398,67,56,8900.0
55,1,301,1382,70,25,5000.0
55,2,311,1430,64,34,10000.0
55,6,303,1373,76,53,800.0
55,5,278,1260,60,21,1000.0
55,1,297,1359,70,52,500.0
55,0,309,1392,67,37,500.0
55,0,301,1396,66,30,1000.0
55,1,310,1401,64,39,9100.0
55,1,317,1463,62,46,900.0
55,0,275,1248,64,22,950.0
55,5,310,1390,70,52,900.0
55,1,298,1396,65,39,1000.0
55,2,297,1364,61,28,800.0
55,-1,297,1369,74,38,1200.0
55,1,286,1323,69,55,900.0
55,6,316,1461,82,53,1000.0
55,7,297,1372,63,55,700.0
55,1,305,1415,70,55,10000.0
55,4,303,592,57,54,4900.0
55,0,291,1399,59,56,950.0
55,0,301,1413,68,38,700.0
55,0,313,1432,79,44,800.0
55,0,294,1379,66,53,600.0
55,0,329,1566,64,51,650.0
55,0,323,1515,62,43,5100.0
55,1,321,1488,69,52,4700.0
55,0,314,1453,66,45,2400.0
55,1,307,1438,72,57,5100.0
55,1,310,1450,68,40,750.0
55,0,301,1382,70,25,750.0
55,0,319,1506,64,41,900.0
55,0,308,1447,60,44,700.0
54,0,318,1516,58,42,1300.0
54,2,290,648,55,55,500.0
54,1,290,660,51,53,1000.0
54,0,296,616,57,54,650.0
54,0,301,1391,61,50,650.0
54,2,311,1423,67,37,900.0
54,2,337,1585,67,48,800.0
54,1,304,1397,76,44,950.0
54,1,290,1267,78,24,7400.0
54,0,312,1439,71,36,2200.0
54,0,285,1314,59,25,700.0
54,1,285,1312,61,35,6400.0
54,3,309,1434,72,49,1200.0
54,0,304,1399,87,42,1000.0
54,2,264,1207,54,25,2500.0
54,0,304,1433,59,47,800.0
54,1,300,1395,47,51,10000.0
54,0,312,1452,61,48,5000.0
54,0,297,595,56,52,4200.0
54,0,295,1313,65,46,650.0
54,0,309,1457,53,34,550.0
54,2,303,1406,68,46,5000.0
54,2,292,607,56,55,800.0
54,2,288,1340,66,29,8200.0
54,0,309,703,55,52,450.0
54,0,278,1297,50,55,2000.0
54,1,299,1355,70,47,750.0
54,0,331,1550,65,52,1000.0
54,0,282,653,55,51,950.0
54,1,301,1334,74,50,10000.0
54,9,298,607,59,53,9900.0
54,-3,299,1407,76,53,700.0
54,1,300,598,60,50,900.0
54,1,294,1379,73,54,800.0
54,0,292,638,56,53,3400.0
54,-5,297,616,55,53,5000.0
54,0,291,617,53,52,1100.0
54,-1,257,1165,51,21,1000.0
54,0,302,1359,69,37,10000.0
54,1,305,1419,74,51,700.0
54,3,287,1320,77,42,10000.0
54,0,292,1316,68,28,1000.0
54,7,299,640,54,53,700.0
54,158,290,1338,66,26,2500.0
54,1,260,1185,55,23,700.0
54,1,295,1325,67,29,750.0
54,1,280,1318,67,53,900.0
54,3,295,588,54,51,1100.0
54,4,280,1321,60,55,10000.0
54,0,284,1308,69,28,1800.0
54,0,288,1353,68,29,950.0
54,0,301,562,53,55,850.0
54,0,270,1241,60,26,1200.0
54,2,287,1383,69,51,900.0
54,2,284,1287,60,53,800.0
54,5,271,1277,51,53,650.0
54,1,291,1328,70,43,650.0
54,1,310,1469,74,48,1000.0
54,0,314,1431,72,56,1800.0
54,11,285,1391,59,51,700.0
54,-1,326,1565,51,54,600.0
54,-2,306,679,55,53,700.0
54,9,288,561,54,52,1200.0
54,0,304,668,56,56,1500.0
54,1,324,1473,68,52,10000.0
54,3,294,578,53,56,950.0
54,0,297,1405,61,34,10000.0
54,3,294,1376,55,36,1000.0
54,0,307,1413,60,43,1300.0
54,0,291,1341,82,47,550.0
54,-1,294,1356,73,28,2500.0
54,0,288,1320,62,25,1500.0
54,-4,279,1278,62,30,700.0
54,2,331,1546,67,48,500.0
54,0,302,1411,48,36,950.0
54,2,292,579,55,52,700.0
54,0,286,1349,57,53,3900.0
54,3,262,1142,51,24,900.0
54,1,303,1385,72,36,700.0
54,2,304,622,58,54,700.0
54,-2,321,1483,64,42,900.0
54,0,301,1379,63,33,1000.0
54,1,288,599,54,53,600.0
54,-1,320,1463,54,42,1200.0
54,6,293,572,55,54,1500.0
54,0,306,1419,67,54,2500.0
54,1,314,1496,63,48,950.0
54,0,315,1463,58,45,700.0
54,2,282,1254,63,26,500.0
54,3,289,1345,63,54,3900.0
54,6,288,660,58,54,650.0
54,4,301,1370,76,35,900.0
54,1,297,1338,77,45,800.0
54,-1,309,1424,70,35,700.0
54,3,310,1418,73,51,850.0
54,1,295,565,57,51,1000.0
54,1,299,1388,57,35,10000.0
54,1,290,1366,56,55,4200.0
54,4,303,1481,61,40,700.0
54,10,277,1297,60,24,5100.0
54,2,305,1461,66,39,800.0
54,1,305,1398,63,37,750.0
54,0,303,1398,73,34,10000.0
54,3,303,1390,82,46,3000.0
54,1,326,1501,66,43,700.0
54,2,318,1419,83,48,800.0
54,2,325,1519,67,47,750.0
54,-3,289,1310,58,36,6500.0
54,3,288,1341,75,53,700.0
54,-1,308,1446,66,39,650.0
54,5,292,1347,73,42,950.0
54,0,293,1353,62,53,9000.0
54,1,266,1232,54,28,1300.0
54,0,313,1496,59,36,1300.0
54,0,279,1309,56,55,750.0
54,3,319,1511,55,51,750.0
54,-1,283,1341,56,54,950.0
54,0,308,1403,69,50,650.0
54,0,280,1316,59,27,700.0
54,2,293,602,53,53,800.0
54,1,291,1361,56,33,650.0
54,1,318,967,52,59,700.0
54,1,304,1384,60,34,8000.0
54,1,309,1009,56,51,9000.0
54,6,324,1516,66,48,9100.0
54,2,291,766,53,52,1800.0
54,2,292,1344,65,54,9000.0
54,2,319,1415,77,42,750.0
54,1,292,624,55,54,700.0
54,0,322,1476,68,42,1000.0
54,0,286,599,55,57,700.0
54,2,310,698,51,54,700.0
54,0,280,1331,54,57,1500.0
54,3,308,1417,62,38,600.0
54,1,292,1396,56,38,800.0
54,0,283,1309,65,52,850.0
54,6,324,1512,60,41,750.0
54,2,280,1280,66,27,6500.0
54,2,329,1480,72,43,2300.0
54,0,287,634,55,53,10000.0
54,-2,275,1308,69,53,650.0
54,0,291,1351,72,52,10000.0
54,1,281,1293,63,25,700.0
54,2,318,1481,65,46,700.0
54,1,296,1347,70,33,300.0
54,2,303,1420,65,49,10000.0
54,3,331,1523,62,44,700.0
54,13,321,1474,66,43,500.0
54,0,299,1355,59,33,750.0
54,3,264,1205,59,25,600.0
54,0,288,1337,62,53,1000.0
54,3,287,1308,69,31,8000.0
54,3,278,1284,59,53,700.0
54,2,307,1446,62,44,10000.0
54,0,315,1441,71,36,9800.0
54,2,287,1316,68,46,2000.0
54,3,292,1338,63,54,800.0
54,4,299,1438,66,44,600.0
54,5,293,1350,64,56,1300.0
54,6,295,603,56,52,550.0
54,1,293,1349,73,48,10000.0
54,1,287,604,55,50,1000.0
54,0,277,1331,54,49,1000.0
54,0,315,1441,71,36,5100.0
54,0,309,1422,67,52,850.0
54,1,304,1395,75,30,1000.0
54,1,289,1345,63,54,700.0
54,0,272,1275,47,30,950.0
54,4,290,1366,56,55,800.0
54,0,292,1323,66,26,10000.0
54,-1,280,1321,60,55,850.0
54,1,310,1483,72,50,700.0
54,0,285,632,54,54,800.0
54,6,277,1297,60,24,950.0
54,0,303,1406,68,46,650.0
54,0,319,1500,69,37,2000.0
54,0,298,819,52,56,5100.0
54,-1,334,1496,84,50,800.0
54,0,300,1395,47,51,4800.0
53,-2,288,704,54,53,2000.0
53,0,296,741,56,52,600.0
53,0,279,1293,61,25,10000.0
53,-2,299,1360,72,24,650.0
53,-1,314,1455,70,47,9400.0
53,4,299,624,48,55,5000.0
53,0,309,1397,72,31,650.0
53,2,313,1408,71,39,850.0
53,2,333,1546,70,46,700.0
53,1,320,1478,67,45,950.0
53,0,294,1417,61,44,10000.0
53,1,296,1351,73,51,8900.0
53,1,295,1339,72,25,1400.0
53,1,306,1411,60,37,2500.0
53,1,307,1419,63,41,850.0
53,-1,280,1298,75,44,450.0
53,1,298,1372,66,32,800.0
53,3,295,1389,69,51,2500.0
53,0,288,1362,64,54,2800.0
53,0,299,1401,57,37,750.0
53,-1,293,604,54,52,450.0
53,-2,298,1427,55,42,500.0
53,2,307,1436,56,39,600.0
53,0,300,1379,72,52,800.0
53,1,293,1332,78,26,550.0
53,2,305,1401,60,35,4600.0
53,0,300,1358,78,37,9000.0
53,-3,290,1336,69,49,700.0
53,1,306,1365,74,51,10000.0
53,2,294,1357,67,52,800.0
53,0,321,1460,67,54,10000.0
53,1,288,618,57,53,550.0
53,4,292,536,50,53,500.0
53,1,322,1532,52,41,800.0
53,2,292,1350,65,27,700.0
53,0,312,1462,58,43,600.0
53,7,323,1483,71,50,600.0
53,11,288,1339,79,48,800.0
53,1,291,1400,63,38,700.0
53,0,279,617,56,52,600.0
53,0,319,1488,58,47,2200.0
53,-4,292,616,52,54,700.0
53,0,293,610,48,54,1300.0
53,0,291,615,54,53,650.0
53,0,317,1483,63,45,1200.0
53,2,299,1424,66,46,900.0
53,1,294,1355,67,30,9800.0
53,2,303,1366,70,52,750.0
53,2,297,1351,74,52,10000.0
53,1,314,1464,72,45,750.0
53,1,304,1343,76,27,1000.0
53,3,280,1304,61,29,10000.0
53,1,308,1421,71,42,950.0
53,-3,319,1509,64,47,850.0
53,2,273,1259,61,25,3900.0
53,0,299,675,52,53,1400.0
53,1,317,1489,68,42,850.0
53,1,284,1280,58,31,900.0
53,2,297,613,53,54,5400.0
53,2,295,1352,78,51,10000.0
53,2,278,1284,59,25,700.0
53,1,305,1455,59,45,9900.0
53,1,306,677,56,53,550.0
53,3,280,1264,49,54,700.0
53,3,289,1319,72,50,10000.0
53,1,293,1346,71,49,5000.0
53,4,266,1211,57,25,10000.0
53,1,275,1260,68,45,9900.0
53,3,303,1423,59,45,650.0
53,2,286,1318,63,24,800.0
53,-2,263,1213,60,26,800.0
53,0,308,1444,74,41,700.0
53,1,291,678,54,50,650.0
53,0,291,1325,65,27,9600.0
53,5,275,1262,67,52,9900.0
53,0,272,1271,62,46,600.0
53,2,304,1411,64,36,2500.0
53,2,316,1512,69,44,700.0
53,1,285,1340,64,56,650.0
53,2,287,1254,70,42,750.0
53,1,284,1257,73,50,950.0
53,0,317,1495,63,41,10000.0
53,0,306,1420,79,57,4000.0
53,1,271,1254,59,26,1800.0
53,1,285,1347,63,54,950.0
53,-3,288,1344,63,34,850.0
53,-1,278,1314,63,26,750.0
53,1,293,600,53,53,500.0
53,0,287,1291,69,29,5100.0
53,0,268,1305,66,56,950.0
53,0,304,635,58,55,1200.0
53,0,296,1400,53,42,700.0
53,3,311,1442,53,38,850.0
53,2,257,1183,56,23,10000.0
53,0,264,1216,61,28,700.0
53,4,250,1136,53,24,1000.0
53,0,308,1473,59,43,700.0
53,2,323,1503,68,46,850.0
53,-1,278,1299,66,38,1000.0
53,0,294,624,54,57,750.0
53,0,286,1405,55,38,5700.0
53,0,280,1309,60,29,1500.0
53,1,294,1343,67,51,950.0
53,-1,299,620,57,54,700.0
53,1,318,1538,68,46,1500.0
53,0,298,660,55,52,850.0
53,11,273,1363,55,56,700.0
53,3,286,581,51,49,950.0
53,4,296,1410,67,41,700.0
53,3,286,698,57,51,750.0
53,5,305,1427,63,42,750.0
53,0,308,1429,69,39,2500.0
53,2,295,607,55,51,850.0
53,2,266,1283,55,55,600.0
53,1,278,1276,61,26,4500.0
53,-1,284,1309,69,26,700.0
53,0,303,1422,56,42,550.0
53,-1,283,1340,62,30,8800.0
53,0,297,1437,62,43,1000.0
53,-1,284,636,49,54,2200.0
53,1,291,1344,63,29,500.0
53,-3,310,1455,66,40,500.0
53,2,300,1355,82,41,850.0
53,1,302,1411,75,52,1200.0
53,1,317,1499,64,47,950.0
53,0,289,726,54,55,1000.0
53,0,291,1289,61,28,1100.0
53,0,294,1359,67,41,700.0
53,2,279,1293,61,25,800.0
52,0,292,624,53,53,500.0
52,2,289,1324,73,25,2000.0
52,0,285,618,51,50,450.0
52,0,291,1340,70,36,700.0
52,1,280,1283,60,27,550.0
52,0,296,683,51,51,850.0
52,1,286,1350,57,32,1000.0
52,1,320,1503,70,40,700.0
52,0,294,659,53,56,10000.0
52,0,329,1527,70,48,750.0
52,2,289,1362,60,38,700.0
52,1,308,1448,65,42,700.0
52,0,288,1297,64,28,500.0
52,0,292,655,58,48,1000.0
52,1,286,1309,80,48,10000.0
52,0,282,1315,74,26,700.0
52,0,272,1221,65,24,700.0
52,-1,279,1300,61,26,4200.0
52,0,277,1320,60,28,1000.0
52,2,281,1291,62,27,1000.0
52,2,300,1445,57,48,750.0
52,0,289,1383,58,35,850.0
52,0,261,1181,58,26,550.0
52,1,289,597,55,56,1100.0
52,1,317,1456,66,41,850.0
52,1,302,817,52,50,500.0
52,1,314,1458,74,35,700.0
52,0,258,1180,61,24,650.0
52,4,277,1324,73,51,700.0
52,-1,287,1353,66,31,700.0
52,0,281,607,53,50,750.0
52,1,299,1377,75,34,450.0
52,1,279,1270,65,24,5000.0
52,0,324,1503,62,40,1000.0
52,0,301,1451,62,40,850.0
52,3,250,1140,58,22,10000.0
52,0,292,1344,62,32,1100.0
52,3,287,1312,68,30,500.0
52,0,289,1328,66,31,800.0
52,3,290,1364,67,43,10000.0
52,-1,264,1182,58,26,700.0
52,-1,306,1415,62,38,650.0
52,1,263,1198,55,27,10000.0
52,2,299,1419,57,42,10000.0
52,-1,298,1406,62,48,600.0
52,1,315,1481,73,44,2800.0
52,2,294,649,52,55,600.0
52,1,293,614,47,50,10000.0
52,0,315,1474,57,40,650.0
52,3,304,1440,59,40,700.0
52,2,323,1482,78,42,550.0
52,1,296,644,50,53,5000.0
52,-4,291,1441,59,50,400.0
52,1,280,1318,74,51,700.0
52,0,314,1463,68,45,2800.0
52,1,289,589,48,60,3400.0
52,0,297,632,55,51,1200.0
52,1,306,1443,64,41,700.0
52,1,308,1427,64,39,10000.0
52,5,319,1432,69,44,8000.0
52,4,322,1509,73,46,850.0
52,0,303,1411,71,42,650.0
52,1,299,664,52,51,850.0
52,2,298,1341,73,33,900.0
52,1,280,1270,65,25,600.0
52,0,297,1408,64,43,3700.0
52,0,281,634,49,52,700.0
52,-1,288,1292,71,26,1000.0
52,1,276,1284,70,51,5000.0
52,1,288,597,50,57,2200.0
52,5,300,1415,62,40,1100.0
52,2,291,1362,67,33,6500.0
52,0,291,1413,64,46,9900.0
52,2,289,621,53,54,650.0
52,3,269,1230,60,51,650.0
52,1,283,1341,67,43,2900.0
52,0,294,1380,54,37,3900.0
52,0,266,1259,60,26,700.0
52,-4,307,1461,64,39,800.0
52,0,287,1339,63,51,650.0
52,-2,304,1412,58,41,5000.0
52,-4,267,1210,54,26,700.0
52,2,293,1364,67,41,650.0
52,1,284,1351,59,31,800.0
52,0,288,613,56,47,550.0
52,1,303,1369,65,40,600.0
52,171,265,1321,52,54,750.0
52,280,297,1372,62,35,1500.0
52,2,303,1452,64,42,4800.0
52,-1,323,1454,71,43,950.0
52,3,291,554,55,49,650.0
52,0,262,1283,54,56,850.0
52,6,304,685,54,52,700.0
52,-1,296,1425,63,40,600.0
52,2,263,1170,63,25,650.0
52,1,287,578,56,45,700.0
52,-2,294,1364,61,36,950.0
52,7,289,1334,76,51,550.0
52,1,295,1378,61,36,4100.0
52,-2,330,1504,68,46,700.0
52,0,263,1211,57,25,2300.0
52,3,287,625,50,51,650.0
52,5,301,1401,59,36,650.0
52,2,275,1214,67,49,800.0
52,0,291,1329,55,33,1000.0
52,0,272,1285,61,27,900.0
52,2,287,622,59,54,2000.0
52,-2,289,589,48,60,4900.0
51,9,280,1264,64,28,10000.0
51,2,288,1394,58,35,3600.0
51,1,291,1396,43,40,600.0
51,3,317,1488,68,46,6000.0
51,0,242,1134,51,24,750.0
51,0,280,634,49,50,600.0
51,1,289,1388,62,42,800.0
51,1,255,1167,54,24,550.0
51,0,267,1218,61,23,900.0
51,-1,309,1402,65,37,10000.0
51,0,275,614,50,57,1000.0
51,0,272,1276,56,51,1100.0
51,1,277,1275,74,28,5000.0
51,0,287,583,58,50,1100.0
51,0,257,1176,56,26,1200.0
51,2,284,578,50,52,2000.0
51,1,277,582,56,46,8900.0
51,2,302,1425,71,50,1000.0
51,8,280,604,55,51,650.0
51,2,308,1457,66,43,1400.0
51,2,250,1167,39,25,650.0
51,5,279,579,51,56,2200.0
51,3,317,1453,66,39,1400.0
51,-2,315,1461,74,42,2200.0
51,1,279,1277,72,46,10000.0
51,0,271,1297,63,52,10000.0
51,-2,293,1343,78,48,7500.0
51,0,292,1399,53,41,7000.0
51,2,278,603,50,52,500.0
51,3,257,1202,60,26,9900.0
51,0,297,1401,61,38,4000.0
51,2,302,1416,60,38,4800.0
51,2,275,1295,72,28,700.0
51,1,281,634,50,52,5000.0
51,2,315,1456,64,40,200.0
51,1,275,1236,70,25,800.0
51,-2,299,1371,66,39,950.0
51,4,281,624,54,47,9800.0
51,1,284,641,57,48,550.0
51,2,303,1421,68,40,550.0
51,3,284,1335,67,41,700.0
51,1,316,1451,66,41,800.0
51,1,283,1276,63,26,700.0
51,2,296,1378,58,40,550.0
51,1,298,1392,61,36,1300.0
51,0,285,1269,66,34,9800.0
51,1,258,1195,59,27,10000.0
51,-1,285,1342,52,34,750.0
51,0,259,1212,43,33,900.0
51,1,279,639,52,56,650.0
51,2,280,1317,64,50,800.0
51,1,289,1356,61,37,6000.0
51,0,292,1336,61,34,700.0
51,1,271,1259,62,29,1000.0
51,0,277,1326,62,40,800.0
51,0,260,1230,49,55,700.0
51,3,270,1246,69,26,550.0
51,-1,259,1182,55,22,2800.0
51,1,270,547,56,50,700.0
51,1,284,1335,66,44,950.0
51,1,283,576,53,52,500.0
51,0,301,1418,66,43,1000.0
51,4,295,1359,71,50,900.0
51,2,285,601,53,50,800.0
51,0,282,1290,67,37,950.0
51,2,308,1401,61,40,10000.0
51,2,258,1210,60,28,10000.0
51,0,264,1279,51,50,10000.0
51,0,297,1384,55,39,850.0
51,0,292,1377,61,42,800.0
51,1,292,1395,67,40,5000.0
51,4,302,651,54,49,700.0
51,0,305,1406,60,38,650.0
51,-1,293,597,52,48,700.0
51,-1,278,1289,68,51,1400.0
51,0,282,629,51,50,700.0
51,1,285,1309,67,27,5000.0
51,0,274,1280,61,27,750.0
51,-1,296,1334,71,42,2400.0
51,0,264,1279,51,50,650.0
51,0,280,1264,64,28,650.0
50,3,269,570,42,53,2900.0
50,0,274,597,49,53,10000.0
50,-1,278,591,51,47,9900.0
50,-1,294,1313,80,40,3000.0
50,3,280,1290,66,49,1100.0
50,1,271,640,48,45,950.0
50,0,286,666,48,53,650.0
50,-1,266,568,51,48,850.0
50,1,255,1193,55,22,10000.0
50,2,286,1385,59,43,600.0
50,0,281,1271,69,48,10000.0
50,1,293,1389,59,40,1500.0
50,1,276,576,51,53,4900.0
50,1,271,1250,65,49,1000.0
50,2,302,1414,74,43,500.0
50,-2,274,1256,65,51,650.0
50,3,305,1454,66,42,950.0
50,-2,270,1266,66,25,1400.0
50,2,294,1336,65,34,10000.0
50,0,276,1273,72,24,3900.0
50,-2,276,591,51,48,900.0
50,2,282,1291,70,45,900.0
50,5,263,1263,65,49,9900.0
50,2,285,1314,73,49,500.0
50,0,287,659,49,55,700.0
50,0,277,1331,47,42,7900.0
50,0,263,1197,63,26,10000.0
50,7,276,1306,65,50,1800.0
50,3,269,1258,76,49,700.0
50,3,283,638,54,51,700.0
50,10,249,1166,52,26,1800.0
50,1,298,1404,60,38,5000.0
50,0,248,1169,52,48,700.0
50,0,301,1425,67,39,500.0
50,0,328,1504,77,48,950.0
50,0,298,1326,72,52,750.0
50,-1,274,643,55,52,600.0
50,2,258,1181,59,24,9900.0
50,1,249,1181,57,22,1000.0
50,0,286,625,54,49,700.0
50,3,286,1279,69,49,650.0
50,2,301,1403,64,43,5300.0
50,1,288,1370,61,40,700.0
50,0,300,1434,61,43,700.0
50,1,279,601,50,50,950.0
50,1,282,1288,62,34,700.0
50,2,288,1293,61,41,700.0
50,0,287,1314,60,34,750.0
50,4,301,1402,62,45,4900.0
50,1,263,1204,56,27,200.0
50,1,273,581,51,48,2000.0
50,0,251,1177,59,21,650.0
50,0,253,1169,57,23,1000.0
50,14,293,1338,55,33,700.0
50,1,263,1215,60,50,3900.0
50,1,278,571,51,50,700.0
50,0,287,1334,58,34,10000.0
50,-2,279,633,48,52,3000.0
50,1,265,1244,61,27,800.0
50,2,283,1341,61,43,700.0
50,1,303,1424,65,41,650.0
50,1,263,1258,52,49,700.0
50,-1,263,1253,56,50,600.0
50,0,300,1421,67,37,700.0
50,0,301,1405,72,42,1000.0
50,4,297,1370,72,41,800.0
50,6,304,1436,74,42,10000.0
50,0,269,1270,67,48,1800.0
50,1,312,1442,65,39,750.0
50,3,288,1346,58,35,6800.0
50,0,267,1231,71,49,800.0
50,1,264,600,54,50,700.0
50,5,288,1346,58,35,950.0
50,0,276,1273,72,24,5100.0
49,1,296,1373,63,37,550.0
49,2,291,1381,69,45,700.0
49,0,230,1095,48,22,3900.0
49,4,265,596,50,48,700.0
49,10,249,1180,50,49,1000.0
49,1,299,1373,66,43,900.0
49,1,269,585,51,50,6400.0
49,0,282,1312,65,42,600.0
49,0,284,1344,55,38,500.0
49,1,248,1152,61,24,950.0
49,1,257,1245,56,28,800.0
49,1,267,1240,63,25,650.0
49,0,266,1252,66,43,200.0
49,1,272,1237,60,50,10000.0
49,0,290,1332,68,45,1400.0
49,2,276,1231,64,27,700.0
49,-1,272,1319,53,38,10000.0
49,1,263,1215,59,29,1100.0
49,1,251,1136,55,26,1500.0
49,1,297,1389,65,35,900.0
49,1,260,1243,62,38,1000.0
49,2,260,1201,60,29,8400.0
49,8,254,1167,57,22,700.0
49,1,298,1404,71,43,5100.0
49,1,312,1419,69,53,1000.0
48,-1,282,1359,54,36,2500.0
48,-6,278,1326,59,34,1500.0
48,0,274,1325,51,43,10000.0
48,2,299,1367,76,45,9000.0
48,2,269,624,46,49,6400.0
48,5,260,1151,53,45,1400.0
48,1,290,1346,75,46,9000.0
48,2,258,636,45,47,9400.0
48,0,255,1173,65,46,1500.0
48,2,278,1287,50,36,6500.0
48,0,292,1364,56,36,1800.0
48,-1,281,1356,58,35,10000.0
48,2,288,1380,64,39,7700.0
48,1,245,1196,56,49,3800.0
48,5,239,1120,58,22,1000.0
48,2,239,1128,50,26,3500.0
48,1,268,540,48,49,2000.0
48,-2,256,1232,58,50,8000.0
48,1,293,1398,64,44,9900.0
48,9,269,1239,64,48,10000.0
48,5,284,1354,63,36,10000.0
47,2,285,1351,58,43,900.0
46,58,266,1297,62,42,6700.0
46,16,270,1285,50,37,8900.0
46,6,295,1377,66,39,1000.0
46,-5,277,1316,54,37,10000.0
46,41,286,1323,65,36,10000.0
